Date,Gold,Silver,Platinum,Copper,Crude_Oil,S&P500,Dow_Jones,Dollar_Index,EUR_USD,Bond_10Y,Bond_5Y
2010-01-04,1117.699951171875,17.440000534057617,1517.300048828125,3.388000011444092,81.51000213623047,1132.989990234375,10583.9599609375,77.52999877929688,1.4423978328704834,3.8410000801086426,2.6519999504089355
2010-01-05,1118.0999755859375,17.7810001373291,1530.800048828125,3.3959999084472656,81.7699966430664,1136.52001953125,10572.01953125,77.62000274658203,1.4365959167480469,3.755000114440918,2.558000087738037
2010-01-06,1135.9000244140625,18.163000106811523,1552.199951171875,3.4774999618530273,83.18000030517578,1137.1400146484375,10573.6796875,77.48999786376953,1.4404033422470093,3.808000087738037,2.572999954223633
2010-01-07,1133.0999755859375,18.33300018310547,1553.0,3.4114999771118164,82.66000366210938,1141.68994140625,10606.8603515625,77.91000366210938,1.4318032264709473,3.822000026702881,2.5999999046325684
2010-01-08,1138.199951171875,18.45800018310547,1564.5999755859375,3.388000011444092,82.75,1144.97998046875,10618.1904296875,77.47000122070312,1.44110906124115,3.808000087738037,2.565999984741211
2010-01-11,1150.699951171875,18.683000564575195,1588.300048828125,3.428499937057495,82.5199966430664,1146.97998046875,10663.990234375,77.0,1.4511260986328125,3.818000078201294,2.555999994277954
2010-01-12,1128.9000244140625,18.243000030517578,1573.9000244140625,3.3375000953674316,80.79000091552734,1136.219970703125,10627.259765625,76.94999694824219,1.447659969329834,3.7190001010894775,2.4820001125335693
2010-01-13,1136.4000244140625,18.538000106811523,1570.199951171875,3.387500047683716,79.6500015258789,1145.6800537109375,10680.76953125,76.8499984741211,1.4523905515670776,3.7829999923706055,2.5320000648498535
2010-01-14,1142.5999755859375,18.64299964904785,1600.0999755859375,3.375999927520752,79.38999938964844,1148.4599609375,10710.5498046875,76.7300033569336,1.4499897956848145,3.7339999675750732,2.484999895095825
2010-01-15,1130.0999755859375,18.410999298095703,1591.4000244140625,3.3550000190734863,78.0,1136.030029296875,10609.650390625,77.31999969482422,1.4390974044799805,3.6760001182556152,2.4189999103546143
2010-01-19,1139.699951171875,18.784000396728516,1635.0999755859375,3.437000036239624,79.0199966430664,1150.22998046875,10725.4296875,77.5,1.4281021356582642,3.7070000171661377,2.4560000896453857
2010-01-20,1112.300048828125,17.865999221801758,1611.0999755859375,3.3459999561309814,77.62000274658203,1138.0400390625,10603.150390625,78.33999633789062,1.4110342264175415,3.6589999198913574,2.4210000038146973
2010-01-21,1102.699951171875,17.496000289916992,1587.0999755859375,3.2850000858306885,76.08000183105469,1116.47998046875,10389.8798828125,78.31999969482422,1.4097015857696533,3.6110000610351562,2.361999988555908
2010-01-22,1089.199951171875,16.917999267578125,1536.4000244140625,3.3385000228881836,74.54000091552734,1091.760009765625,10172.98046875,78.27999877929688,1.414107084274292,3.5980000495910645,2.3399999141693115
2010-01-25,1095.199951171875,17.131000518798828,1540.5,3.384000062942505,75.26000213623047,1096.780029296875,10196.8603515625,78.19000244140625,1.4150075912475586,3.630000114440918,2.3610000610351562
2010-01-26,1097.9000244140625,16.84600067138672,1522.199951171875,3.3289999961853027,74.70999908447266,1092.1700439453125,10194.2900390625,78.43000030517578,1.4082324504852295,3.630000114440918,2.3529999256134033
2010-01-27,1084.4000244140625,16.42799949645996,1486.0999755859375,3.2144999504089355,73.66999816894531,1097.5,10236.16015625,78.68000030517578,1.4030951261520386,3.6440000534057617,2.382999897003174
2010-01-28,1083.5999755859375,16.20199966430664,1489.199951171875,3.0899999141693115,73.63999938964844,1084.530029296875,10120.4599609375,78.9000015258789,1.3968042135238647,3.6579999923706055,2.4089999198913574
2010-01-29,1083.0,16.183000564575195,1501.300048828125,3.0460000038146973,72.88999938964844,1073.8699951171875,10067.330078125,79.45999908447266,1.3866932392120361,3.6089999675750732,2.3480000495910645
2010-02-01,1104.300048828125,16.652999877929688,1534.5999755859375,3.0785000324249268,74.43000030517578,1089.18994140625,10185.5302734375,79.23999786376953,1.3926994800567627,3.6540000438690186,2.375
2010-02-02,1117.4000244140625,16.736000061035156,1574.5,3.0850000381469727,77.2300033569336,1103.3199462890625,10296.849609375,79.01000213623047,1.3976240158081055,3.634999990463257,2.3570001125335693
2010-02-03,1111.4000244140625,16.309999465942383,1571.9000244140625,2.9679999351501465,76.9800033569336,1097.280029296875,10270.5498046875,79.37000274658203,1.3901052474975586,3.703000068664551,2.4019999504089355
2010-02-04,1062.4000244140625,15.343000411987305,1511.5,2.875499963760376,73.13999938964844,1063.1099853515625,10002.1796875,79.91999816894531,1.3744947910308838,3.609999895095825,2.305000066757202
2010-02-05,1052.199951171875,14.822999954223633,1471.300048828125,2.8540000915527344,71.19000244140625,1066.18994140625,10012.23046875,80.44000244140625,1.368007779121399,3.5460000038146973,2.2149999141693115
2010-02-08,1065.699951171875,15.07800006866455,1477.199951171875,2.9094998836517334,71.88999938964844,1056.739990234375,9908.3896484375,80.30000305175781,1.3654673099517822,3.5920000076293945,2.263000011444092
2010-02-09,1076.699951171875,15.430999755859375,1498.5999755859375,2.9835000038146973,73.75,1070.52001953125,10058.6396484375,79.86000061035156,1.378207802772522,3.632999897003174,2.306999921798706
2010-02-10,1075.800048828125,15.302000045776367,1509.0999755859375,2.9860000610351562,74.5199966430664,1068.1300048828125,10038.3798828125,80.02999877929688,1.3753266334533691,3.694000005722046,2.36899995803833
2010-02-11,1094.199951171875,15.592000007629395,1515.5,3.129499912261963,75.27999877929688,1078.469970703125,10144.1904296875,79.98999786376953,1.3681762218475342,3.7330000400543213,2.374000072479248
2010-02-12,1089.5,15.449000358581543,1507.300048828125,3.0789999961853027,74.12999725341797,1075.510009765625,10099.1396484375,80.31999969482422,1.363493800163269,3.693000078201294,2.3340001106262207
2010-02-16,1119.300048828125,16.149999618530273,1533.9000244140625,3.2184998989105225,77.01000213623047,1094.8699951171875,10268.8095703125,79.69999694824219,1.3767088651657104,3.6640000343322754,2.299999952316284
2010-02-17,1119.5,16.097999572753906,1533.300048828125,3.2385001182556152,77.33000183105469,1099.510009765625,10309.240234375,80.37999725341797,1.3606922626495361,3.742000102996826,2.388000011444092
2010-02-18,1118.0,16.059999465942383,1515.800048828125,3.2850000858306885,79.05999755859375,1106.75,10392.900390625,80.4000015258789,1.3461486101150513,3.802999973297119,2.444000005722046
2010-02-19,1121.300048828125,16.413000106811523,1539.800048828125,3.3570001125335693,79.80999755859375,1109.1700439453125,10402.349609375,80.63999938964844,1.3615074157714844,3.7820000648498535,2.4630000591278076
2010-02-22,1112.5999755859375,16.222000122070312,1528.0999755859375,3.30649995803833,80.16000366210938,1108.010009765625,10383.3798828125,80.51000213623047,1.3605626821517944,3.7990000247955322,2.447999954223633
2010-02-23,1102.699951171875,15.887999534606934,1506.300048828125,3.2139999866485596,78.86000061035156,1094.5999755859375,10282.41015625,80.8499984741211,1.3527040481567383,3.690999984741211,2.3529999256134033
2010-02-24,1096.5,15.9399995803833,1503.5,3.2355000972747803,80.0,1105.239990234375,10374.16015625,80.8499984741211,1.354316234588623,3.694999933242798,2.359999895095825
2010-02-25,1107.800048828125,16.110000610351562,1529.300048828125,3.192500114440918,78.16999816894531,1102.93994140625,10321.0302734375,80.79000091552734,1.3536012172698975,3.6419999599456787,2.3380000591278076
2010-02-26,1118.300048828125,16.5,1538.0,3.2685000896453857,79.66000366210938,1104.489990234375,10325.259765625,80.36000061035156,1.3631035089492798,3.5950000286102295,2.2839999198913574
2010-03-01,1117.800048828125,16.448999404907227,1542.0999755859375,3.3329999446868896,78.69999694824219,1115.7099609375,10403.7900390625,80.66000366210938,1.356208086013794,3.6059999465942383,2.2829999923706055
2010-03-02,1136.9000244140625,17.04400062561035,1574.0999755859375,3.3954999446868896,79.68000030517578,1118.31005859375,10405.98046875,80.5199966430664,1.3620638847351074,3.614000082015991,2.2730000019073486
2010-03-03,1142.699951171875,17.30900001525879,1581.5999755859375,3.4189999103546143,80.87000274658203,1118.7900390625,10396.759765625,79.9800033569336,1.3701633214950562,3.625,2.2699999809265137
2010-03-04,1132.5999755859375,17.1560001373291,1581.699951171875,3.3605000972747803,80.20999908447266,1122.969970703125,10444.1396484375,80.55999755859375,1.3584003448486328,3.6059999465942383,2.2750000953674316
2010-03-05,1134.800048828125,17.36199951171875,1577.199951171875,3.4024999141693115,81.5,1138.699951171875,10566.2001953125,80.43000030517578,1.3628991842269897,3.681999921798706,2.3429999351501465
2010-03-08,1123.5999755859375,17.25200080871582,1598.199951171875,3.3965001106262207,81.87000274658203,1138.5,10552.51953125,80.43000030517578,1.3616927862167358,3.7079999446868896,2.3550000190734863
2010-03-09,1122.0,17.31800079345703,1595.0,3.3980000019073486,81.48999786376953,1140.449951171875,10564.3798828125,80.58999633789062,1.3606922626495361,3.7009999752044678,2.3380000591278076
2010-03-10,1107.800048828125,16.993999481201172,1588.300048828125,3.3550000190734863,82.08999633789062,1145.6099853515625,10567.330078125,80.44999694824219,1.3643310070037842,3.7200000286102295,2.378000020980835
2010-03-11,1108.0,17.13599967956543,1610.800048828125,3.365999937057495,82.11000061035156,1150.239990234375,10611.83984375,80.31999969482422,1.3685319423675537,3.7200000286102295,2.4100000858306885
2010-03-12,1101.5,17.02400016784668,1606.5,3.369499921798706,81.23999786376953,1149.989990234375,10624.6904296875,79.83000183105469,1.376993179321289,3.7100000381469727,2.4170000553131104
2010-03-15,1105.0999755859375,17.08300018310547,1613.9000244140625,3.306999921798706,79.80000305175781,1150.510009765625,10642.150390625,80.25,1.3677457571029663,3.7039999961853027,2.4049999713897705
2010-03-16,1122.199951171875,17.33300018310547,1628.800048828125,3.3570001125335693,81.69999694824219,1159.4599609375,10685.98046875,79.75,1.3768794536590576,3.6530001163482666,2.3480000495910645
2010-03-17,1124.0,17.50200080871582,1633.699951171875,3.4100000858306885,82.93000030517578,1166.2099609375,10733.669921875,79.63999938964844,1.3738338947296143,3.6419999599456787,2.365999937057495
2010-03-18,1127.4000244140625,17.406999588012695,1629.5,3.387500047683716,82.19999694824219,1165.8299560546875,10779.169921875,80.22000122070312,1.361396312713623,3.671999931335449,2.4140000343322754
2010-03-19,1107.4000244140625,17.017000198364258,1607.0999755859375,3.364500045776367,80.68000030517578,1159.9000244140625,10741.98046875,80.72000122070312,1.353692889213562,3.687000036239624,2.4509999752044678
2010-03-22,1099.300048828125,16.920000076293945,1599.800048828125,3.372499942779541,81.25,1165.81005859375,10785.8896484375,80.6500015258789,1.356704831123352,3.6630001068115234,2.4140000343322754
2010-03-23,1103.5,17.011999130249023,1607.800048828125,3.369499921798706,81.91000366210938,1174.1700439453125,10888.830078125,80.9000015258789,1.3468012809753418,3.680000066757202,2.4119999408721924
2010-03-24,1088.5999755859375,16.625999450683594,1587.4000244140625,3.3364999294281006,80.61000061035156,1167.719970703125,10836.150390625,81.83999633789062,1.3331022262573242,3.8289999961853027,2.569999933242798
2010-03-25,1092.699951171875,16.726999282836914,1605.9000244140625,3.371000051498413,80.52999877929688,1165.72998046875,10841.2099609375,82.12000274658203,1.3307074308395386,3.9010000228881836,2.6610000133514404
2010-03-26,1104.199951171875,16.893999099731445,1595.5,3.3929998874664307,80.0,1166.5899658203125,10850.3603515625,81.68000030517578,1.3410038948059082,3.8550000190734863,2.6040000915527344
2010-03-29,1110.300048828125,17.37299919128418,1627.4000244140625,3.5295000076293945,82.16999816894531,1173.219970703125,10895.8603515625,81.36000061035156,1.3481086492538452,3.864000082015991,2.5989999771118164
2010-03-30,1104.5,17.31599998474121,1618.0999755859375,3.555000066757202,82.37000274658203,1173.27001953125,10907.419921875,81.47000122070312,1.3424079418182373,3.868000030517578,2.6040000915527344
2010-03-31,1113.300048828125,17.511999130249023,1639.800048828125,3.5460000038146973,83.76000213623047,1169.4300537109375,10856.6298828125,81.06999969482422,1.3508037328720093,3.8329999446868896,2.559999942779541
2010-04-01,1125.0999755859375,17.875999450683594,1669.800048828125,3.5769999027252197,84.87000274658203,1178.0999755859375,10927.0703125,80.77999877929688,1.3584003448486328,3.8589999675750732,2.5810000896453857
2010-04-05,1132.9000244140625,18.104000091552734,1703.800048828125,3.625999927520752,86.62000274658203,1187.43994140625,10973.5498046875,81.08999633789062,1.34890878200531,3.99399995803833,2.740999937057495
2010-04-06,1135.0999755859375,17.91699981689453,1698.5,3.609499931335449,86.83999633789062,1189.43994140625,10969.990234375,81.38999938964844,1.3401951789855957,3.9679999351501465,2.7130000591278076
2010-04-07,1152.300048828125,18.184999465942383,1717.199951171875,3.5920000076293945,85.87999725341797,1182.449951171875,10897.51953125,81.44000244140625,1.3348461389541626,3.86299991607666,2.6110000610351562
2010-04-08,1152.199951171875,18.115999221801758,1711.0999755859375,3.5810000896453857,85.38999938964844,1186.43994140625,10927.0703125,81.52999877929688,1.336112380027771,3.8959999084472656,2.635999917984009
2010-04-09,1161.0999755859375,18.34000015258789,1722.199951171875,3.5845000743865967,84.91999816894531,1194.3699951171875,10997.349609375,81.08999633789062,1.3500925302505493,3.888000011444092,2.638000011444092
2010-04-12,1161.5999755859375,18.402999877929688,1735.300048828125,3.559499979019165,84.33999633789062,1196.47998046875,11005.9697265625,80.55999755859375,1.3596007823944092,3.8459999561309814,2.5929999351501465
2010-04-13,1152.800048828125,18.238000869750977,1711.800048828125,3.5954999923706055,84.05000305175781,1197.300048828125,11019.419921875,80.51000213623047,1.3608589172363281,3.811000108718872,2.563999891281128
2010-04-14,1159.0,18.40399932861328,1730.199951171875,3.6054999828338623,85.83999633789062,1210.6500244140625,11123.1103515625,80.19000244140625,1.3655978441238403,3.8550000190734863,2.5959999561309814
2010-04-15,1159.699951171875,18.423999786376953,1722.300048828125,3.5964999198913574,85.51000213623047,1211.6700439453125,11144.5703125,80.4800033569336,1.3574045896530151,3.8480000495910645,2.562000036239624
2010-04-16,1136.300048828125,17.66900062561035,1690.800048828125,3.5114998817443848,83.23999786376953,1192.1300048828125,11018.66015625,80.81999969482422,1.3504024744033813,3.7699999809265137,2.4709999561309814
2010-04-19,1135.199951171875,17.725000381469727,1692.800048828125,3.494499921798706,81.44999694824219,1197.52001953125,11092.0498046875,81.0,1.348726749420166,3.806999921798706,2.5230000019073486
2010-04-20,1138.5999755859375,17.815000534057617,1718.0,3.51200008392334,83.44999694824219,1207.1700439453125,11117.0595703125,81.05000305175781,1.343508243560791,3.805000066757202,2.5439999103546143
2010-04-21,1148.199951171875,18.072999954223633,1737.0,3.5329999923706055,83.68000030517578,1205.93994140625,11124.919921875,81.16000366210938,1.3389928340911865,3.73799991607666,2.494999885559082
2010-04-22,1142.300048828125,18.006000518798828,1742.699951171875,3.484499931335449,83.69999694824219,1208.6700439453125,11134.2900390625,81.56999969482422,1.3269991874694824,3.7720000743865967,2.5399999618530273
2010-04-23,1153.0999755859375,18.18899917602539,1740.199951171875,3.5114998817443848,85.12000274658203,1217.280029296875,11204.2802734375,81.3499984741211,1.338401436805725,3.816999912261963,2.5929999351501465
2010-04-26,1153.5,18.333999633789062,1742.800048828125,3.5269999504089355,84.19999694824219,1212.050048828125,11205.0302734375,81.4800033569336,1.3401232957839966,3.815000057220459,2.575000047683716
2010-04-27,1161.699951171875,18.115999221801758,1718.699951171875,3.3635001182556152,82.44000244140625,1183.7099609375,10991.990234375,82.1500015258789,1.3170719146728516,3.690000057220459,2.434000015258789
2010-04-28,1171.300048828125,18.10700035095215,1711.4000244140625,3.367500066757202,83.22000122070312,1191.3599853515625,11045.26953125,82.37999725341797,1.321283221244812,3.7730000019073486,2.5169999599456787
2010-04-29,1168.4000244140625,18.548999786376953,1733.699951171875,3.3334999084472656,85.16999816894531,1206.780029296875,11167.3203125,82.0,1.3262951374053955,3.7279999256134033,2.486999988555908
2010-04-30,1180.0999755859375,18.611000061035156,1745.0999755859375,3.3375000953674316,86.1500015258789,1186.68994140625,11008.6103515625,81.87000274658203,1.3298048973083496,3.6630001068115234,2.4200000762939453
2010-05-03,1182.699951171875,18.812999725341797,1728.9000244140625,3.2785000801086426,86.19000244140625,1202.260009765625,11151.830078125,82.2699966430664,1.3199926614761353,3.7049999237060547,2.4779999256134033
2010-05-04,1168.5999755859375,17.81800079345703,1685.800048828125,3.1644999980926514,82.73999786376953,1173.5999755859375,10926.76953125,83.30000305175781,1.2963947057724,3.61299991607666,2.390000104904175
2010-05-05,1174.5999755859375,17.51099967956543,1648.5999755859375,3.138000011444092,79.97000122070312,1165.8699951171875,10866.830078125,84.08000183105469,1.2814927101135254,3.549999952316284,2.302999973297119
2010-05-06,1196.9000244140625,17.493000030517578,1665.5,3.1034998893737793,77.11000061035156,1128.1500244140625,10520.3203125,84.88999938964844,1.263296127319336,3.3980000019073486,2.1440000534057617
2010-05-07,1210.0,18.429000854492188,1664.800048828125,3.13100004196167,75.11000061035156,1110.8800048828125,10380.4296875,84.44999694824219,1.2756078243255615,3.428999900817871,2.171999931335449
2010-05-10,1200.4000244140625,18.530000686645508,1691.5,3.2149999141693115,76.80000305175781,1159.72998046875,10785.1396484375,84.16000366210938,1.2779226303100586,3.5390000343322754,2.257999897003174
2010-05-11,1219.9000244140625,19.27199935913086,1698.800048828125,3.194000005722046,76.37000274658203,1155.7900390625,10748.259765625,84.47000122070312,1.2629930973052979,3.5350000858306885,2.247999906539917
2010-05-12,1242.699951171875,19.639999389648438,1745.300048828125,3.1760001182556152,75.6500015258789,1171.6700439453125,10896.91015625,84.83000183105469,1.2639029026031494,3.566999912261963,2.2760000228881836
2010-05-13,1228.800048828125,19.47599983215332,1737.4000244140625,3.2195000648498535,74.4000015258789,1157.43994140625,10782.9501953125,85.20999908447266,1.2541072368621826,3.563999891281128,2.2720000743865967
2010-05-14,1227.4000244140625,19.20199966430664,1713.4000244140625,3.122999906539917,71.61000061035156,1135.6800537109375,10620.16015625,86.0999984741211,1.2360023260116577,3.441999912261963,2.1489999294281006
2010-05-17,1227.699951171875,18.834999084472656,1661.199951171875,2.9230000972747803,70.08000183105469,1136.93994140625,10625.830078125,86.20999908447266,1.2392956018447876,3.4719998836517334,2.178999900817871
2010-05-18,1214.300048828125,18.854999542236328,1688.5,3.0225000381469727,69.41000366210938,1120.800048828125,10510.9501953125,87.16000366210938,1.217893362045288,3.375999927520752,2.0910000801086426
2010-05-19,1192.5999755859375,18.090999603271484,1603.699951171875,2.950000047683716,69.87000274658203,1115.050048828125,10444.3701171875,86.38999938964844,1.2393416166305542,3.3589999675750732,2.109999895095825
2010-05-20,1187.800048828125,17.694000244140625,1493.800048828125,2.935499906539917,68.01000213623047,1071.5899658203125,10068.009765625,85.56999969482422,1.2478941679000854,3.2639999389648438,2.0260000228881836
2010-05-21,1175.699951171875,17.631000518798828,1499.199951171875,3.051500082015991,70.04000091552734,1087.68994140625,10193.3896484375,85.37000274658203,1.2567076683044434,3.200000047683716,1.99399995803833
2010-05-24,1193.800048828125,17.98200035095215,1532.5,3.1364998817443848,70.20999908447266,1073.6500244140625,10066.5703125,86.20999908447266,1.234994888305664,3.2269999980926514,2.0179998874664307
2010-05-25,1197.800048828125,17.76300048828125,1489.9000244140625,3.0334999561309814,68.75,1074.030029296875,10043.75,86.77999877929688,1.2345983982086182,3.1579999923706055,1.9730000495910645
2010-05-26,1213.300048828125,18.29199981689453,1528.300048828125,3.071500062942505,71.51000213623047,1067.949951171875,9974.4501953125,87.12000274658203,1.217300295829773,3.2179999351501465,2.055999994277954
2010-05-27,1211.9000244140625,18.457000732421875,1550.9000244140625,3.1514999866485596,74.55000305175781,1103.06005859375,10258.990234375,86.18000030517578,1.2347966432571411,3.3380000591278076,2.184999942779541
2010-05-28,1212.199951171875,18.410999298095703,1547.4000244140625,3.0969998836517334,73.97000122070312,1089.4100341796875,10136.6298828125,86.4800033569336,1.227400541305542,3.3010001182556152,2.0969998836517334
2010-06-01,1224.800048828125,18.540000915527344,1547.4000244140625,3.053999900817871,72.58000183105469,1070.7099609375,10024.01953125,86.63999938964844,1.2233014106750488,3.2960000038146973,2.0950000286102295
2010-06-02,1220.5999755859375,18.304000854492188,1548.4000244140625,3.0320000648498535,72.86000061035156,1098.3800048828125,10249.5400390625,86.79000091552734,1.223900318145752,3.3340001106262207,2.131999969482422
2010-06-03,1208.300048828125,17.920000076293945,1540.9000244140625,2.938499927520752,74.61000061035156,1102.8299560546875,10255.2802734375,87.13999938964844,1.216944694519043,3.378999948501587,2.1579999923706055
2010-06-04,1216.199951171875,17.290000915527344,1523.300048828125,2.8125,71.51000213623047,1064.8800048828125,9931.9697265625,88.2300033569336,1.1971030235290527,3.194999933242798,1.9789999723434448
2010-06-07,1239.300048828125,18.152999877929688,1515.300048828125,2.759000062942505,71.44000244140625,1050.469970703125,9816.490234375,88.4000015258789,1.1922929286956787,3.184000015258789,1.968000054359436
2010-06-08,1244.0,18.468000411987305,1526.800048828125,2.7725000381469727,71.98999786376953,1062.0,9939.98046875,88.38999938964844,1.197203278541565,3.1679999828338623,1.9609999656677246
2010-06-09,1228.5,18.18000030517578,1532.0,2.8424999713897705,74.37999725341797,1055.68994140625,9899.25,87.9000015258789,1.1991989612579346,3.187000036239624,1.9819999933242798
2010-06-10,1220.800048828125,18.341999053955078,1534.199951171875,2.8554999828338623,75.4800033569336,1086.8399658203125,10172.5302734375,87.16999816894531,1.2109030485153198,3.319000005722046,2.1080000400543213
2010-06-11,1228.9000244140625,18.222000122070312,1533.0,2.8994998931884766,73.77999877929688,1091.5999755859375,10211.0703125,87.51000213623047,1.2114017009735107,3.2160000801086426,2.009999990463257
2010-06-14,1223.300048828125,18.402000427246094,1561.4000244140625,2.990000009536743,75.12000274658203,1089.6300048828125,10190.8896484375,86.51000213623047,1.2218068838119507,3.2750000953674316,2.052000045776367
2010-06-15,1233.199951171875,18.569000244140625,1576.0,3.002500057220459,76.94000244140625,1115.22998046875,10404.76953125,85.9800033569336,1.2319064140319824,3.309999942779541,2.0829999446868896
2010-06-16,1229.300048828125,18.43199920654297,1567.5,2.99399995803833,77.66999816894531,1114.6099853515625,10409.4599609375,86.08000183105469,1.2311935424804688,3.2820000648498535,2.065000057220459
2010-06-17,1247.5,18.767000198364258,1572.0,2.9024999141693115,76.79000091552734,1116.0400390625,10434.169921875,85.69000244140625,1.238206148147583,3.190000057220459,1.9880000352859497
2010-06-18,1257.199951171875,19.174999237060547,1587.0,2.88100004196167,77.18000030517578,1117.510009765625,10450.6396484375,85.69999694824219,1.2392956018447876,3.2230000495910645,2.0160000324249268
2010-06-21,1239.699951171875,18.802000045776367,1590.300048828125,2.938999891281128,77.81999969482422,1113.199951171875,10442.41015625,85.93000030517578,1.2316029071807861,3.243000030517578,2.0280001163482666
2010-06-22,1239.9000244140625,18.895999908447266,1593.0,2.990499973297119,77.20999908447266,1095.31005859375,10293.51953125,86.11000061035156,1.2275059223175049,3.1659998893737793,1.965999960899353
2010-06-23,1234.0999755859375,18.45400047302246,1567.0,2.934000015258789,76.3499984741211,1092.0400390625,10298.4404296875,85.73999786376953,1.2319064140319824,3.115000009536743,1.9149999618530273
2010-06-24,1245.5,18.731000900268555,1561.5,3.003000020980835,76.51000213623047,1073.68994140625,10152.7998046875,85.7300033569336,1.2337453365325928,3.122999906539917,1.940999984741211
2010-06-25,1255.800048828125,19.104999542236328,1570.4000244140625,3.0929999351501465,78.86000061035156,1076.760009765625,10143.8095703125,85.30999755859375,1.2373021841049194,3.11299991607666,1.9110000133514404
2010-06-28,1238.199951171875,18.67300033569336,1565.5999755859375,3.06850004196167,78.25,1074.5699462890625,10138.51953125,85.6500015258789,1.2277017831802368,3.0320000648498535,1.8339999914169312
2010-06-29,1242.0,18.5939998626709,1548.0999755859375,2.9154999256134033,75.94000244140625,1041.239990234375,9870.2998046875,86.02999877929688,1.2186353206634521,2.9670000076293945,1.7860000133514404
2010-06-30,1245.5,18.67099952697754,1530.9000244140625,2.936000108718872,75.62999725341797,1030.7099609375,9774.01953125,86.0199966430664,1.223002314567566,2.9509999752044678,1.7949999570846558
2010-07-01,1206.300048828125,17.760000228881836,1503.300048828125,2.865000009536743,72.94999694824219,1027.3699951171875,9732.5302734375,84.72000122070312,1.2507504224777222,2.927000045776367,1.7949999570846558
2010-07-02,1207.4000244140625,17.697999954223633,1499.199951171875,2.9040000438690186,72.13999938964844,1022.5800170898438,9686.48046875,84.43000030517578,1.257102608680725,2.9790000915527344,1.812000036239624
2010-07-06,1194.800048828125,17.83300018310547,1513.800048828125,2.9600000381469727,71.9800033569336,1028.06005859375,9743.6201171875,84.08000183105469,1.262403130531311,2.931999921798706,1.7599999904632568
2010-07-07,1198.5999755859375,17.979000091552734,1521.9000244140625,3.005500078201294,74.06999969482422,1060.27001953125,10018.2802734375,83.81999969482422,1.2633121013641357,2.9800000190734863,1.7760000228881836
2010-07-08,1195.800048828125,17.851999282836914,1511.800048828125,3.006999969482422,75.44000244140625,1070.25,10138.990234375,83.81999969482422,1.2694060802459717,3.0199999809265137,1.8009999990463257
2010-07-09,1209.5999755859375,18.05299949645996,1529.0,3.0445001125335693,76.08999633789062,1077.9599609375,10198.0302734375,83.94999694824219,1.2643983364105225,3.055999994277954,1.8389999866485596
2010-07-12,1198.5,17.89699935913086,1511.5,2.999500036239624,74.94999694824219,1078.75,10216.26953125,84.19999694824219,1.2590018510818481,3.0460000038146973,1.8289999961853027
2010-07-13,1213.300048828125,18.23699951171875,1531.5999755859375,3.009500026702881,77.1500015258789,1095.3399658203125,10363.01953125,83.63999938964844,1.2720866203308105,3.114000082015991,1.8869999647140503
2010-07-14,1206.800048828125,18.27400016784668,1516.800048828125,3.000999927520752,77.04000091552734,1095.1700439453125,10366.7197265625,83.43000030517578,1.274047613143921,3.049999952316284,1.8140000104904175
2010-07-15,1208.0999755859375,18.34600067138672,1529.9000244140625,3.005000114440918,76.62000274658203,1096.47998046875,10359.3095703125,82.55999755859375,1.2928582429885864,2.9779999256134033,1.7410000562667847
2010-07-16,1188.0,17.773000717163086,1508.4000244140625,2.9235000610351562,76.01000213623047,1064.8800048828125,10097.900390625,82.48999786376953,1.2931926250457764,2.938999891281128,1.690000057220459
2010-07-19,1181.699951171875,17.534000396728516,1509.4000244140625,2.932499885559082,76.54000091552734,1071.25,10154.4296875,82.51000213623047,1.2939456701278687,2.9639999866485596,1.7059999704360962
2010-07-20,1191.5,17.684999465942383,1514.300048828125,2.997499942779541,77.44000244140625,1083.47998046875,10229.9599609375,82.75,1.289307713508606,2.931999921798706,1.6749999523162842
2010-07-21,1191.5999755859375,17.79800033569336,1524.800048828125,3.0869998931884766,76.55999755859375,1069.5899658203125,10120.5302734375,83.38999938964844,1.276796817779541,2.8919999599456787,1.6469999551773071
2010-07-22,1195.5,18.114999771118164,1525.4000244140625,3.1605000495910645,79.30000305175781,1093.6700439453125,10322.2998046875,82.5999984741211,1.2903059720993042,2.931999921798706,1.6710000038146973
2010-07-23,1187.699951171875,18.09600067138672,1538.699951171875,3.184999942779541,78.9800033569336,1102.6600341796875,10424.6201171875,82.45999908447266,1.291305661201477,2.99399995803833,1.7289999723434448
2010-07-26,1183.0,18.19499969482422,1552.699951171875,3.2249999046325684,78.9800033569336,1115.010009765625,10525.4296875,82.08999633789062,1.299899935722351,2.99399995803833,1.7319999933242798
2010-07-27,1158.0,17.621000289916992,1534.5,3.2049999237060547,77.5,1113.8399658203125,10537.6904296875,82.18000030517578,1.2990893125534058,3.046999931335449,1.7869999408721924
2010-07-28,1160.4000244140625,17.42300033569336,1539.5,3.240000009536743,76.98999786376953,1106.1300048828125,10497.8798828125,82.18000030517578,1.2992243766784668,3.000999927520752,1.7070000171661377
2010-07-29,1168.4000244140625,17.60099983215332,1563.4000244140625,3.2855000495910645,78.36000061035156,1101.530029296875,10467.16015625,81.63999938964844,1.307805061340332,2.999000072479248,1.7009999752044678
2010-07-30,1181.699951171875,17.98699951171875,1576.800048828125,3.306999921798706,78.94999694824219,1101.5999755859375,10465.9404296875,81.54000091552734,1.3039000034332275,2.9070000648498535,1.5980000495910645
2010-08-02,1183.4000244140625,18.402999877929688,1576.800048828125,3.384999990463257,81.33999633789062,1125.8599853515625,10674.3798828125,80.94000244140625,1.3175925016403198,2.9630000591278076,1.6399999856948853
2010-08-03,1185.199951171875,18.406999588012695,1587.0999755859375,3.3550000190734863,82.55000305175781,1120.4599609375,10636.3798828125,80.5999984741211,1.3225064277648926,2.9140000343322754,1.5540000200271606
2010-08-04,1193.699951171875,18.26300048828125,1586.199951171875,3.4005000591278076,82.47000122070312,1127.239990234375,10680.4296875,80.88999938964844,1.3225064277648926,2.9519999027252197,1.6160000562667847
2010-08-05,1197.199951171875,18.308000564575195,1572.5,3.3505001068115234,82.01000213623047,1125.81005859375,10674.98046875,80.81999969482422,1.3158068656921387,2.9149999618530273,1.5770000219345093
2010-08-06,1203.4000244140625,18.458999633789062,1570.800048828125,3.3394999504089355,80.69999694824219,1121.6400146484375,10653.5595703125,80.41000366210938,1.3181308507919312,2.8239998817443848,1.50600004196167
2010-08-09,1200.699951171875,18.229000091552734,1542.9000244140625,3.3505001068115234,81.4800033569336,1127.7900390625,10698.75,80.70999908447266,1.3285682201385498,2.822000026702881,1.5260000228881836
2010-08-10,1196.199951171875,18.145999908447266,1537.0,3.311000108718872,80.25,1121.06005859375,10644.25,80.80000305175781,1.3229963779449463,2.7809998989105225,1.4819999933242798
2010-08-11,1197.5,17.889999389648438,1537.0,3.252500057220459,78.0199966430664,1089.469970703125,10378.830078125,82.29000091552734,1.3184958696365356,2.684999942779541,1.4259999990463257
2010-08-12,1214.800048828125,18.05299949645996,1538.0999755859375,3.2825000286102295,75.73999786376953,1083.6099853515625,10319.9501953125,82.63999938964844,1.284406065940857,2.734999895095825,1.4630000591278076
2010-08-13,1214.9000244140625,18.097000122070312,1526.199951171875,3.251499891281128,75.38999938964844,1079.25,10303.150390625,82.94999694824219,1.2829889059066772,2.687999963760376,1.4600000381469727
2010-08-16,1224.5,18.417999267578125,1537.300048828125,3.2769999504089355,75.23999786376953,1079.3800048828125,10302.009765625,82.52999877929688,1.277090311050415,2.575000047683716,1.3830000162124634
2010-08-17,1226.5999755859375,18.586000442504883,1546.5999755859375,3.3375000953674316,75.7699966430664,1092.5400390625,10405.849609375,82.2300033569336,1.2811970710754395,2.6449999809265137,1.4299999475479126
2010-08-18,1229.699951171875,18.389999389648438,1536.5,3.3489999771118164,75.41999816894531,1094.1600341796875,10415.5400390625,82.22000122070312,1.2879958152770996,2.6410000324249268,1.4429999589920044
2010-08-19,1233.800048828125,18.31800079345703,1527.5,3.317500114440918,74.43000030517578,1075.6300048828125,10271.2099609375,82.44999694824219,1.28564453125,2.5789999961853027,1.3919999599456787
2010-08-20,1227.199951171875,17.98200035095215,1513.9000244140625,3.2909998893737793,73.45999908447266,1071.68994140625,10213.6201171875,83.05999755859375,1.2808033227920532,2.611999988555908,1.4490000009536743
2010-08-23,1226.9000244140625,17.982999801635742,1508.5999755859375,3.2915000915527344,73.0999984741211,1067.3599853515625,10174.41015625,83.12000274658203,1.2710033655166626,2.6070001125335693,1.4229999780654907
2010-08-24,1231.800048828125,18.368999481201172,1517.699951171875,3.239500045776367,71.62999725341797,1051.8699951171875,10040.4501953125,83.1500015258789,1.2635036706924438,2.499000072479248,1.3309999704360962
2010-08-25,1239.5,19.02199935913086,1527.4000244140625,3.2109999656677246,72.5199966430664,1055.3299560546875,10060.0595703125,83.26000213623047,1.263296127319336,2.5380001068115234,1.3830000162124634
2010-08-26,1235.4000244140625,18.97800064086914,1539.9000244140625,3.305500030517578,73.36000061035156,1047.219970703125,9985.8095703125,82.93000030517578,1.26639986038208,2.499000072479248,1.3860000371932983
2010-08-27,1236.0,19.038999557495117,1537.0,3.364000082015991,75.16999816894531,1064.5899658203125,10150.650390625,82.91999816894531,1.2706480026245117,2.6519999504089355,1.496000051498413
2010-08-30,1237.0999755859375,19.038000106811523,1533.0999755859375,3.4130001068115234,74.69999694824219,1048.9200439453125,10009.73046875,83.16000366210938,1.2753963470458984,2.5450000762939453,1.3930000066757202
2010-08-31,1248.300048828125,19.398000717163086,1523.5,3.3610000610351562,71.91999816894531,1049.3299560546875,10014.7197265625,83.19999694824219,1.266592264175415,2.4769999980926514,1.3420000076293945
2010-09-01,1246.300048828125,19.358999252319336,1535.699951171875,3.4684998989105225,73.91000366210938,1080.2900390625,10269.4697265625,82.5199966430664,1.268729567527771,2.5820000171661377,1.409000039100647
2010-09-02,1251.5,19.63800048828125,1551.5,3.48799991607666,75.0199966430664,1090.0999755859375,10320.099609375,82.45999908447266,1.2802950143814087,2.628000020980835,1.4240000247955322
2010-09-03,1249.199951171875,19.915000915527344,1561.0999755859375,3.493499994277954,74.5999984741211,1104.510009765625,10447.9296875,83.0999984741211,1.2825939655303955,2.7060000896453857,1.4850000143051147
2010-09-07,1257.300048828125,19.882999420166016,1556.300048828125,3.4635000228881836,74.08999633789062,1091.8399658203125,10340.6904296875,82.81999969482422,1.2868356704711914,2.6089999675750732,1.406999945640564
2010-09-08,1255.5999755859375,19.97800064086914,1562.199951171875,3.490499973297119,74.66999816894531,1098.8699951171875,10387.009765625,82.58999633789062,1.2677966356277466,2.6540000438690186,1.4539999961853027
2010-09-09,1248.9000244140625,19.81399917602539,1553.300048828125,3.433500051498413,74.25,1104.1800537109375,10415.240234375,82.66999816894531,1.2732040882110596,2.760999917984009,1.565999984741211
2010-09-10,1244.5,19.802000045776367,1542.5,3.3970000743865967,76.44999694824219,1109.550048828125,10462.76953125,82.69999694824219,1.269309401512146,2.7950000762939453,1.5829999446868896
2010-09-13,1245.0999755859375,20.110000610351562,1549.9000244140625,3.4714999198913574,77.19000244140625,1121.9000244140625,10544.1298828125,81.91000366210938,1.2716983556747437,2.740999937057495,1.5069999694824219
2010-09-14,1269.699951171875,20.400999069213867,1594.4000244140625,3.4595000743865967,76.80000305175781,1121.0999755859375,10526.490234375,81.08000183105469,1.2872000932693481,2.6659998893737793,1.4279999732971191
2010-09-15,1266.699951171875,20.54199981689453,1605.300048828125,3.4579999446868896,76.0199966430664,1125.0699462890625,10572.73046875,81.48999786376953,1.2991737127304077,2.7230000495910645,1.4429999589920044
2010-09-16,1271.9000244140625,20.7450008392334,1611.9000244140625,3.4830000400543213,74.56999969482422,1124.6600341796875,10594.830078125,81.23999786376953,1.3015071153640747,2.759000062942505,1.4620000123977661
2010-09-17,1275.5999755859375,20.790000915527344,1621.9000244140625,3.5134999752044678,73.66000366210938,1125.5899658203125,10607.849609375,81.4000015258789,1.3075997829437256,2.746000051498413,1.440000057220459
2010-09-20,1279.0,20.777000427246094,1632.0,3.496000051498413,74.86000061035156,1142.7099609375,10753.6201171875,81.33999633789062,1.3043931722640991,2.7060000896453857,1.4170000553131104
2010-09-21,1272.4000244140625,20.6200008392334,1612.4000244140625,3.4744999408721924,73.5199966430664,1139.780029296875,10761.0302734375,80.44000244140625,1.3066941499710083,2.5940001010894775,1.3109999895095825
2010-09-22,1290.199951171875,21.035999298095703,1632.9000244140625,3.558500051498413,74.70999908447266,1134.280029296875,10739.3095703125,79.83000183105469,1.3256973028182983,2.5480000972747803,1.3109999895095825
2010-09-23,1294.300048828125,21.194000244140625,1645.9000244140625,3.5850000381469727,75.18000030517578,1124.8299560546875,10662.419921875,80.01000213623047,1.3391003608703613,2.555000066757202,1.3209999799728394
2010-09-24,1296.0,21.382999420166016,1639.800048828125,3.6135001182556152,76.48999786376953,1148.6700439453125,10860.259765625,79.38999938964844,1.331912636756897,2.611999988555908,1.3519999980926514
2010-09-27,1296.699951171875,21.454999923706055,1630.0999755859375,3.5934998989105225,76.5199966430664,1142.1600341796875,10812.0400390625,79.33999633789062,1.3479087352752686,2.5169999599456787,1.281000018119812
2010-09-28,1306.5999755859375,21.687999725341797,1635.699951171875,3.634000062942505,76.18000030517578,1147.699951171875,10858.1396484375,79.01000213623047,1.3439054489135742,2.4560000896453857,1.225000023841858
2010-09-29,1308.5,21.929000854492188,1649.4000244140625,3.6565001010894775,77.86000061035156,1144.72998046875,10835.2802734375,78.69000244140625,1.3570915460586548,2.50600004196167,1.2869999408721924
2010-09-30,1307.800048828125,21.79800033569336,1652.0,3.6459999084472656,79.97000122070312,1141.199951171875,10788.0498046875,78.72000122070312,1.3628062009811401,2.5169999599456787,1.281000018119812
2010-10-01,1316.0999755859375,22.03700065612793,1675.9000244140625,3.683500051498413,81.58000183105469,1146.239990234375,10829.6796875,78.08999633789062,1.3622123003005981,2.5260000228881836,1.2710000276565552
2010-10-04,1315.4000244140625,22.01300048828125,1667.699951171875,3.6575000286102295,81.47000122070312,1137.030029296875,10751.26953125,78.44999694824219,1.377695083618164,2.4790000915527344,1.2269999980926514
2010-10-05,1338.9000244140625,22.714000701904297,1695.5,3.7190001010894775,82.81999969482422,1160.75,10944.7197265625,77.75,1.367409110069275,2.4739999771118164,1.2059999704360962
2010-10-06,1346.4000244140625,23.020000457763672,1707.0,3.746000051498413,83.2300033569336,1159.969970703125,10967.650390625,77.38999938964844,1.3833937644958496,2.3989999294281006,1.1640000343322754
2010-10-07,1333.9000244140625,22.565000534057617,1700.0,3.6735000610351562,81.66999816894531,1158.06005859375,10948.580078125,77.38999938964844,1.3920016288757324,2.3959999084472656,1.1399999856948853
2010-10-08,1344.199951171875,23.086999893188477,1704.199951171875,3.7664999961853027,82.66000366210938,1165.1500244140625,11006.48046875,77.31999969482422,1.3927963972091675,2.38100004196167,1.1009999513626099
2010-10-12,1345.699951171875,23.128999710083008,1678.300048828125,3.7809998989105225,81.66999816894531,1169.77001953125,11020.400390625,77.36000061035156,1.3880213499069214,2.421999931335449,1.1360000371932983
2010-10-13,1369.5,23.913999557495117,1702.4000244140625,3.813999891281128,83.01000213623047,1178.0999755859375,11096.080078125,77.06999969482422,1.3916915655136108,2.430999994277954,1.1200000047683716
2010-10-14,1376.699951171875,24.41699981689453,1708.300048828125,3.809000015258789,82.69000244140625,1173.81005859375,11094.5703125,76.6500015258789,1.3967260122299194,2.494999885559082,1.1749999523162842
2010-10-15,1371.0999755859375,24.27199935913086,1691.0999755859375,3.8345000743865967,81.25,1176.18994140625,11062.7802734375,77.04000091552734,1.4072020053863525,2.5759999752044678,1.1859999895095825
2010-10-18,1371.199951171875,24.39699935913086,1693.0,3.8505001068115234,83.08000183105469,1184.7099609375,11143.6904296875,76.93000030517578,1.3964334726333618,2.490999937057495,1.1180000305175781
2010-10-19,1335.0999755859375,23.763999938964844,1673.5999755859375,3.755000114440918,79.48999786376953,1165.9000244140625,10978.6201171875,78.18000030517578,1.3935922384262085,2.4749999046325684,1.097000002861023
2010-10-20,1343.300048828125,23.847999572753906,1683.300048828125,3.7885000705718994,81.7699966430664,1178.1700439453125,11107.9697265625,77.16999816894531,1.3739094734191895,2.4700000286102295,1.090000033378601
2010-10-21,1324.699951171875,23.12299919128418,1669.4000244140625,3.7755000591278076,80.55999755859375,1180.260009765625,11146.5703125,77.41999816894531,1.3963165283203125,2.5309998989105225,1.1260000467300415
2010-10-22,1324.4000244140625,23.125,1671.0999755859375,3.7915000915527344,81.69000244140625,1183.0799560546875,11132.5595703125,77.47000122070312,1.3916915655136108,2.562999963760376,1.1449999809265137
2010-10-25,1338.300048828125,23.54400062561035,1693.0,3.8564999103546143,82.5199966430664,1185.6199951171875,11164.0498046875,77.0999984741211,1.3944084644317627,2.553999900817871,1.1729999780654907
2010-10-26,1338.0,23.823999404907227,1702.0,3.8635001182556152,82.55000305175781,1185.6400146484375,11169.4599609375,77.70999908447266,1.3948947191238403,2.635999917984009,1.246999979019165
2010-10-27,1322.199951171875,23.398000717163086,1676.0999755859375,3.7734999656677246,81.94000244140625,1182.449951171875,11126.2802734375,78.1500015258789,1.3854252099990845,2.7119998931884766,1.3040000200271606
2010-10-28,1342.0999755859375,23.871000289916992,1690.0,3.7850000858306885,82.18000030517578,1183.780029296875,11113.9501953125,77.30999755859375,1.377808928489685,2.6610000133514404,1.2369999885559082
2010-10-29,1357.0999755859375,24.559999465942383,1705.0999755859375,3.7320001125335693,81.43000030517578,1183.260009765625,11118.490234375,77.2699966430664,1.377808928489685,2.611999988555908,1.1790000200271606
2010-11-01,1350.199951171875,24.54800033569336,1712.5,3.7785000801086426,82.94999694824219,1184.3800048828125,11124.6201171875,77.30000305175781,1.397506833076477,2.628000020980835,1.1629999876022339
2010-11-02,1356.4000244140625,24.832000732421875,1720.0999755859375,3.8334999084472656,83.9000015258789,1193.5699462890625,11188.7197265625,76.72000122070312,1.3910914659500122,2.5940001010894775,1.152999997138977
2010-11-03,1337.0999755859375,24.43199920654297,1698.199951171875,3.7795000076293945,84.69000244140625,1197.9599609375,11215.1298828125,76.4800033569336,1.4036072492599487,2.61899995803833,1.121000051498413
2010-11-04,1382.699951171875,26.038999557495117,1756.9000244140625,3.9065001010894775,86.48999786376953,1221.06005859375,11434.83984375,75.87999725341797,1.4127286672592163,2.4839999675750732,1.031000018119812
2010-11-05,1397.300048828125,26.743999481201172,1769.9000244140625,3.944000005722046,86.8499984741211,1225.8499755859375,11444.080078125,76.55000305175781,1.422798991203308,2.5360000133514404,1.0950000286102295
2010-11-08,1402.800048828125,27.42799949645996,1766.0999755859375,3.952500104904175,87.05999755859375,1223.25,11406.83984375,77.02999877929688,1.407578468322754,2.562999963760376,1.1299999952316284
2010-11-09,1409.800048828125,28.902000427246094,1804.5999755859375,4.0395002365112305,86.72000122070312,1213.4000244140625,11346.75,77.44000244140625,1.3869625329971313,2.6589999198913574,1.2549999952316284
2010-11-10,1399.0999755859375,26.861000061035156,1737.9000244140625,3.9660000801086426,87.80999755859375,1218.7099609375,11357.0400390625,77.62999725341797,1.377201795578003,2.6480000019073486,1.2079999446868896
2010-11-11,1403.0999755859375,27.400999069213867,1745.800048828125,4.01800012588501,87.80999755859375,1213.5400390625,11283.099609375,78.22000122070312,1.3775622844696045,2.6480000019073486,1.2079999446868896
2010-11-12,1365.4000244140625,25.937999725341797,1684.5999755859375,3.8884999752044678,84.87999725341797,1199.2099609375,11192.580078125,78.08000183105469,1.3621008396148682,2.75600004196167,1.3480000495910645
2010-11-15,1368.4000244140625,26.08799934387207,1685.699951171875,3.9230000972747803,84.86000061035156,1197.75,11201.9697265625,78.5199966430664,1.3693190813064575,2.9110000133514404,1.4930000305175781
2010-11-16,1338.300048828125,25.229000091552734,1645.699951171875,3.7239999771118164,82.33999633789062,1178.3399658203125,11023.5,79.20999908447266,1.357478380203247,2.8469998836517334,1.4670000076293945
2010-11-17,1336.800048828125,25.506999969482422,1640.9000244140625,3.7284998893737793,80.44000244140625,1178.5899658203125,11007.8798828125,79.08000183105469,1.3490543365478516,2.864000082015991,1.4570000171661377
2010-11-18,1352.9000244140625,26.829999923706055,1663.9000244140625,3.8304998874664307,81.8499984741211,1196.68994140625,11181.23046875,78.62000274658203,1.355399250984192,2.9019999504089355,1.4880000352859497
2010-11-19,1352.199951171875,27.174999237060547,1671.0999755859375,3.8329999446868896,81.51000213623047,1199.72998046875,11203.5498046875,78.5,1.365728497505188,2.875,1.5119999647140503
2010-11-22,1357.699951171875,27.457000732421875,1655.5,3.749500036239624,81.73999786376953,1197.8399658203125,11178.580078125,78.68000030517578,1.3744381666183472,2.812999963760376,1.4329999685287476
2010-11-23,1377.5,27.56800079345703,1657.699951171875,3.7009999752044678,81.25,1180.72998046875,11036.3701171875,79.68000030517578,1.3601926565170288,2.76200008392334,1.3860000371932983
2010-11-24,1372.9000244140625,27.52400016784668,1658.4000244140625,3.755500078201294,83.86000061035156,1198.3499755859375,11187.2802734375,79.87000274658203,1.3386342525482178,2.9140000343322754,1.5579999685287476
2010-11-26,1362.300048828125,26.69499969482422,1645.199951171875,3.750999927520752,83.76000213623047,1189.4000244140625,11091.8701171875,80.36000061035156,1.3339736461639404,2.864000082015991,1.527999997138977
2010-11-29,1366.0,27.148000717163086,1628.5999755859375,3.757999897003174,85.7300033569336,1187.760009765625,11052.490234375,80.83999633789062,1.3238019943237305,2.822000026702881,1.496999979019165
2010-11-30,1385.0,28.184999465942383,1650.4000244140625,3.822999954223633,84.11000061035156,1180.550048828125,11006.01953125,81.19999694824219,1.3103927373886108,2.796999931335449,1.4639999866485596
2010-12-01,1387.300048828125,28.38800048828125,1668.0,3.946000099182129,86.75,1206.0699462890625,11255.7802734375,80.70999908447266,1.2992074489593506,2.9639999866485596,1.621999979019165
2010-12-02,1388.5,28.54199981689453,1697.0999755859375,3.9769999980926514,88.0,1221.530029296875,11362.41015625,80.30000305175781,1.3124909400939941,3.0,1.6749999523162842
2010-12-03,1405.4000244140625,29.240999221801758,1718.5,3.994999885559082,89.19000244140625,1224.7099609375,11382.08984375,79.37999725341797,1.3215975761413574,3.0169999599456787,1.61899995803833
2010-12-06,1415.300048828125,29.704999923706055,1703.5999755859375,4.004000186920166,89.37999725341797,1223.1199951171875,11362.1904296875,79.56999969482422,1.341597557067871,2.940999984741211,1.5219999551773071
2010-12-07,1408.300048828125,29.74799919128418,1695.199951171875,4.044000148773193,88.69000244140625,1223.75,11359.16015625,79.86000061035156,1.328691840171814,3.1649999618530273,1.7519999742507935
2010-12-08,1382.5,28.224000930786133,1676.4000244140625,4.0945000648498535,88.27999877929688,1228.280029296875,11372.48046875,80.0,1.3244681358337402,3.2360000610351562,1.8519999980926514
2010-12-09,1392.0999755859375,28.788999557495117,1673.9000244140625,4.081500053405762,88.37000274658203,1233.0,11370.0595703125,80.06999969482422,1.3250824213027954,3.2230000495910645,1.8990000486373901
2010-12-10,1384.300048828125,28.576000213623047,1670.300048828125,4.105000019073486,87.79000091552734,1240.4000244140625,11410.3203125,80.06999969482422,1.3242051601409912,3.2960000038146973,1.9539999961853027
2010-12-13,1397.300048828125,29.599000930786133,1694.800048828125,4.19950008392334,88.61000061035156,1240.4599609375,11428.5595703125,79.27999877929688,1.319713830947876,3.2829999923706055,1.8919999599456787
2010-12-14,1403.5999755859375,29.759000778198242,1711.4000244140625,4.201499938964844,88.27999877929688,1241.5899658203125,11476.5400390625,79.37000274658203,1.3395488262176514,3.4549999237060547,2.0439999103546143
2010-12-15,1385.5,29.225000381469727,1701.9000244140625,4.126500129699707,88.62000274658203,1235.22998046875,11457.4697265625,80.26000213623047,1.336094617843628,3.5199999809265137,2.0989999771118164
2010-12-16,1370.4000244140625,28.756999969482422,1696.0999755859375,4.110499858856201,87.69999694824219,1242.8699951171875,11499.25,80.18000030517578,1.3224014043807983,3.4769999980926514,2.066999912261963
2010-12-17,1378.5999755859375,29.113000869750977,1698.5,4.1529998779296875,88.0199966430664,1243.9100341796875,11491.91015625,80.37000274658203,1.323994755744934,3.3299999237060547,1.9529999494552612
2010-12-20,1385.5,29.334999084472656,1710.699951171875,4.200500011444092,88.80999755859375,1247.0799560546875,11478.1298828125,80.62999725341797,1.3164995908737183,3.3489999771118164,1.9529999494552612
2010-12-21,1388.199951171875,29.375999450683594,1721.9000244140625,4.270500183105469,89.81999969482422,1254.5999755859375,11533.16015625,80.72000122070312,1.3118022680282593,3.3259999752044678,1.9620000123977661
2010-12-22,1386.800048828125,29.367000579833984,1730.9000244140625,4.269000053405762,90.4800033569336,1258.8399658203125,11559.490234375,80.7300033569336,1.3090033531188965,3.3459999561309814,2.000999927520752
2010-12-23,1380.0,29.309999465942383,1723.0999755859375,4.251999855041504,91.51000213623047,1256.77001953125,11573.490234375,80.5,1.3115441799163818,3.3929998874664307,2.052000045776367
2010-12-27,1382.4000244140625,29.235000610351562,1735.5,4.275000095367432,91.0,1257.5400390625,11555.0302734375,80.37000274658203,1.3079760074615479,3.3510000705718994,2.0490000247955322
2010-12-28,1405.199951171875,30.297000885009766,1751.699951171875,4.323999881744385,91.48999786376953,1258.510009765625,11575.5400390625,80.36000061035156,1.3189654350280762,3.4809999465942383,2.1500000953674316
2010-12-29,1413.0999755859375,30.679000854492188,1754.199951171875,4.309000015258789,91.12000274658203,1259.780029296875,11585.3798828125,79.80000305175781,1.3086265325546265,3.3410000801086426,2.0290000438690186
2010-12-30,1405.5999755859375,30.488000869750977,1744.300048828125,4.356500148773193,89.83999633789062,1257.8800048828125,11569.7099609375,79.5199966430664,1.3224539756774902,3.36899995803833,2.069999933242798
2010-12-31,1421.0999755859375,30.90999984741211,1773.300048828125,4.439499855041504,91.37999725341797,1257.6400146484375,11577.509765625,79.02999877929688,1.3301233053207397,3.305000066757202,2.0160000324249268
2011-01-03,1422.5999755859375,31.09600067138672,1781.0999755859375,4.451499938964844,91.55000305175781,1271.8699951171875,11670.75,79.12999725341797,1.3357912302017212,3.3420000076293945,2.0209999084472656
2011-01-04,1378.5,29.492000579833984,1743.0999755859375,4.363500118255615,89.37999725341797,1270.199951171875,11691.1796875,79.44000244140625,1.3356841802597046,3.3459999561309814,2.0169999599456787
2011-01-05,1373.4000244140625,29.17300033569336,1730.300048828125,4.401500225067139,90.30000305175781,1276.56005859375,11722.8896484375,80.26000213623047,1.3321077823638916,3.4830000400543213,2.1579999923706055
2011-01-06,1371.4000244140625,29.110000610351562,1732.699951171875,4.321000099182129,88.37999725341797,1273.8499755859375,11697.3095703125,80.79000091552734,1.3156856298446655,3.4189999103546143,2.0829999446868896
2011-01-07,1368.5,28.660999298095703,1735.0999755859375,4.272500038146973,88.02999877929688,1271.5,11674.759765625,81.01000213623047,1.2979933023452759,3.328000068664551,1.9559999704360962
2011-01-10,1373.699951171875,28.85099983215332,1743.0,4.254499912261963,89.25,1269.75,11637.4501953125,80.87999725341797,1.289507269859314,3.303999900817871,1.9279999732971191
2011-01-11,1384.0,29.489999771118164,1767.5999755859375,4.339000225067139,91.11000061035156,1274.47998046875,11671.8798828125,80.8499984741211,1.2964956760406494,3.3410000801086426,1.9620000123977661
2011-01-12,1385.699951171875,29.531999588012695,1797.9000244140625,4.4019999504089355,91.86000061035156,1285.9599609375,11755.4404296875,80.02999877929688,1.2983977794647217,3.3550000190734863,1.968999981880188
2011-01-13,1386.9000244140625,29.25200080871582,1818.5999755859375,4.367000102996826,91.4000015258789,1283.760009765625,11731.900390625,79.19000244140625,1.3128355741500854,3.3010001182556152,1.906000018119812
2011-01-14,1360.4000244140625,28.30900001525879,1813.4000244140625,4.403500080108643,91.54000091552734,1293.239990234375,11787.3798828125,79.16000366210938,1.335327386856079,3.3329999446868896,1.9290000200271606
2011-01-18,1368.0999755859375,28.900999069213867,1823.5,4.418499946594238,91.37999725341797,1295.02001953125,11837.9296875,78.95999908447266,1.3283917903900146,3.364000082015991,1.9520000219345093
2011-01-19,1370.199951171875,28.79199981689453,1833.300048828125,4.360000133514404,90.86000061035156,1281.9200439453125,11825.2900390625,78.63999938964844,1.3378105163574219,3.3369998931884766,1.9320000410079956
2011-01-20,1346.5,27.458999633789062,1813.699951171875,4.262499809265137,88.86000061035156,1280.260009765625,11822.7998046875,78.81999969482422,1.3452069759368896,3.4590001106262207,2.0510001182556152
2011-01-21,1341.0,27.416000366210938,1818.800048828125,4.300000190734863,89.11000061035156,1283.3499755859375,11871.83984375,78.20999908447266,1.3468012809753418,3.4159998893737793,2.0199999809265137
2011-01-24,1344.5,27.31800079345703,1814.5999755859375,4.3414998054504395,87.87000274658203,1290.8399658203125,11980.51953125,78.05000305175781,1.361952543258667,3.4079999923706055,2.010999917984009
2011-01-25,1332.300048828125,26.81100082397461,1784.199951171875,4.218999862670898,86.19000244140625,1291.1800537109375,11977.1904296875,78.0,1.3644053936004639,3.319000005722046,1.9329999685287476
2011-01-26,1333.0,27.131999969482422,1793.800048828125,4.260499954223633,87.33000183105469,1296.6300048828125,11985.4404296875,77.9000015258789,1.3686069250106812,3.427999973297119,2.000999927520752
2011-01-27,1318.4000244140625,27.045000076293945,1800.0999755859375,4.330999851226807,85.63999938964844,1299.5400390625,11989.830078125,77.7300033569336,1.3710086345672607,3.384999990463257,1.9819999933242798
2011-01-28,1340.699951171875,27.93400001525879,1801.5999755859375,4.365499973297119,89.33999633789062,1276.3399658203125,11823.7001953125,78.12999725341797,1.3723068237304688,3.3289999961853027,1.9259999990463257
2011-01-31,1333.800048828125,28.173999786376953,1797.5,4.451000213623047,92.19000244140625,1286.1199951171875,11891.9296875,77.73999786376953,1.3572757244110107,3.378000020980835,1.9520000219345093
2011-02-01,1339.5999755859375,28.52400016784668,1829.5999755859375,4.539999961853027,90.7699966430664,1307.5899658203125,12040.16015625,77.06999969482422,1.3713847398757935,3.443000078201294,2.0209999084472656
2011-02-02,1331.5,28.298999786376953,1825.199951171875,4.533999919891357,90.86000061035156,1304.030029296875,12041.9697265625,77.16000366210938,1.382991909980774,3.489000082015991,2.0989999771118164
2011-02-03,1352.300048828125,28.732999801635742,1840.699951171875,4.534999847412109,90.54000091552734,1307.0999755859375,12062.259765625,77.75,1.3817880153656006,3.5409998893737793,2.1589999198913574
2011-02-04,1348.300048828125,29.06399917602539,1842.4000244140625,4.571000099182129,89.02999877929688,1310.8699951171875,12092.150390625,78.04000091552734,1.362453579902649,3.6519999504089355,2.2769999504089355
2011-02-07,1347.5999755859375,29.347999572753906,1840.800048828125,4.567500114440918,87.4800033569336,1319.050048828125,12161.6298828125,78.02999877929688,1.357496738433838,3.6440000534057617,2.2750000953674316
2011-02-08,1363.4000244140625,30.270999908447266,1858.5,4.567999839782715,86.94000244140625,1324.5699462890625,12233.150390625,78.0,1.359194278717041,3.7249999046325684,2.384999990463257
2011-02-09,1364.800048828125,30.273000717163086,1856.0,4.519499778747559,86.70999908447266,1320.8800048828125,12239.8896484375,77.63999938964844,1.3626948595046997,3.6419999599456787,2.315999984741211
2011-02-10,1361.9000244140625,30.090999603271484,1827.4000244140625,4.5370001792907715,86.7300033569336,1321.8699951171875,12229.2900390625,78.25,1.372099757194519,3.7079999446868896,2.3970000743865967
2011-02-11,1359.9000244140625,29.992000579833984,1810.0999755859375,4.531000137329102,85.58000183105469,1329.1500244140625,12273.259765625,78.45999908447266,1.3601926565170288,3.6459999084472656,2.364000082015991
2011-02-14,1364.5999755859375,30.52899932861328,1826.5999755859375,4.623000144958496,84.80999755859375,1332.3199462890625,12268.1904296875,78.61000061035156,1.3510043621063232,3.614000082015991,2.3510000705718994
2011-02-15,1373.5999755859375,30.69300079345703,1830.5999755859375,4.531499862670898,84.31999969482422,1328.010009765625,12226.6396484375,78.56999969482422,1.3481086492538452,3.615999937057495,2.3369998931884766
2011-02-16,1374.699951171875,30.6299991607666,1833.300048828125,4.466000080108643,84.98999786376953,1336.3199462890625,12288.169921875,78.22000122070312,1.3498555421829224,3.621000051498413,2.3489999771118164
2011-02-17,1384.699951171875,31.57200050354004,1843.0,4.480000019073486,86.36000061035156,1340.4300537109375,12318.1396484375,78.0,1.357533574104309,3.5739998817443848,2.2820000648498535
2011-02-18,1388.199951171875,32.29800033569336,1843.300048828125,4.478499889373779,86.19999694824219,1343.010009765625,12391.25,77.66000366210938,1.3626019954681396,3.5889999866485596,2.2739999294281006
2011-02-22,1400.5,32.86399841308594,1787.300048828125,4.3454999923706055,93.56999969482422,1315.43994140625,12212.7900390625,77.7699966430664,1.3682323694229126,3.4609999656677246,2.135999917984009
2011-02-23,1413.4000244140625,33.301998138427734,1783.199951171875,4.273499965667725,98.0999984741211,1307.4000244140625,12105.7802734375,77.41000366210938,1.3673717975616455,3.486999988555908,2.1730000972747803
2011-02-24,1415.300048828125,33.17900085449219,1786.800048828125,4.326499938964844,97.27999877929688,1306.0999755859375,12068.5,77.05999755859375,1.3764055967330933,3.437999963760376,2.186000108718872
2011-02-25,1408.699951171875,32.89799880981445,1803.4000244140625,4.435999870300293,97.87999725341797,1319.8800048828125,12130.4501953125,77.27999877929688,1.381998062133789,3.424999952316284,2.1710000038146973
2011-02-28,1409.300048828125,33.80400085449219,1809.199951171875,4.478000164031982,96.97000122070312,1327.219970703125,12226.33984375,76.88999938964844,1.373437762260437,3.4140000343322754,2.13700008392334
2011-03-01,1430.699951171875,34.41600036621094,1845.0999755859375,4.490499973297119,99.62999725341797,1306.3299560546875,12058.01953125,77.05000305175781,1.3821508884429932,3.4140000343322754,2.118000030517578
2011-03-02,1437.199951171875,34.82500076293945,1859.300048828125,4.480000019073486,102.2300033569336,1308.43994140625,12066.7998046875,76.66999816894531,1.3771828413009644,3.4639999866485596,2.1600000858306885
2011-03-03,1416.0,34.3129997253418,1833.0,4.474999904632568,101.91000366210938,1330.969970703125,12258.2001953125,76.4800033569336,1.3866548538208008,3.572000026702881,2.299999952316284
2011-03-04,1428.199951171875,35.31700134277344,1837.9000244140625,4.4720001220703125,104.41999816894531,1321.1500244140625,12169.8798828125,76.4000015258789,1.3958877325057983,3.492000102996826,2.174999952316284
2011-03-07,1434.0999755859375,35.85499954223633,1820.4000244140625,4.313000202178955,105.44000244140625,1310.1300048828125,12090.0302734375,76.5,1.3990709781646729,3.496999979019165,2.180000066757202
2011-03-08,1426.9000244140625,35.65299987792969,1802.5999755859375,4.324999809265137,105.0199966430664,1321.8199462890625,12214.3798828125,76.80000305175781,1.3963944911956787,3.5439999103546143,2.2119998931884766
2011-03-09,1429.300048828125,36.042999267578125,1802.0,4.19950008392334,104.37999725341797,1320.02001953125,12213.08984375,76.72000122070312,1.3897961378097534,3.4690001010894775,2.1470000743865967
2011-03-10,1412.199951171875,35.06399917602539,1765.5999755859375,4.184500217437744,102.69999694824219,1295.1099853515625,11984.6103515625,77.27999877929688,1.3902212381362915,3.3929998874664307,2.058000087738037
2011-03-11,1421.5,35.93299865722656,1781.699951171875,4.195000171661377,101.16000366210938,1304.280029296875,12044.400390625,76.77999877929688,1.3801289796829224,3.3929998874664307,2.0429999828338623
2011-03-14,1424.5999755859375,35.82500076293945,1752.300048828125,4.173500061035156,101.19000244140625,1296.3900146484375,11993.16015625,76.3499984741211,1.3934563398361206,3.3469998836517334,1.972000002861023
2011-03-15,1392.5999755859375,34.11600112915039,1705.5999755859375,4.125,97.18000030517578,1281.8699951171875,11855.419921875,76.33000183105469,1.3992079496383667,3.322999954223633,1.9700000286102295
2011-03-16,1396.0,34.47100067138672,1700.5,4.186999797821045,97.9800033569336,1256.8800048828125,11613.2998046875,76.68000030517578,1.3986209630966187,3.2119998931884766,1.8630000352859497
2011-03-17,1404.0,34.2599983215332,1706.9000244140625,4.335999965667725,101.41999816894531,1273.719970703125,11774.58984375,76.04000091552734,1.3884838819503784,3.247999906539917,1.9019999504089355
2011-03-18,1415.9000244140625,35.060001373291016,1723.4000244140625,4.329500198364258,101.06999969482422,1279.2099609375,11858.51953125,75.72000122070312,1.4032920598983765,3.2769999504089355,1.9429999589920044
2011-03-21,1426.199951171875,36.00199890136719,1744.9000244140625,4.2754998207092285,102.33000183105469,1298.3800048828125,12036.5302734375,75.4000015258789,1.4170527458190918,3.322999954223633,2.0209999084472656
2011-03-22,1427.5,36.270999908447266,1739.4000244140625,4.303500175476074,104.0,1293.77001953125,12018.6298828125,75.43000030517578,1.4217066764831543,3.3320000171661377,2.0380001068115234
2011-03-23,1437.9000244140625,37.20199966430664,1760.0,4.418499946594238,105.75,1297.5400390625,12086.01953125,75.79000091552734,1.4168118238449097,3.3480000495910645,2.0460000038146973
2011-03-24,1434.800048828125,37.38800048828125,1760.0,4.414000034332275,105.5999984741211,1309.6600341796875,12170.5595703125,75.66000366210938,1.4105963706970215,3.4040000438690186,2.11299991607666
2011-03-25,1426.0999755859375,37.05799865722656,1745.5999755859375,4.4085001945495605,105.4000015258789,1313.800048828125,12220.58984375,76.22000122070312,1.4171934127807617,3.444000005722046,2.1689999103546143
2011-03-28,1419.800048828125,37.09700012207031,1747.800048828125,4.3404998779296875,103.9800033569336,1310.18994140625,12197.8798828125,76.12999725341797,1.402603268623352,3.447999954223633,2.196000099182129
2011-03-29,1416.0,36.97700119018555,1740.5999755859375,4.337500095367432,104.79000091552734,1319.43994140625,12279.009765625,76.25,1.4079747200012207,3.490999937057495,2.2290000915527344
2011-03-30,1423.800048828125,37.500999450683594,1771.4000244140625,4.265999794006348,104.2699966430664,1328.260009765625,12350.6103515625,76.12000274658203,1.411113977432251,3.4549999237060547,2.2170000076293945
2011-03-31,1438.9000244140625,37.87200164794922,1779.300048828125,4.300000190734863,106.72000122070312,1325.8299560546875,12319.73046875,75.86000061035156,1.4121301174163818,3.4539999961853027,2.2249999046325684
2011-04-01,1428.0999755859375,37.73699951171875,1774.9000244140625,4.251500129699707,107.94000244140625,1332.4100341796875,12376.7197265625,75.83000183105469,1.415869116783142,3.4509999752044678,2.247999906539917
2011-04-04,1432.199951171875,38.48400115966797,1783.4000244140625,4.246500015258789,108.47000122070312,1332.8699951171875,12400.0302734375,75.91000366210938,1.4223334789276123,3.430999994277954,2.197000026702881
2011-04-05,1451.800048828125,39.17499923706055,1796.800048828125,4.257999897003174,108.33999633789062,1332.6300048828125,12393.900390625,75.87999725341797,1.422009825706482,3.486999988555908,2.2720000743865967
2011-04-06,1457.699951171875,39.38399887084961,1797.800048828125,4.363500118255615,108.83000183105469,1335.5400390625,12426.75,75.51000213623047,1.4219088554382324,3.5450000762939453,2.312999963760376
2011-04-07,1458.5,39.54199981689453,1790.5999755859375,4.408999919891357,110.30000305175781,1333.510009765625,12409.490234375,75.58999633789062,1.4335273504257202,3.555000066757202,2.2820000648498535
2011-04-08,1473.4000244140625,40.599998474121094,1812.0999755859375,4.494999885559082,112.79000091552734,1328.1700439453125,12380.0498046875,75.06999969482422,1.430206060409546,3.569999933242798,2.299999952316284
2011-04-11,1467.4000244140625,40.604000091552734,1799.5,4.453499794006348,109.91999816894531,1324.4599609375,12381.1103515625,75.05999755859375,1.446215271949768,3.569999933242798,2.2980000972747803
2011-04-12,1452.9000244140625,40.05799865722656,1778.800048828125,4.377500057220459,106.25,1314.1600341796875,12263.580078125,74.8499984741211,1.4437931776046753,3.5,2.2100000381469727
2011-04-13,1454.9000244140625,40.23500061035156,1781.699951171875,4.28849983215332,107.11000061035156,1314.4100341796875,12270.990234375,74.9800033569336,1.447638988494873,3.4660000801086426,2.1710000038146973
2011-04-14,1471.699951171875,41.6609992980957,1798.5999755859375,4.2795000076293945,108.11000061035156,1314.52001953125,12285.150390625,74.68000030517578,1.444210171699524,3.484999895095825,2.2109999656677246
2011-04-15,1485.300048828125,42.566001892089844,1797.800048828125,4.252999782562256,109.66000366210938,1319.6800537109375,12341.830078125,74.83000183105469,1.4432096481323242,3.4100000858306885,2.122999906539917
2011-04-18,1492.300048828125,42.957000732421875,1785.800048828125,4.193999767303467,107.12000274658203,1305.1400146484375,12201.58984375,75.5,1.4412959814071655,3.371000051498413,2.055000066757202
2011-04-19,1494.5,43.91899871826172,1782.5999755859375,4.224999904632568,108.1500015258789,1312.6199951171875,12266.75,75.02999877929688,1.4223941564559937,3.3559999465942383,2.058000087738037
2011-04-20,1498.300048828125,44.46500015258789,1816.300048828125,4.33650016784668,111.44999694824219,1330.3599853515625,12453.5400390625,74.37000274658203,1.433794617652893,3.4000000953674316,2.1110000610351562
2011-04-21,1503.199951171875,46.0620002746582,1833.699951171875,4.3979997634887695,112.29000091552734,1337.3800048828125,12505.990234375,74.0,1.4513999223709106,3.4000000953674316,2.114000082015991
2011-04-25,1508.5999755859375,47.1510009765625,1835.0999755859375,4.301000118255615,112.27999877929688,1335.25,12479.8798828125,73.98999786376953,1.4557099342346191,3.36299991607666,2.065999984741211
2011-04-26,1503.0,45.05799865722656,1812.4000244140625,4.31850004196167,112.20999908447266,1347.239990234375,12595.3701171875,73.83999633789062,1.4578959941864014,3.319999933242798,2.0239999294281006
2011-04-27,1516.699951171875,45.9640007019043,1825.199951171875,4.228499889373779,112.76000213623047,1355.6600341796875,12690.9599609375,73.5199966430664,1.4687954187393188,3.368000030517578,2.0390000343322754
2011-04-28,1530.800048828125,47.52000045776367,1845.9000244140625,4.244999885559082,112.86000061035156,1360.47998046875,12763.3095703125,73.12000274658203,1.4779999256134033,3.312000036239624,2.0
2011-04-29,1556.0,48.58399963378906,1871.5,4.165500164031982,113.93000030517578,1363.6099853515625,12810.5400390625,72.93000030517578,1.4844063520431519,3.2960000038146973,1.975000023841858
2011-05-02,1556.699951171875,46.077999114990234,1877.699951171875,4.182499885559082,113.5199966430664,1361.219970703125,12807.3603515625,72.94999694824219,1.4793994426727295,3.2860000133514404,1.9670000076293945
2011-05-03,1540.0999755859375,42.57600021362305,1862.5,4.239999771118164,111.05000305175781,1356.6199951171875,12807.509765625,73.13999938964844,1.4823819398880005,3.255000114440918,1.9490000009536743
2011-05-04,1514.9000244140625,39.382999420166016,1827.300048828125,4.120500087738037,109.23999786376953,1347.3199462890625,12723.580078125,73.02999877929688,1.4833273887634277,3.2230000495910645,1.937000036239624
2011-05-05,1480.9000244140625,36.23099899291992,1779.199951171875,3.9855000972747803,99.80000305175781,1335.0999755859375,12584.169921875,74.19000244140625,1.4829754829406738,3.1679999828338623,1.8910000324249268
2011-05-06,1491.199951171875,35.28300094604492,1787.4000244140625,3.9635000228881836,97.18000030517578,1340.199951171875,12638.740234375,74.83999633789062,1.454439640045166,3.1570000648498535,1.8630000352859497
2011-05-09,1502.9000244140625,37.11000061035156,1796.0999755859375,4.004000186920166,102.55000305175781,1346.2900390625,12684.6796875,74.73999786376953,1.4352967739105225,3.1419999599456787,1.8359999656677246
2011-05-10,1516.5999755859375,38.47999954223633,1800.9000244140625,4.0295000076293945,103.87999725341797,1357.1600341796875,12760.3603515625,74.61000061035156,1.4376078844070435,3.194999933242798,1.8940000534057617
2011-05-11,1501.0999755859375,35.50899887084961,1777.800048828125,3.9019999504089355,98.20999908447266,1342.0799560546875,12630.0302734375,75.33000183105469,1.44110906124115,3.1570000648498535,1.8489999771118164
2011-05-12,1506.5999755859375,34.792999267578125,1772.5,3.9605000019073486,98.97000122070312,1348.6500244140625,12695.919921875,75.23999786376953,1.4211004972457886,3.2300000190734863,1.8819999694824219
2011-05-13,1493.4000244140625,35.01100158691406,1770.800048828125,3.9749999046325684,99.6500015258789,1337.77001953125,12595.75,75.76000213623047,1.423791527748108,3.187000036239624,1.8480000495910645
2011-05-16,1490.4000244140625,34.12900161743164,1763.0,3.9830000400543213,97.37000274658203,1329.469970703125,12548.3701171875,75.47000122070312,1.4077963829040527,3.1489999294281006,1.8049999475479126
2011-05-17,1479.800048828125,33.487998962402344,1764.0,3.990999937057495,96.91000366210938,1328.97998046875,12479.580078125,75.4000015258789,1.415808916091919,3.121000051498413,1.7860000133514404
2011-05-18,1495.5999755859375,35.09400177001953,1782.9000244140625,4.0995001792907715,100.0999984741211,1340.6800537109375,12560.1796875,75.47000122070312,1.4268999099731445,3.1710000038146973,1.8420000076293945
2011-05-19,1492.199951171875,34.926998138427734,1772.0,4.046999931335449,98.44000244140625,1343.5999755859375,12605.3203125,75.12000274658203,1.4255167245864868,3.1710000038146973,1.8220000267028809
2011-05-20,1508.800048828125,35.082000732421875,1772.4000244140625,4.11899995803833,99.48999786376953,1333.27001953125,12512.0400390625,75.43000030517578,1.4316186904907227,3.1519999504089355,1.7990000247955322
2011-05-23,1515.300048828125,34.9010009765625,1758.9000244140625,3.990000009536743,97.69999694824219,1317.3699951171875,12381.259765625,76.0999984741211,1.4105764627456665,3.134000062942505,1.7860000133514404
2011-05-24,1523.199951171875,36.12099838256836,1765.5,4.012499809265137,99.58999633789062,1316.280029296875,12356.2099609375,75.87999725341797,1.403666377067566,3.122999906539917,1.784000039100647
2011-05-25,1526.5999755859375,37.63999938964844,1779.800048828125,4.1020002365112305,101.31999969482422,1320.469970703125,12394.66015625,75.93000030517578,1.4099003076553345,3.128999948501587,1.7660000324249268
2011-05-26,1522.800048828125,37.32600021362305,1778.0999755859375,4.10699987411499,100.2300033569336,1325.68994140625,12402.759765625,75.55000305175781,1.4084903001785278,3.061000108718872,1.7269999980926514
2011-05-27,1536.300048828125,37.856998443603516,1800.0,4.179500102996826,100.58999633789062,1331.0999755859375,12441.580078125,74.94999694824219,1.4135074615478516,3.063999891281128,1.7089999914169312
2011-05-31,1535.9000244140625,38.303001403808594,1834.0,4.173500061035156,102.69999694824219,1345.199951171875,12569.7900390625,74.63999938964844,1.4322338104248047,3.049999952316284,1.687999963760376
2011-06-01,1542.4000244140625,37.68899917602539,1823.9000244140625,4.103000164031982,100.29000091552734,1314.550048828125,12290.1396484375,74.68000030517578,1.4427932500839233,2.9660000801086426,1.6089999675750732
2011-06-02,1532.0,36.20000076293945,1817.800048828125,4.08050012588501,100.4000015258789,1312.93994140625,12248.5498046875,74.33000183105469,1.434493899345398,3.0299999713897705,1.649999976158142
2011-06-03,1541.699951171875,36.1870002746582,1823.699951171875,4.130000114440918,100.22000122070312,1300.1600341796875,12151.259765625,73.77999877929688,1.4486035108566284,2.996999979019165,1.6080000400543213
2011-06-06,1546.5,36.7760009765625,1821.199951171875,4.13700008392334,99.01000213623047,1286.1700439453125,12089.9599609375,73.94999694824219,1.465502142906189,3.002000093460083,1.5980000495910645
2011-06-07,1543.300048828125,37.040000915527344,1830.699951171875,4.144499778747559,99.08999633789062,1284.93994140625,12070.8095703125,73.5199966430664,1.458299994468689,3.010999917984009,1.590999960899353
2011-06-08,1538.0999755859375,36.61899948120117,1831.199951171875,4.105000019073486,100.73999786376953,1279.56005859375,12048.9404296875,73.93000030517578,1.4686013460159302,2.9619998931884766,1.5190000534057617
2011-06-09,1542.0999755859375,37.42300033569336,1844.699951171875,4.103499889373779,101.93000030517578,1289.0,12124.3603515625,74.19000244140625,1.4601950645446777,2.997999906539917,1.5859999656677246
2011-06-10,1528.5999755859375,36.32600021362305,1833.0,4.052000045776367,99.29000091552734,1270.97998046875,11951.91015625,74.79000091552734,1.451568365097046,2.9709999561309814,1.565999984741211
2011-06-13,1515.0,34.736000061035156,1806.800048828125,4.0304999351501465,97.30000305175781,1271.8299560546875,11952.9697265625,74.51000213623047,1.4332603216171265,2.990999937057495,1.5889999866485596
2011-06-14,1523.800048828125,35.40999984741211,1794.9000244140625,4.1539998054504395,99.37000274658203,1287.8699951171875,12076.1103515625,74.33000183105469,1.4416908025741577,3.0989999771118164,1.687000036239624
2011-06-15,1525.5999755859375,35.40599822998047,1774.199951171875,4.121500015258789,94.80999755859375,1265.4200439453125,11897.26953125,75.5999984741211,1.4450031518936157,2.9730000495910645,1.5479999780654907
2011-06-16,1529.300048828125,35.553001403808594,1760.699951171875,4.117499828338623,94.94999694824219,1267.6400146484375,11961.51953125,75.75,1.4181982278823853,2.9089999198913574,1.4989999532699585
2011-06-17,1538.5999755859375,35.73899841308594,1752.0999755859375,4.103000164031982,93.01000213623047,1271.5,12004.3603515625,74.98999786376953,1.419909954071045,2.944000005722046,1.5240000486373901
2011-06-20,1541.5,36.064998626708984,1730.5,4.074999809265137,93.26000213623047,1278.3599853515625,12080.3798828125,75.02999877929688,1.4285101890563965,2.9630000591278076,1.5420000553131104
2011-06-21,1546.0,36.37300109863281,1747.199951171875,4.0894999504089355,93.4000015258789,1295.52001953125,12190.009765625,74.54000091552734,1.4325416088104248,2.984999895095825,1.5499999523162842
2011-06-22,1552.9000244140625,36.73400115966797,1752.4000244140625,4.090000152587891,95.41000366210938,1287.1400146484375,12109.669921875,74.77999877929688,1.4381660223007202,2.993000030517578,1.5449999570846558
2011-06-23,1520.0999755859375,35.005001068115234,1694.5,4.040999889373779,91.0199966430664,1283.5,12050.0,75.44999694824219,1.4314342737197876,2.9089999198913574,1.4520000219345093
2011-06-24,1500.5,34.64099884033203,1677.5999755859375,4.098499774932861,91.16000366210938,1268.449951171875,11934.580078125,75.66999816894531,1.427001714706421,2.871000051498413,1.3910000324249268
2011-06-27,1496.0,33.58000183105469,1673.0,4.051499843597412,90.61000061035156,1280.0999755859375,12043.5595703125,75.38999938964844,1.4171332120895386,2.927000045776367,1.4450000524520874
2011-06-28,1499.699951171875,33.632999420166016,1691.699951171875,4.0920000076293945,92.88999938964844,1296.6700439453125,12188.6904296875,75.05999755859375,1.4316802024841309,3.0450000762939453,1.5989999771118164
2011-06-29,1509.9000244140625,34.75,1723.800048828125,4.209499835968018,94.7699966430664,1307.4100341796875,12261.419921875,74.69000244140625,1.4357914924621582,3.1080000400543213,1.6929999589920044
2011-06-30,1502.300048828125,34.8120002746582,1724.800048828125,4.271999835968018,95.41999816894531,1320.6400146484375,12414.33984375,74.30000305175781,1.4478904008865356,3.1579999923706055,1.753999948501587
2011-07-01,1482.300048828125,33.694000244140625,1716.800048828125,4.291999816894531,94.94000244140625,1339.6700439453125,12582.76953125,74.3499984741211,1.4496954679489136,3.197000026702881,1.7990000247955322
2011-07-05,1512.300048828125,35.402000427246094,1742.5999755859375,4.339000225067139,96.88999938964844,1337.8800048828125,12569.8701171875,74.69000244140625,1.4553074836730957,3.135999917984009,1.6950000524520874
2011-07-06,1528.699951171875,35.9109992980957,1733.4000244140625,4.326499938964844,96.6500015258789,1339.219970703125,12626.01953125,75.12000274658203,1.4428139925003052,3.0950000286102295,1.6480000019073486
2011-07-07,1530.199951171875,36.52799987792969,1741.0,4.432000160217285,98.66999816894531,1353.219970703125,12719.490234375,74.95999908447266,1.4331575632095337,3.1489999294281006,1.7380000352859497
2011-07-08,1541.199951171875,36.5359992980957,1731.4000244140625,4.402500152587891,96.19999694824219,1343.800048828125,12657.2001953125,75.18000030517578,1.4364513158798218,3.0160000324249268,1.5700000524520874
2011-07-11,1548.800048828125,35.68899917602539,1726.0,4.358500003814697,95.1500015258789,1319.489990234375,12505.759765625,75.98999786376953,1.4201923608779907,2.9170000553131104,1.4739999771118164
2011-07-12,1561.9000244140625,35.62900161743164,1734.4000244140625,4.381499767303467,97.43000030517578,1313.6400146484375,12446.8798828125,75.80999755859375,1.4040604829788208,2.9079999923706055,1.4639999866485596
2011-07-13,1585.199951171875,38.14799880981445,1767.0,4.394499778747559,98.05000305175781,1317.719970703125,12491.6103515625,75.20999908447266,1.3969016075134277,2.8910000324249268,1.4479999542236328
2011-07-14,1589.0,38.68899917602539,1774.300048828125,4.372000217437744,95.69000244140625,1308.8699951171875,12437.1201171875,75.25,1.4234267473220825,2.944000005722046,1.4880000352859497
2011-07-15,1589.800048828125,39.0629997253418,1755.0,4.40500020980835,97.23999786376953,1316.1400146484375,12479.73046875,75.12999725341797,1.4157286882400513,2.9079999923706055,1.4390000104904175
2011-07-18,1602.0999755859375,40.33300018310547,1774.4000244140625,4.395999908447266,95.93000030517578,1305.43994140625,12385.16015625,75.4800033569336,1.4123096466064453,2.9089999198913574,1.4259999990463257
2011-07-19,1600.9000244140625,40.21099853515625,1775.300048828125,4.4604997634887695,97.5,1326.72998046875,12587.419921875,75.22000122070312,1.411193609237671,2.8910000324249268,1.4420000314712524
2011-07-20,1596.699951171875,39.54600143432617,1775.0,4.428500175476074,98.13999938964844,1325.8399658203125,12571.91015625,74.79000091552734,1.417293906211853,2.933000087738037,1.4700000286102295
2011-07-21,1586.800048828125,38.9370002746582,1786.699951171875,4.377500057220459,99.12999725341797,1343.800048828125,12724.41015625,74.0199966430664,1.427001714706421,3.009999990463257,1.5410000085830688
2011-07-22,1601.300048828125,40.112998962402344,1797.300048828125,4.4045000076293945,99.87000274658203,1345.02001953125,12681.16015625,74.19999694824219,1.4420026540756226,2.9639999866485596,1.5080000162124634
2011-07-25,1612.0,40.354000091552734,1792.9000244140625,4.401500225067139,99.19999694824219,1337.4300537109375,12592.7998046875,74.05999755859375,1.4388489723205566,3.003999948501587,1.5260000228881836
2011-07-26,1616.5999755859375,40.691001892089844,1806.0999755859375,4.473999977111816,99.58999633789062,1331.93994140625,12501.2998046875,73.47000122070312,1.4371533393859863,2.9509999752044678,1.4780000448226929
2011-07-27,1615.0,40.553001403808594,1806.9000244140625,4.440499782562256,97.4000015258789,1304.8900146484375,12302.5498046875,74.08999633789062,1.450810194015503,2.9800000190734863,1.5210000276565552
2011-07-28,1613.4000244140625,39.77899932861328,1792.4000244140625,4.4644999504089355,97.44000244140625,1300.6700439453125,12240.1103515625,74.22000122070312,1.4372979402542114,2.9509999752044678,1.527999997138977
2011-07-29,1628.300048828125,40.09199905395508,1785.300048828125,4.473999977111816,95.69999694824219,1292.280029296875,12143.240234375,73.9000015258789,1.4331985712051392,2.805000066757202,1.3730000257492065
2011-08-01,1619.0,39.29800033569336,1794.5999755859375,4.4039998054504395,94.88999938964844,1286.93994140625,12132.490234375,74.26000213623047,1.4363688230514526,2.740000009536743,1.3140000104904175
2011-08-02,1641.9000244140625,40.08100128173828,1793.5,4.388999938964844,93.79000091552734,1254.050048828125,11866.6201171875,74.51000213623047,1.4262080192565918,2.624000072479248,1.2280000448226929
2011-08-03,1663.4000244140625,41.74700164794922,1785.0,4.320000171661377,91.93000030517578,1260.3399658203125,11896.4404296875,74.04000091552734,1.417333960533142,2.5989999771118164,1.2389999628067017
2011-08-04,1656.199951171875,39.417999267578125,1729.4000244140625,4.230999946594238,86.62999725341797,1200.0699462890625,11383.6796875,75.12000274658203,1.4352967739105225,2.4579999446868896,1.1319999694824219
2011-08-05,1648.800048828125,38.196998596191406,1719.0999755859375,4.11299991607666,86.87999725341797,1199.3800048828125,11444.6103515625,74.5999984741211,1.4067071676254272,2.558000087738037,1.253000020980835
2011-08-08,1710.199951171875,39.374000549316406,1723.5999755859375,3.9574999809265137,81.30999755859375,1119.4599609375,10809.849609375,74.79000091552734,1.4294085502624512,2.3389999866485596,1.0920000076293945
2011-08-09,1740.0,37.87699890136719,1756.4000244140625,3.9670000076293945,79.30000305175781,1172.530029296875,11239.76953125,74.61000061035156,1.4170728921890259,2.181999921798706,0.9340000152587891
2011-08-10,1781.300048828125,39.32500076293945,1771.699951171875,3.885499954223633,82.88999938964844,1120.760009765625,10719.9404296875,74.63999938964844,1.4383108615875244,2.13700008392334,0.9290000200271606
2011-08-11,1748.800048828125,38.65599822998047,1792.4000244140625,4.004499912261963,85.72000122070312,1172.6400146484375,11143.3095703125,74.68000030517578,1.4124692678451538,2.3359999656677246,0.9879999756813049
2011-08-12,1740.199951171875,39.10100173950195,1796.699951171875,4.009500026702881,85.37999725341797,1178.81005859375,11269.01953125,74.61000061035156,1.4226369857788086,2.236999988555908,0.9440000057220459
2011-08-15,1755.5,39.29800033569336,1797.199951171875,4.031499862670898,87.87999725341797,1204.489990234375,11482.900390625,73.83999633789062,1.4274091720581055,2.2850000858306885,0.9769999980926514
2011-08-16,1782.4000244140625,39.82099914550781,1818.0999755859375,3.99399995803833,86.6500015258789,1192.760009765625,11405.9296875,74.01000213623047,1.4438347816467285,2.2139999866485596,0.9269999861717224
2011-08-17,1791.199951171875,40.349998474121094,1840.800048828125,4.0289998054504395,87.58000183105469,1193.8900146484375,11410.2099609375,73.66999816894531,1.439801812171936,2.1649999618530273,0.9100000262260437
2011-08-18,1818.9000244140625,40.6870002746582,1847.699951171875,3.9644999504089355,82.37999725341797,1140.6500244140625,10990.580078125,74.23999786376953,1.4429181814193726,2.0829999446868896,0.8930000066757202
2011-08-19,1848.9000244140625,42.428001403808594,1874.9000244140625,3.9825000762939453,82.26000213623047,1123.530029296875,10817.650390625,73.98999786376953,1.4324390888214111,2.071000099182129,0.8999999761581421
2011-08-22,1888.699951171875,43.32099914550781,1905.699951171875,3.9560000896453857,84.12000274658203,1123.8199462890625,10854.650390625,74.06999969482422,1.4369261264801025,2.0880000591278076,0.9259999990463257
2011-08-23,1858.300048828125,42.28099822998047,1880.0999755859375,3.994499921798706,85.44000244140625,1162.3499755859375,11176.759765625,73.87000274658203,1.436100721359253,2.13700008392334,0.9380000233650208
2011-08-24,1754.0999755859375,39.15700149536133,1826.300048828125,3.996999979019165,85.16000366210938,1177.5999755859375,11320.7099609375,74.01000213623047,1.4437098503112793,2.259999990463257,1.0049999952316284
2011-08-25,1759.800048828125,40.7400016784668,1822.4000244140625,4.078999996185303,85.30000305175781,1159.27001953125,11149.8203125,74.27999877929688,1.44123375415802,2.2219998836517334,0.9810000061988831
2011-08-26,1794.0999755859375,40.946998596191406,1826.9000244140625,4.098999977111816,85.37000274658203,1176.800048828125,11284.5400390625,73.80999755859375,1.4372979402542114,2.187999963760376,0.9409999847412109
2011-08-29,1788.4000244140625,40.54100036621094,1825.0,4.089000225067139,87.2699966430664,1210.0799560546875,11539.25,73.72000122070312,1.449506402015686,2.2709999084472656,0.9919999837875366
2011-08-30,1826.699951171875,41.39799880981445,1853.0999755859375,4.123000144958496,88.9000015258789,1212.9200439453125,11559.9501953125,73.94000244140625,1.4524328708648682,2.1760001182556152,0.9279999732971191
2011-08-31,1828.5,41.69900131225586,1856.199951171875,4.186999797821045,88.80999755859375,1218.8900146484375,11613.5302734375,74.12999725341797,1.4433138370513916,2.2179999351501465,0.9520000219345093
2011-09-01,1826.0,41.481998443603516,1852.9000244140625,4.142499923706055,88.93000030517578,1204.4200439453125,11493.5703125,74.4800033569336,1.4374631643295288,2.1459999084472656,0.9070000052452087
2011-09-02,1873.699951171875,43.02000045776367,1884.800048828125,4.10699987411499,86.44999694824219,1173.969970703125,11240.259765625,74.75,1.4262080192565918,1.996000051498413,0.8700000047683716
2011-09-06,1869.9000244140625,41.81800079345703,1858.199951171875,4.0395002365112305,86.0199966430664,1165.239990234375,11139.2998046875,75.91999816894531,1.4063115119934082,1.9789999723434448,0.8830000162124634
2011-09-07,1814.199951171875,41.571998596191406,1828.699951171875,4.115499973297119,89.33999633789062,1198.6199951171875,11414.8603515625,75.45999908447266,1.4003249406814575,2.0360000133514404,0.9079999923706055
2011-09-08,1854.4000244140625,42.479000091552734,1854.5,4.127999782562256,89.05000305175781,1185.9000244140625,11295.8095703125,76.23999786376953,1.4085696935653687,1.9859999418258667,0.8669999837875366
2011-09-09,1856.4000244140625,41.573001861572266,1837.9000244140625,3.987499952316284,87.23999786376953,1154.22998046875,10992.1298828125,77.19000244140625,1.3904144763946533,1.9149999618530273,0.8050000071525574
2011-09-12,1809.9000244140625,40.16400146484375,1809.4000244140625,3.950500011444092,88.19000244140625,1162.27001953125,11061.1201171875,77.56999969482422,1.3600815534591675,1.9299999475479126,0.8529999852180481
2011-09-13,1826.800048828125,41.12300109863281,1813.5,3.9560000896453857,90.20999908447266,1172.8699951171875,11105.849609375,76.91000366210938,1.3660268783569336,1.99399995803833,0.8870000243186951
2011-09-14,1823.5,40.46900177001953,1815.9000244140625,3.884999990463257,88.91000366210938,1188.6800537109375,11246.73046875,76.83000183105469,1.3686069250106812,2.010999917984009,0.9049999713897705
2011-09-15,1778.5,39.452999114990234,1780.5999755859375,3.944999933242798,89.4000015258789,1209.1099853515625,11433.1796875,76.23999786376953,1.3746082782745361,2.0850000381469727,0.9470000267028809
2011-09-16,1812.0999755859375,40.78099822998047,1813.9000244140625,3.9200000762939453,87.95999908447266,1216.010009765625,11509.08984375,76.58000183105469,1.3869048357009888,2.0759999752044678,0.9300000071525574
2011-09-19,1776.4000244140625,39.11000061035156,1772.0,3.7715001106262207,85.69999694824219,1204.0899658203125,11401.009765625,77.38999938964844,1.3701446056365967,1.940000057220459,0.8299999833106995
2011-09-20,1806.5999755859375,40.08100128173828,1781.9000244140625,3.7165000438690186,86.88999938964844,1202.0899658203125,11408.66015625,77.02999877929688,1.3605626821517944,1.9470000267028809,0.8450000286102295
2011-09-21,1805.5,40.41999816894531,1788.199951171875,3.753499984741211,85.91999816894531,1166.760009765625,11124.83984375,77.33999633789062,1.369394063949585,1.875,0.8560000061988831
2011-09-22,1739.199951171875,36.53799819946289,1710.5999755859375,3.4804999828338623,80.51000213623047,1129.56005859375,10733.830078125,78.37999725341797,1.3586033582687378,1.715000033378601,0.7720000147819519
2011-09-23,1637.5,30.051000595092773,1613.199951171875,3.2720000743865967,79.8499984741211,1136.4300537109375,10771.48046875,78.30000305175781,1.348090410232544,1.8079999685287476,0.8489999771118164
2011-09-26,1592.5,29.927000045776367,1546.9000244140625,3.2750000953674316,80.23999786376953,1162.949951171875,11043.8603515625,78.36000061035156,1.3547013998031616,1.9040000438690186,0.906000018119812
2011-09-27,1650.5999755859375,31.496999740600586,1574.0,3.429500102996826,84.44999694824219,1175.3800048828125,11190.6904296875,77.51000213623047,1.351807951927185,2.0160000324249268,0.9710000157356262
2011-09-28,1616.300048828125,30.084999084472656,1534.199951171875,3.2360000610351562,81.20999908447266,1151.06005859375,11010.900390625,77.8499984741211,1.3582342863082886,2.002000093460083,0.9580000042915344
2011-09-29,1615.5,30.472000122070312,1528.300048828125,3.236999988555908,82.13999938964844,1160.4000244140625,11153.98046875,77.91999816894531,1.3537662029266357,1.9570000171661377,0.9710000157356262
2011-09-30,1620.4000244140625,30.041000366210938,1519.4000244140625,3.1449999809265137,79.19999694824219,1131.4200439453125,10913.3798828125,78.55000305175781,1.3585848808288574,1.9240000247955322,0.9649999737739563
2011-10-03,1656.0,30.75,1512.300048828125,3.140000104904175,77.61000061035156,1099.22998046875,10655.2998046875,79.44999694824219,1.336094617843628,1.784999966621399,0.875
2011-10-04,1614.699951171875,29.795000076293945,1461.9000244140625,3.0945000648498535,75.66999816894531,1123.949951171875,10808.7099609375,79.5999984741211,1.3195048570632935,1.781000018119812,0.8889999985694885
2011-10-05,1640.300048828125,30.316999435424805,1478.0,3.0975000858306885,79.68000030517578,1144.030029296875,10939.9501953125,78.91000366210938,1.3330134153366089,1.9049999713897705,0.9599999785423279
2011-10-06,1651.9000244140625,31.969999313354492,1503.800048828125,3.239000082015991,82.58999633789062,1164.969970703125,11123.330078125,78.52999877929688,1.333991527557373,1.9859999418258667,1.00600004196167
2011-10-07,1634.5,30.95800018310547,1489.0,3.2664999961853027,82.9800033569336,1155.4599609375,11103.1201171875,78.72000122070312,1.3428946733474731,2.068000078201294,1.0729999542236328
2011-10-10,1669.5999755859375,31.944000244140625,1520.5999755859375,3.361999988555908,85.41000366210938,1194.8900146484375,11433.1796875,77.5999984741211,1.3385984897613525,2.0759999752044678,1.0809999704360962
2011-10-11,1659.699951171875,31.96299934387207,1515.199951171875,3.2874999046325684,85.80999755859375,1195.5400390625,11416.2998046875,77.58000183105469,1.3635495901107788,2.1600000858306885,1.1349999904632568
2011-10-12,1681.300048828125,32.75400161743164,1550.5,3.390500068664551,85.56999969482422,1207.25,11518.849609375,76.98999786376953,1.3645730018615723,2.2260000705718994,1.1610000133514404
2011-10-13,1667.300048828125,31.632999420166016,1528.5,3.302500009536743,84.2300033569336,1203.6600341796875,11478.1298828125,76.98999786376953,1.379196286201477,2.1689999103546143,1.090999960899353
2011-10-14,1681.800048828125,32.13999938964844,1549.5,3.4049999713897705,86.80000305175781,1224.5799560546875,11644.490234375,76.62000274658203,1.3735508918762207,2.2320001125335693,1.1039999723434448
2011-10-17,1675.5,31.791000366210938,1547.300048828125,3.373500108718872,86.37999725341797,1200.8599853515625,11397.0,77.13999938964844,1.3879058361053467,2.1549999713897705,1.0570000410079956
2011-10-18,1651.699951171875,31.801000595092773,1536.699951171875,3.3554999828338623,88.33999633789062,1225.3800048828125,11577.0498046875,77.12999725341797,1.3744003772735596,2.1510000228881836,1.0369999408721924
2011-10-19,1646.0,31.25200080871582,1519.0999755859375,3.253999948501587,86.11000061035156,1209.8800048828125,11504.6201171875,77.11000061035156,1.3740037679672241,2.1589999198913574,1.0410000085830688
2011-10-20,1611.9000244140625,30.266000747680664,1486.9000244140625,3.054500102996826,85.30000305175781,1215.3900146484375,11541.7802734375,76.97000122070312,1.3765003681182861,2.180000066757202,1.0570000410079956
2011-10-21,1635.0999755859375,31.17300033569336,1503.699951171875,3.2190001010894775,87.4000015258789,1238.25,11808.7900390625,76.30000305175781,1.377903938293457,2.203000068664551,1.0549999475479126
2011-10-24,1651.5,31.6200008392334,1538.699951171875,3.447000026702881,91.2699966430664,1254.18994140625,11913.6201171875,76.0199966430664,1.3847730159759521,2.2339999675750732,1.0859999656677246
2011-10-25,1699.5999755859375,33.034000396728516,1565.5,3.4189999103546143,93.16999816894531,1229.050048828125,11706.6201171875,76.25,1.3922340869903564,2.128000020980835,1.0
2011-10-26,1722.699951171875,33.29100036621094,1594.0999755859375,3.48799991607666,90.19999694824219,1242.0,11869.0400390625,76.19999694824219,1.3904531002044678,2.203000068664551,1.062000036239624
2011-10-27,1746.699951171875,35.095001220703125,1637.5999755859375,3.688999891281128,93.95999908447266,1284.5899658203125,12208.5498046875,74.87000274658203,1.387694001197815,2.3949999809265137,1.2020000219345093
2011-10-28,1746.199951171875,35.27000045776367,1641.800048828125,3.7019999027252197,93.31999969482422,1285.0899658203125,12231.1103515625,75.08999633789062,1.4173942804336548,2.305999994277954,1.11899995803833
2011-10-31,1724.199951171875,34.33700180053711,1597.5999755859375,3.628999948501587,93.19000244140625,1253.300048828125,11955.009765625,76.16999816894531,1.4140071868896484,2.174999952316284,1.0110000371932983
2011-11-01,1711.0,32.72200012207031,1578.800048828125,3.498500108718872,92.19000244140625,1218.280029296875,11657.9599609375,77.26000213623047,1.386001467704773,2.000999927520752,0.9089999794960022
2011-11-02,1728.699951171875,33.92900085449219,1598.300048828125,3.5785000324249268,92.51000213623047,1237.9000244140625,11836.0400390625,77.01000213623047,1.3655978441238403,2.00600004196167,0.8939999938011169
2011-11-03,1764.199951171875,34.487998962402344,1644.5999755859375,3.5845000743865967,94.06999969482422,1261.1500244140625,12044.4697265625,76.66999816894531,1.3690004348754883,2.065999984741211,0.9129999876022339
2011-11-04,1755.300048828125,34.06999969482422,1626.800048828125,3.562999963760376,94.26000213623047,1253.22998046875,11983.240234375,76.91000366210938,1.382991909980774,2.049999952316284,0.8880000114440918
2011-11-07,1790.300048828125,34.8120002746582,1655.5,3.5329999923706055,95.5199966430664,1261.1199951171875,12068.3896484375,76.95999908447266,1.3789299726486206,1.99399995803833,0.8709999918937683
2011-11-08,1798.4000244140625,35.137001037597656,1670.5999755859375,3.5320000648498535,96.80000305175781,1275.9200439453125,12170.1796875,76.66999816894531,1.3760079145431519,2.065000057220459,0.9160000085830688
2011-11-09,1790.9000244140625,34.347999572753906,1641.699951171875,3.438999891281128,95.73999786376953,1229.0999755859375,11780.9404296875,77.93000030517578,1.3826478719711304,1.9550000429153442,0.8619999885559082
2011-11-10,1758.9000244140625,34.095001220703125,1625.300048828125,3.372499942779541,97.77999877929688,1239.699951171875,11893.8603515625,77.63999938964844,1.3526674509048462,2.055999994277954,0.906000018119812
2011-11-11,1787.5,34.67100143432617,1645.199951171875,3.4619998931884766,98.98999786376953,1263.8499755859375,12153.6796875,76.94000244140625,1.3610072135925293,2.055999994277954,0.9049999713897705
2011-11-14,1777.800048828125,34.01300048828125,1642.5999755859375,3.4855000972747803,98.13999938964844,1251.780029296875,12078.98046875,77.55999755859375,1.3787018060684204,2.0429999828338623,0.8980000019073486
2011-11-15,1781.699951171875,34.448001861572266,1641.199951171875,3.499000072479248,99.37000274658203,1257.81005859375,12096.16015625,77.87999725341797,1.362416386604309,2.056999921798706,0.9079999923706055
2011-11-16,1773.800048828125,33.81399917602539,1629.699951171875,3.4820001125335693,102.58999633789062,1236.9100341796875,11905.58984375,78.16000366210938,1.350712537765503,2.0239999294281006,0.8970000147819519
2011-11-17,1719.800048828125,31.493000030517578,1579.5999755859375,3.381999969482422,98.81999969482422,1216.1300048828125,11770.73046875,78.29000091552734,1.3441040515899658,1.9579999446868896,0.8690000176429749
2011-11-18,1724.699951171875,32.41299819946289,1587.0,3.4019999504089355,97.41000366210938,1215.6500244140625,11796.16015625,78.0199966430664,1.3458044528961182,2.01200008392334,0.921999990940094
2011-11-21,1678.300048828125,31.113000869750977,1542.0999755859375,3.2990000247955322,96.91999816894531,1192.97998046875,11547.3095703125,78.30000305175781,1.3529969453811646,1.9620000123977661,0.906000018119812
2011-11-22,1702.199951171875,32.948001861572266,1570.5,3.3304998874664307,98.01000213623047,1188.0400390625,11493.7197265625,78.2300033569336,1.348435878753662,1.9390000104904175,0.8849999904632568
2011-11-23,1695.699951171875,31.881999969482422,1556.800048828125,3.2774999141693115,96.16999816894531,1161.7900390625,11257.5498046875,79.0,1.3521919250488281,1.878999948501587,0.878000020980835
2011-11-25,1685.5,31.011999130249023,1531.5999755859375,3.2679998874664307,96.7699966430664,1158.6700439453125,11231.650390625,79.61000061035156,1.3331022262573242,1.9670000076293945,0.9380000233650208
2011-11-28,1710.800048828125,32.15999984741211,1538.0,3.3585000038146973,98.20999908447266,1192.550048828125,11523.009765625,79.29000091552734,1.3313452005386353,1.9579999446868896,0.9150000214576721
2011-11-29,1713.4000244140625,31.85300064086914,1539.699951171875,3.375999927520752,99.79000091552734,1195.18994140625,11555.6298828125,79.0,1.3316997289657593,1.996000051498413,0.9279999732971191
2011-11-30,1745.5,32.73099899291992,1559.800048828125,3.562999963760376,100.36000061035156,1246.9599609375,12045.6796875,78.38999938964844,1.3324095010757446,2.068000078201294,0.9520000219345093
2011-12-01,1735.300048828125,32.69499969482422,1556.199951171875,3.5220000743865967,100.19999694824219,1244.5799560546875,12020.0302734375,78.31999969482422,1.3443931341171265,2.117000102996826,0.9710000157356262
2011-12-02,1747.0,32.62099838256836,1547.5,3.572499990463257,100.95999908447266,1244.280029296875,12019.419921875,78.62999725341797,1.346692442893982,2.0420000553131104,0.9229999780654907
2011-12-05,1730.699951171875,32.305999755859375,1531.5,3.6040000915527344,100.98999786376953,1257.0799560546875,12097.830078125,78.61000061035156,1.3419036865234375,2.053999900817871,0.9359999895095825
2011-12-06,1727.9000244140625,32.672000885009766,1523.0,3.565500020980835,101.27999877929688,1258.469970703125,12150.1298828125,78.51000213623047,1.3386701345443726,2.0929999351501465,0.9440000057220459
2011-12-07,1740.9000244140625,32.55500030517578,1521.0,3.5450000762939453,100.48999786376953,1261.010009765625,12196.3701171875,78.4800033569336,1.3412017822265625,2.0169999599456787,0.878000020980835
2011-12-08,1709.800048828125,31.466999053955078,1493.4000244140625,3.489500045776367,98.33999633789062,1234.3499755859375,11997.7001953125,78.80999755859375,1.3403747081756592,1.972000002861023,0.8399999737739563
2011-12-09,1712.800048828125,32.17300033569336,1514.800048828125,3.546999931335449,99.41000366210938,1255.18994140625,12184.259765625,78.62999725341797,1.3345433473587036,2.052000045776367,0.8809999823570251
2011-12-12,1664.199951171875,30.934999465942383,1485.9000244140625,3.4544999599456787,97.7699966430664,1236.469970703125,12021.3896484375,79.56999969482422,1.3371665477752686,2.009000062942505,0.859000027179718
2011-12-13,1659.9000244140625,31.19499969482422,1491.300048828125,3.432499885559082,100.13999938964844,1225.72998046875,11954.9404296875,80.25,1.3171066045761108,1.9620000123977661,0.8489999771118164
2011-12-14,1584.300048828125,28.881000518798828,1425.300048828125,3.2709999084472656,94.94999694824219,1211.8199462890625,11823.48046875,80.52999877929688,1.3019137382507324,1.9010000228881836,0.8479999899864197
2011-12-15,1574.5999755859375,29.225000381469727,1406.0,3.259500026702881,93.87000274658203,1215.75,11868.8095703125,80.23999786376953,1.2988024950027466,1.9129999876022339,0.8539999723434448
2011-12-16,1595.5999755859375,29.614999771118164,1416.300048828125,3.3239998817443848,93.52999877929688,1219.6600341796875,11866.3896484375,80.25,1.302965521812439,1.8539999723434448,0.8149999976158142
2011-12-19,1594.4000244140625,28.82200050354004,1412.5999755859375,3.3010001182556152,93.87999725341797,1205.3499755859375,11766.259765625,80.25,1.3036959171295166,1.812999963760376,0.8059999942779541
2011-12-20,1615.5999755859375,29.496000289916992,1431.9000244140625,3.36299991607666,97.22000122070312,1241.300048828125,12103.580078125,79.87999725341797,1.3007792234420776,1.9249999523162842,0.859000027179718
2011-12-21,1611.9000244140625,29.197999954223633,1430.699951171875,3.3889999389648438,98.66999816894531,1243.719970703125,12107.740234375,80.0199966430664,1.3087977170944214,1.9670000076293945,0.9169999957084656
2011-12-22,1608.9000244140625,29.000999450683594,1423.4000244140625,3.4089999198913574,99.52999877929688,1254.0,12169.650390625,79.91999816894531,1.3040019273757935,1.9509999752044678,0.9169999957084656
2011-12-23,1604.699951171875,29.04599952697754,1429.5,3.4635000228881836,99.68000030517578,1265.3299560546875,12294.0,80.01000213623047,1.3056023120880127,2.0299999713897705,0.984000027179718
2011-12-27,1594.199951171875,28.69700050354004,1433.9000244140625,3.4040000438690186,101.33999633789062,1265.4300537109375,12291.349609375,79.79000091552734,1.3050570487976074,2.009000062942505,0.9679999947547913
2011-12-28,1562.9000244140625,27.191999435424805,1387.699951171875,3.359999895095825,99.36000061035156,1249.6400146484375,12151.41015625,80.48999786376953,1.307206630706787,1.9079999923706055,0.9020000100135803
2011-12-29,1539.9000244140625,27.27400016784668,1363.4000244140625,3.365499973297119,99.6500015258789,1263.02001953125,12287.0400390625,80.4800033569336,1.292724609375,1.8969999551773071,0.875
2011-12-30,1565.800048828125,27.875,1399.699951171875,3.43149995803833,98.83000183105469,1257.5999755859375,12217.5595703125,80.16999816894531,1.2956053018569946,1.871000051498413,0.8299999833106995
2012-01-03,1599.699951171875,29.533000946044922,1427.300048828125,3.5250000953674316,102.95999908447266,1277.06005859375,12397.3798828125,79.61000061035156,1.2940963506698608,1.9600000381469727,0.8859999775886536
2012-01-04,1611.9000244140625,29.062999725341797,1423.0999755859375,3.429500102996826,103.22000122070312,1277.300048828125,12418.419921875,80.08999633789062,1.3056023120880127,1.9950000047683716,0.8889999985694885
2012-01-05,1619.4000244140625,29.264999389648438,1414.5,3.422499895095825,101.80999755859375,1281.06005859375,12415.7001953125,80.94000244140625,1.2931424379348755,1.9930000305175781,0.878000020980835
2012-01-06,1616.0999755859375,28.652999877929688,1404.5,3.430999994277954,101.55999755859375,1277.81005859375,12359.919921875,81.23999786376953,1.279606819152832,1.9609999656677246,0.8560000061988831
2012-01-09,1607.5,28.749000549316406,1427.5,3.4124999046325684,101.30999755859375,1280.699951171875,12392.6904296875,81.05000305175781,1.2680377960205078,1.9600000381469727,0.8410000205039978
2012-01-10,1631.0,29.783000946044922,1462.4000244140625,3.509999990463257,102.23999786376953,1292.0799560546875,12462.4697265625,80.80000305175781,1.2775959968566895,1.972000002861023,0.8539999723434448
2012-01-11,1639.199951171875,29.857999801635742,1496.5999755859375,3.5415000915527344,100.87000274658203,1292.47998046875,12449.4501953125,81.3499984741211,1.2751848697662354,1.9040000438690186,0.8190000057220459
2012-01-12,1647.300048828125,30.091999053955078,1499.0,3.6440000534057617,99.0999984741211,1295.5,12471.01953125,80.7699966430664,1.272394061088562,1.9329999685287476,0.8349999785423279
2012-01-13,1630.4000244140625,29.493000030517578,1486.800048828125,3.631999969482422,98.69999694824219,1289.0899658203125,12422.0595703125,81.43000030517578,1.2820513248443604,1.8530000448226929,0.7820000052452087
2012-01-17,1655.199951171875,30.106000900268555,1526.699951171875,3.7260000705718994,100.70999908447266,1293.6700439453125,12482.0703125,81.18000030517578,1.2667046785354614,1.850000023841858,0.777999997138977
2012-01-18,1659.5,30.513999938964844,1523.300048828125,3.746999979019165,100.58999633789062,1308.0400390625,12578.9501953125,80.5999984741211,1.2745997905731201,1.8969999551773071,0.8040000200271606
2012-01-19,1654.0999755859375,30.48200035095215,1516.0,3.797499895095825,100.38999938964844,1314.5,12623.98046875,80.20999908447266,1.2866039276123047,1.972000002861023,0.8510000109672546
2012-01-20,1663.699951171875,31.64699935913086,1530.300048828125,3.740999937057495,98.45999908447266,1315.3800048828125,12720.48046875,80.22000122070312,1.2964956760406494,2.0280001163482666,0.890999972820282
2012-01-23,1678.0,32.233001708984375,1559.0999755859375,3.7945001125335693,99.58000183105469,1316.0,12708.8203125,79.69000244140625,1.2884771823883057,2.066999912261963,0.9110000133514404
2012-01-24,1664.199951171875,31.930999755859375,1550.199951171875,3.803999900817871,98.94999694824219,1314.6500244140625,12675.75,79.86000061035156,1.3026939630508423,2.063999891281128,0.9010000228881836
2012-01-25,1699.800048828125,33.09199905395508,1577.4000244140625,3.825000047683716,99.4000015258789,1326.06005859375,12758.849609375,79.56999969482422,1.304103970527649,2.006999969482422,0.8040000200271606
2012-01-26,1726.300048828125,33.70199966430664,1613.800048828125,3.8970000743865967,99.69999694824219,1318.4300537109375,12734.6298828125,79.41000366210938,1.3107362985610962,1.930999994277954,0.7699999809265137
2012-01-27,1731.800048828125,33.74700164794922,1620.0,3.883500099182129,99.55999755859375,1316.3299560546875,12660.4599609375,78.9000015258789,1.3092775344848633,1.8980000019073486,0.7519999742507935
2012-01-30,1731.0,33.49700164794922,1613.699951171875,3.822000026702881,98.77999877929688,1313.010009765625,12653.7197265625,79.16000366210938,1.3207945823669434,1.8370000123977661,0.7319999933242798
2012-01-31,1737.800048828125,33.233001708984375,1585.5,3.7874999046325684,98.4800033569336,1312.4100341796875,12632.91015625,79.27999877929688,1.3139568567276,1.7990000247955322,0.7110000252723694
2012-02-01,1747.0999755859375,33.77799987792969,1620.5999755859375,3.8385000228881836,97.61000061035156,1324.0899658203125,12716.4599609375,78.91999816894531,1.3077024221420288,1.8459999561309814,0.7250000238418579
2012-02-02,1756.800048828125,34.1510009765625,1627.300048828125,3.7769999504089355,96.36000061035156,1325.5400390625,12705.41015625,78.97000122070312,1.317002534866333,1.8250000476837158,0.7110000252723694
2012-02-03,1737.9000244140625,33.724998474121094,1629.300048828125,3.8970000743865967,97.83999633789062,1344.9000244140625,12862.23046875,78.94000244140625,1.3137152194976807,1.9490000009536743,0.7850000262260437
2012-02-06,1722.800048828125,33.72200012207031,1627.199951171875,3.8589999675750732,96.91000366210938,1344.3299560546875,12845.1298828125,79.08999633789062,1.31271493434906,1.9010000228881836,0.753000020980835
2012-02-07,1746.4000244140625,34.165000915527344,1652.199951171875,3.872499942779541,98.41000366210938,1347.050048828125,12878.2001953125,78.56999969482422,1.3121638298034668,1.965999960899353,0.8059999942779541
2012-02-08,1729.300048828125,33.67300033569336,1665.5,3.9059998989105225,98.70999908447266,1349.9599609375,12883.9501953125,78.63999938964844,1.3248542547225952,1.975000023841858,0.8199999928474426
2012-02-09,1739.0,33.88399887084961,1665.0,3.9744999408721924,99.83999633789062,1351.949951171875,12890.4599609375,78.55999755859375,1.3248542547225952,2.046999931335449,0.859000027179718
2012-02-10,1723.300048828125,33.57600021362305,1657.199951171875,3.859499931335449,98.66999816894531,1342.6400146484375,12801.23046875,79.11000061035156,1.3278449773788452,1.968999981880188,0.8040000200271606
2012-02-13,1723.0,33.69599914550781,1647.0999755859375,3.8369998931884766,100.91000366210938,1351.77001953125,12874.0400390625,78.94000244140625,1.3236793279647827,1.9900000095367432,0.8399999737739563
2012-02-14,1715.9000244140625,33.32600021362305,1625.4000244140625,3.811500072479248,100.73999786376953,1350.5,12878.2802734375,79.58000183105469,1.3157894611358643,1.9240000247955322,0.8059999942779541
2012-02-15,1726.300048828125,33.38600158691406,1635.5999755859375,3.7980000972747803,101.80000305175781,1343.22998046875,12780.9501953125,79.66999816894531,1.3133701086044312,1.930999994277954,0.7900000214576721
2012-02-16,1726.800048828125,33.354000091552734,1623.5,3.7880001068115234,102.30999755859375,1358.0400390625,12904.080078125,79.33999633789062,1.3058068752288818,1.9930000305175781,0.8640000224113464
2012-02-17,1724.5,33.20000076293945,1631.300048828125,3.7049999237060547,103.23999786376953,1361.22998046875,12949.8701171875,79.33000183105469,1.3126804828643799,2.009999990463257,0.8650000095367432
2012-02-21,1757.0999755859375,34.41299819946289,1682.4000244140625,3.8334999084472656,105.83999633789062,1362.2099609375,12965.6904296875,79.04000091552734,1.3204805850982666,2.0450000762939453,0.9010000228881836
2012-02-22,1770.0,34.23899841308594,1718.300048828125,3.8299999237060547,106.27999877929688,1357.6600341796875,12938.669921875,79.20999908447266,1.324327826499939,2.005000114440918,0.8600000143051147
2012-02-23,1784.9000244140625,35.54399871826172,1720.5,3.804500102996826,107.83000183105469,1363.4599609375,12984.6904296875,78.80999755859375,1.325574278831482,1.9839999675750732,0.8799999952316284
2012-02-24,1775.0999755859375,35.332000732421875,1712.5999755859375,3.862499952316284,109.7699966430664,1365.739990234375,12982.9501953125,78.3499984741211,1.337363362312317,1.9769999980926514,0.8939999938011169
2012-02-27,1773.5999755859375,35.51599884033203,1711.800048828125,3.880000114440918,108.55999755859375,1367.5899658203125,12981.509765625,78.55999755859375,1.3467106819152832,1.9220000505447388,0.8450000286102295
2012-02-28,1787.0,37.13999938964844,1722.0,3.9119999408721924,106.55000305175781,1372.1800537109375,13005.1201171875,78.2699966430664,1.3406623601913452,1.9290000200271606,0.8349999785423279
2012-02-29,1709.9000244140625,34.58300018310547,1691.0999755859375,3.870500087738037,107.06999969482422,1365.6800537109375,12952.0703125,78.7300033569336,1.3477997779846191,1.9769999980926514,0.875
2012-03-01,1721.0999755859375,35.611000061035156,1699.5999755859375,3.924499988555908,108.83999633789062,1374.0899658203125,12980.2998046875,78.77999877929688,1.3320900201797485,2.0369999408721924,0.8989999890327454
2012-03-02,1708.800048828125,34.48099899291992,1690.199951171875,3.8954999446868896,106.69999694824219,1369.6300048828125,12977.5703125,79.4000015258789,1.3322675228118896,1.9859999418258667,0.8460000157356262
2012-03-05,1703.0,33.6510009765625,1661.0999755859375,3.8524999618530273,106.72000122070312,1364.3299560546875,12962.8095703125,79.31999969482422,1.318617582321167,2.005000114440918,0.8730000257492065
2012-03-06,1671.4000244140625,32.74100112915039,1610.4000244140625,3.7309999465942383,104.69999694824219,1343.3599853515625,12759.150390625,79.86000061035156,1.3225764036178589,1.944000005722046,0.8220000267028809
2012-03-07,1683.300048828125,33.542999267578125,1625.800048828125,3.760499954223633,106.16000366210938,1352.6300048828125,12837.330078125,79.70999908447266,1.3123359680175781,1.972000002861023,0.8489999771118164
2012-03-08,1698.0999755859375,33.78900146484375,1655.199951171875,3.7860000133514404,106.58000183105469,1365.9100341796875,12907.9404296875,79.16000366210938,1.3139914274215698,2.0139999389648438,0.878000020980835
2012-03-09,1710.9000244140625,34.17499923706055,1683.4000244140625,3.8524999618530273,107.4000015258789,1370.8699951171875,12922.01953125,80.04000091552734,1.327492356300354,2.0380001068115234,0.9039999842643738
2012-03-12,1699.199951171875,33.374000549316406,1694.199951171875,3.8315000534057617,106.33999633789062,1371.0899658203125,12959.7099609375,79.87000274658203,1.312508225440979,2.0309998989105225,0.906000018119812
2012-03-13,1693.699951171875,33.54399871826172,1700.300048828125,3.8965001106262207,106.70999908447266,1395.949951171875,13177.6796875,80.19000244140625,1.3168290853500366,2.1070001125335693,0.9700000286102295
2012-03-14,1642.5,32.14699935913086,1673.800048828125,3.8420000076293945,105.43000030517578,1394.280029296875,13194.099609375,80.55999755859375,1.30804443359375,2.2739999294281006,1.1100000143051147
2012-03-15,1659.0999755859375,32.69300079345703,1682.4000244140625,3.8919999599456787,105.11000061035156,1402.5999755859375,13252.759765625,80.1500015258789,1.3022528886795044,2.2809998989105225,1.093000054359436
2012-03-16,1655.5,32.573001861572266,1674.0,3.874000072479248,107.05999755859375,1404.1700439453125,13232.6201171875,79.77999877929688,1.3078734874725342,2.2980000972747803,1.1160000562667847
2012-03-19,1666.9000244140625,32.92599868774414,1683.199951171875,3.9059998989105225,108.08999633789062,1409.75,13239.1298828125,79.44999694824219,1.3177140951156616,2.378999948501587,1.190999984741211
2012-03-20,1646.699951171875,31.80500030517578,1652.800048828125,3.828000068664551,105.61000061035156,1405.52001953125,13170.1904296875,79.58999633789062,1.3229262828826904,2.371999979019165,1.2000000476837158
2012-03-21,1650.0,32.19900131225586,1638.9000244140625,3.8494999408721924,107.2699966430664,1402.8900146484375,13124.6201171875,79.62999725341797,1.323766827583313,2.2939999103546143,1.1380000114440918
2012-03-22,1642.300048828125,31.319000244140625,1611.5999755859375,3.7674999237060547,105.3499984741211,1392.780029296875,13046.1396484375,79.73999786376953,1.3218770027160645,2.2750000953674316,1.1130000352859497
2012-03-23,1662.300048828125,32.24800109863281,1627.5,3.809499979019165,106.87000274658203,1397.1099853515625,13080.73046875,79.33999633789062,1.3204805850982666,2.236999988555908,1.0839999914169312
2012-03-26,1685.5,32.72600173950195,1646.5,3.885499954223633,107.02999877929688,1416.510009765625,13241.6298828125,78.93000030517578,1.328303575515747,2.24399995803833,1.0809999704360962
2012-03-27,1684.800048828125,32.60100173950195,1657.4000244140625,3.878999948501587,107.33000183105469,1412.52001953125,13197.73046875,79.04000091552734,1.3360053300857544,2.187000036239624,1.0199999809265137
2012-03-28,1657.9000244140625,31.81599998474121,1635.0999755859375,3.7869999408721924,105.41000366210938,1405.5400390625,13126.2099609375,79.16000366210938,1.3328713178634644,2.196000099182129,1.027999997138977
2012-03-29,1652.199951171875,31.97800064086914,1622.699951171875,3.7939999103546143,102.77999877929688,1403.280029296875,13145.8203125,79.18000030517578,1.3326226472854614,2.1589999198913574,1.0140000581741333
2012-03-30,1669.300048828125,32.46900177001953,1638.300048828125,3.8239998817443848,103.0199966430664,1408.469970703125,13212.0400390625,78.93000030517578,1.3313806056976318,2.2160000801086426,1.0429999828338623
2012-04-02,1677.5,33.08300018310547,1649.0999755859375,3.9184999465942383,105.2300033569336,1419.0400390625,13264.490234375,78.81999969482422,1.3358268737792969,2.193000078201294,1.0210000276565552
2012-04-03,1670.0,33.25,1655.199951171875,3.9154999256134033,104.01000213623047,1413.3800048828125,13199.5498046875,79.4800033569336,1.3333333730697632,2.2839999198913574,1.1050000190734863
2012-04-04,1612.300048828125,31.02899932861328,1593.9000244140625,3.7855000495910645,101.47000122070312,1398.9599609375,13074.75,79.76000213623047,1.3225239515304565,2.243000030517578,1.0499999523162842
2012-04-05,1628.5,31.715999603271484,1602.9000244140625,3.7915000915527344,103.30999755859375,1398.0799560546875,13060.1396484375,80.06999969482422,1.314405918121338,2.174999952316284,1.00600004196167
2012-04-09,1642.5,31.51300048828125,1613.5999755859375,3.7160000801086426,102.45999908447266,1382.199951171875,12929.58984375,79.7300033569336,1.3079075813293457,2.0369999408721924,0.9020000100135803
2012-04-10,1659.5,31.670000076293945,1589.199951171875,3.6459999084472656,101.0199966430664,1358.5899658203125,12715.9296875,79.88999938964844,1.311131477355957,1.9880000352859497,0.8539999723434448
2012-04-11,1659.0,31.51099967956543,1579.800048828125,3.635999917984009,102.69999694824219,1368.7099609375,12805.3896484375,79.77999877929688,1.3073604106903076,2.0280001163482666,0.878000020980835
2012-04-12,1679.5,32.51499938964844,1601.5,3.7165000438690186,103.63999938964844,1387.5699462890625,12986.580078125,79.27999877929688,1.311991572380066,2.0490000247955322,0.8899999856948853
2012-04-13,1659.0999755859375,31.3799991607666,1583.4000244140625,3.622999906539917,102.83000183105469,1370.260009765625,12849.58984375,79.87999725341797,1.318913221359253,1.9980000257492065,0.8550000190734863
2012-04-16,1648.699951171875,31.36400032043457,1571.699951171875,3.624000072479248,102.93000030517578,1369.5699462890625,12921.41015625,79.55000305175781,1.30565345287323,1.9739999771118164,0.8389999866485596
2012-04-17,1650.300048828125,31.665000915527344,1580.5999755859375,3.6440000534057617,104.19999694824219,1390.780029296875,13115.5400390625,79.47000122070312,1.3126804828643799,2.009000062942505,0.8629999756813049
2012-04-18,1638.800048828125,31.47800064086914,1575.300048828125,3.628000020980835,102.66999816894531,1385.1400146484375,13032.75,79.52999877929688,1.3135426044464111,1.9819999933242798,0.8479999899864197
2012-04-19,1640.5999755859375,31.770999908447266,1574.199951171875,3.626499891281128,102.2699966430664,1376.9200439453125,12964.099609375,79.55999755859375,1.311991572380066,1.9520000219345093,0.8339999914169312
2012-04-20,1642.0999755859375,31.643999099731445,1580.4000244140625,3.696000099182129,103.05000305175781,1378.530029296875,13029.259765625,79.18000030517578,1.314578652381897,1.9700000286102295,0.8460000157356262
2012-04-23,1631.9000244140625,30.524999618530273,1552.5,3.622999906539917,103.11000061035156,1366.93994140625,12927.169921875,79.41999816894531,1.3204805850982666,1.9329999685287476,0.8149999976158142
2012-04-24,1643.0,30.739999771118164,1544.4000244140625,3.6714999675750732,103.55000305175781,1371.969970703125,13001.5595703125,79.22000122070312,1.3152011632919312,1.9609999656677246,0.8379999995231628
2012-04-25,1641.4000244140625,30.35099983215332,1543.5999755859375,3.700500011444092,104.12000274658203,1390.68994140625,13090.7197265625,79.01000213623047,1.3197835683822632,1.9839999675750732,0.8410000205039978
2012-04-26,1659.5999755859375,31.202999114990234,1566.199951171875,3.7679998874664307,104.55000305175781,1399.97998046875,13204.6201171875,78.91000366210938,1.323276400566101,1.9589999914169312,0.8379999995231628
2012-04-27,1664.0,31.347000122070312,1571.699951171875,3.819999933242798,104.93000030517578,1403.3599853515625,13228.3095703125,78.69999694824219,1.319087266921997,1.9329999685287476,0.8220000267028809
2012-04-30,1663.4000244140625,30.958999633789062,1567.699951171875,3.8334999084472656,104.87000274658203,1397.9100341796875,13213.6298828125,78.79000091552734,1.3241524696350098,1.9149999618530273,0.8109999895095825
2012-05-01,1661.699951171875,30.87700080871582,1568.0999755859375,3.8399999141693115,106.16000366210938,1405.8199462890625,13279.3203125,78.86000061035156,1.3239772319793701,1.9559999704360962,0.8349999785423279
2012-05-02,1653.4000244140625,30.591999053955078,1560.199951171875,3.7855000495910645,105.22000122070312,1402.31005859375,13268.5703125,79.12999725341797,1.3239772319793701,1.9220000505447388,0.8190000057220459
2012-05-03,1634.199951171875,29.958999633789062,1528.9000244140625,3.7335000038146973,102.54000091552734,1391.5699462890625,13206.58984375,79.22000122070312,1.3147515058517456,1.9240000247955322,0.8169999718666077
2012-05-04,1644.699951171875,30.3799991607666,1531.800048828125,3.7239999771118164,98.48999786376953,1369.0999755859375,13038.26953125,79.47000122070312,1.3156163692474365,1.8799999952316284,0.7839999794960022
2012-05-07,1638.5999755859375,30.07200050354004,1525.9000244140625,3.7774999141693115,97.94000244140625,1369.5799560546875,13008.5302734375,79.5999984741211,1.297033667564392,1.8769999742507935,0.7820000052452087
2012-05-08,1604.0,29.413999557495117,1505.800048828125,3.685499906539917,97.01000213623047,1363.719970703125,12932.08984375,79.7300033569336,1.306165099143982,1.8370000123977661,0.7630000114440918
2012-05-09,1593.699951171875,29.19700050354004,1496.699951171875,3.6695001125335693,96.80999755859375,1354.5799560546875,12835.0595703125,80.08000183105469,1.299545168876648,1.8350000381469727,0.7599999904632568
2012-05-10,1595.0999755859375,29.13599967956543,1491.300048828125,3.691499948501587,97.08000183105469,1357.989990234375,12855.0400390625,80.11000061035156,1.2936609983444214,1.8839999437332153,0.7739999890327454
2012-05-11,1583.5999755859375,28.857999801635742,1469.0999755859375,3.6484999656677246,96.12999725341797,1353.3900146484375,12820.599609375,80.27999877929688,1.2934937477111816,1.840999960899353,0.7480000257492065
2012-05-14,1560.5999755859375,28.319000244140625,1440.300048828125,3.556999921798706,94.77999877929688,1338.3499755859375,12695.349609375,80.5999984741211,1.289989709854126,1.7879999876022339,0.7210000157356262
2012-05-15,1556.800048828125,28.054000854492188,1444.199951171875,3.5220000743865967,93.9800033569336,1330.6600341796875,12632.0,81.22000122070312,1.283202886581421,1.7769999504089355,0.7329999804496765
2012-05-16,1536.199951171875,27.170000076293945,1429.9000244140625,3.484999895095825,92.80999755859375,1324.800048828125,12598.5498046875,81.37000274658203,1.273560881614685,1.7649999856948853,0.7400000095367432
2012-05-17,1574.5,27.996000289916992,1451.199951171875,3.4795000553131104,92.55999755859375,1304.8599853515625,12442.490234375,81.37999725341797,1.2730745077133179,1.7020000219345093,0.7300000190734863
2012-05-18,1591.5999755859375,28.694000244140625,1457.0999755859375,3.4695000648498535,91.4800033569336,1295.219970703125,12369.3798828125,81.29000091552734,1.269841194152832,1.7020000219345093,0.7300000190734863
2012-05-21,1588.4000244140625,28.304000854492188,1459.5,3.503999948501587,92.56999969482422,1315.989990234375,12504.48046875,81.08000183105469,1.2773023843765259,1.7350000143051147,0.7409999966621399
2012-05-22,1576.300048828125,28.165000915527344,1456.4000244140625,3.487499952316284,91.66000366210938,1316.6300048828125,12502.8095703125,81.66999816894531,1.281065821647644,1.7929999828338623,0.7699999809265137
2012-05-23,1548.0999755859375,27.507999420166016,1412.300048828125,3.3980000019073486,89.9000015258789,1318.8599853515625,12496.150390625,82.08999633789062,1.2664639949798584,1.7209999561309814,0.7279999852180481
2012-05-24,1557.300048828125,28.142000198364258,1420.5999755859375,3.428999900817871,90.66000366210938,1320.6800537109375,12529.75,82.29000091552734,1.2561235427856445,1.7589999437332153,0.7730000019073486
2012-05-25,1568.800048828125,28.3700008392334,1424.699951171875,3.447999954223633,90.86000061035156,1317.8199462890625,12454.830078125,82.4000015258789,1.2536041736602783,1.7450000047683716,0.7620000243186951
2012-05-29,1548.5999755859375,27.767000198364258,1426.300048828125,3.4635000228881836,90.76000213623047,1332.4200439453125,12580.6904296875,82.44000244140625,1.2525050640106201,1.7309999465942383,0.7639999985694885
2012-05-30,1563.4000244140625,27.961999893188477,1399.699951171875,3.3864998817443848,87.81999969482422,1313.3199462890625,12419.8603515625,83.01000213623047,1.2478163242340088,1.625,0.6899999976158142
2012-05-31,1562.5999755859375,27.740999221801758,1416.0999755859375,3.362499952316284,86.52999877929688,1310.3299560546875,12393.4501953125,83.04000091552734,1.2374706268310547,1.5809999704360962,0.6710000038146973
2012-06-01,1620.5,28.496999740600586,1431.699951171875,3.309999942779541,83.2300033569336,1278.0400390625,12118.5703125,82.88999938964844,1.2362467050552368,1.4670000076293945,0.6200000047683716
2012-06-04,1612.199951171875,27.992000579833984,1425.800048828125,3.303999900817871,83.9800033569336,1278.1800537109375,12101.4599609375,82.55000305175781,1.2402331829071045,1.5269999504089355,0.6809999942779541
2012-06-05,1615.199951171875,28.389999389648438,1439.0,3.2885000705718994,84.29000091552734,1285.5,12127.9501953125,82.80000305175781,1.2509382963180542,1.555999994277954,0.6700000166893005
2012-06-06,1632.800048828125,29.47599983215332,1467.699951171875,3.378999948501587,85.0199966430664,1315.1300048828125,12414.7900390625,82.31999969482422,1.2462612390518188,1.6510000228881836,0.7260000109672546
2012-06-07,1586.5999755859375,28.518999099731445,1439.4000244140625,3.369499921798706,84.81999969482422,1314.989990234375,12460.9599609375,82.05000305175781,1.2573871612548828,1.6540000438690186,0.7149999737739563
2012-06-08,1590.0999755859375,28.461000442504883,1423.5999755859375,3.2834999561309814,84.0999984741211,1325.6600341796875,12554.2001953125,82.51000213623047,1.2570710182189941,1.6369999647140503,0.7120000123977661
2012-06-11,1595.5,28.606000900268555,1447.800048828125,3.3450000286102295,82.69999694824219,1308.9300537109375,12411.23046875,82.51000213623047,1.2645422220230103,1.600000023841858,0.6909999847412109
2012-06-12,1612.699951171875,28.94300079345703,1452.9000244140625,3.3340001106262207,83.31999969482422,1324.1800537109375,12573.7998046875,82.41000366210938,1.2478163242340088,1.6610000133514404,0.746999979019165
2012-06-13,1618.0999755859375,28.934999465942383,1465.300048828125,3.3399999141693115,82.62000274658203,1314.8800048828125,12496.3798828125,82.05000305175781,1.2504688501358032,1.5989999771118164,0.7080000042915344
2012-06-14,1618.4000244140625,28.400999069213867,1486.0999755859375,3.3540000915527344,83.91000366210938,1329.0999755859375,12651.91015625,81.9000015258789,1.2573871612548828,1.6109999418258667,0.7200000286102295
2012-06-15,1627.0,28.733999252319336,1485.699951171875,3.384999990463257,84.02999877929688,1342.8399658203125,12767.169921875,81.58999633789062,1.262785792350769,1.5870000123977661,0.6779999732971191
2012-06-18,1625.699951171875,28.665000915527344,1482.5999755859375,3.3959999084472656,83.2699966430664,1344.780029296875,12741.8203125,81.94000244140625,1.27048659324646,1.5839999914169312,0.6850000023841858
2012-06-19,1622.199951171875,28.36199951171875,1479.0,3.432499885559082,84.02999877929688,1357.97998046875,12837.330078125,81.37000274658203,1.2597631216049194,1.6200000047683716,0.7009999752044678
2012-06-20,1614.800048828125,28.382999420166016,1465.300048828125,3.3864998817443848,81.80000305175781,1355.68994140625,12824.3896484375,81.48999786376953,1.2680699825286865,1.6419999599456787,0.7440000176429749
2012-06-21,1564.5,26.83300018310547,1437.9000244140625,3.2950000762939453,78.19999694824219,1325.510009765625,12573.5703125,82.31999969482422,1.2680699825286865,1.6180000305175781,0.7250000238418579
2012-06-22,1566.0,26.656999588012695,1430.699951171875,3.305000066757202,79.76000213623047,1335.02001953125,12640.7802734375,82.22000122070312,1.255177617073059,1.6720000505447388,0.7509999871253967
2012-06-25,1587.5,27.51799964904785,1439.0999755859375,3.313999891281128,79.20999908447266,1313.719970703125,12502.66015625,82.45999908447266,1.2537612915039062,1.6080000400543213,0.7089999914169312
2012-06-26,1574.0,27.03700065612793,1426.800048828125,3.315500020980835,79.36000061035156,1319.989990234375,12534.669921875,82.37000274658203,1.2504688501358032,1.628000020980835,0.7239999771118164
2012-06-27,1577.5,26.94099998474121,1409.699951171875,3.3464999198913574,80.20999908447266,1331.8499755859375,12627.009765625,82.55999755859375,1.248751163482666,1.621000051498413,0.718999981880188
2012-06-28,1549.699951171875,26.246999740600586,1386.4000244140625,3.3259999752044678,77.69000244140625,1329.0400390625,12602.259765625,82.66999816894531,1.2473493814468384,1.5770000219345093,0.6930000185966492
2012-06-29,1603.5,27.579999923706055,1449.0999755859375,3.490000009536743,84.95999908447266,1362.1600341796875,12880.08984375,81.6500015258789,1.2440905570983887,1.659000039100647,0.7289999723434448
2012-07-02,1597.199951171875,27.468000411987305,1455.5999755859375,3.4649999141693115,83.75,1365.510009765625,12871.3896484375,81.87000274658203,1.2655184268951416,1.5800000429153442,0.6690000295639038
2012-07-03,1621.300048828125,28.243000030517578,1488.699951171875,3.5344998836517334,87.66000366210938,1374.02001953125,12943.66015625,81.77999877929688,1.2581782341003418,1.63100004196167,0.6970000267028809
2012-07-05,1608.9000244140625,27.63800048828125,1475.0,3.48799991607666,87.22000122070312,1367.5799560546875,12896.669921875,82.80999755859375,1.2516272068023682,1.597000002861023,0.6729999780654907
2012-07-06,1578.4000244140625,26.888999938964844,1446.800048828125,3.4045000076293945,84.44999694824219,1354.6800537109375,12772.4697265625,83.29000091552734,1.2391574382781982,1.5440000295639038,0.6399999856948853
2012-07-09,1588.5999755859375,27.410999298095703,1443.199951171875,3.4260001182556152,85.98999786376953,1352.4599609375,12736.2900390625,83.16000366210938,1.227144479751587,1.5130000114440918,0.6240000128746033
2012-07-10,1579.300048828125,26.85099983215332,1427.0,3.3929998874664307,83.91000366210938,1341.469970703125,12653.1201171875,83.36000061035156,1.2318304777145386,1.4980000257492065,0.6190000176429749
2012-07-11,1575.199951171875,26.9950008392334,1428.9000244140625,3.443000078201294,85.80999755859375,1341.449951171875,12604.5302734375,83.56999969482422,1.2256402969360352,1.4980000257492065,0.628000020980835
2012-07-12,1564.9000244140625,27.13599967956543,1409.800048828125,3.4114999771118164,86.08000183105469,1334.760009765625,12573.26953125,83.6500015258789,1.2247247695922852,1.4789999723434448,0.6269999742507935
2012-07-13,1591.5999755859375,27.3439998626709,1432.5,3.500499963760376,87.0999984741211,1356.780029296875,12777.08984375,83.30000305175781,1.2192742824554443,1.4989999532699585,0.6299999952316284
2012-07-16,1591.199951171875,27.297000885009766,1414.800048828125,3.4809999465942383,88.43000030517578,1353.6400146484375,12727.2099609375,83.08999633789062,1.2248897552490234,1.4639999866485596,0.5950000286102295
2012-07-17,1589.0999755859375,27.29199981689453,1418.300048828125,3.453000068664551,89.22000122070312,1363.6700439453125,12805.5400390625,83.02999877929688,1.2268433570861816,1.5010000467300415,0.6179999709129333
2012-07-18,1570.4000244140625,27.070999145507812,1401.800048828125,3.4730000495910645,89.87000274658203,1372.780029296875,12908.7001953125,82.94999694824219,1.2295585870742798,1.4789999723434448,0.593999981880188
2012-07-19,1580.0999755859375,27.194000244140625,1420.699951171875,3.5339999198913574,92.66000366210938,1376.510009765625,12943.3603515625,82.9000015258789,1.2277470827102661,1.5149999856948853,0.6150000095367432
2012-07-20,1582.5,27.27899932861328,1412.0999755859375,3.448499917984009,91.44000244140625,1362.6600341796875,12822.5703125,83.47000122070312,1.2276867628097534,1.4600000381469727,0.5799999833106995
2012-07-23,1577.0999755859375,27.018999099731445,1396.5,3.381500005722046,88.13999938964844,1350.52001953125,12721.4599609375,83.70999908447266,1.2127091884613037,1.434999942779541,0.5619999766349792
2012-07-24,1576.0,26.790000915527344,1382.300048828125,3.3529999256134033,88.5,1338.31005859375,12617.3203125,84.01000213623047,1.212415099143982,1.4040000438690186,0.5509999990463257
2012-07-25,1608.0,27.44499969482422,1395.0999755859375,3.375,88.97000122070312,1337.8900146484375,12676.0498046875,83.5199966430664,1.2061853408813477,1.406000018119812,0.5550000071525574
2012-07-26,1615.0,27.430999755859375,1406.5999755859375,3.3940000534057617,89.38999938964844,1360.02001953125,12887.9296875,82.80999755859375,1.2140341997146606,1.4279999732971191,0.5830000042915344
2012-07-27,1617.9000244140625,27.47800064086914,1406.699951171875,3.4260001182556152,90.12999725341797,1385.969970703125,13075.66015625,82.70999908447266,1.2280486822128296,1.5549999475479126,0.6610000133514404
2012-07-30,1619.699951171875,28.013999938964844,1410.300048828125,3.4149999618530273,89.77999877929688,1385.300048828125,13073.009765625,82.79000091552734,1.230466365814209,1.503999948501587,0.6179999709129333
2012-07-31,1610.5,27.895000457763672,1415.4000244140625,3.4195001125335693,88.05999755859375,1379.3199462890625,13008.6796875,82.63999938964844,1.2259409427642822,1.4919999837875366,0.5989999771118164
2012-08-01,1603.699951171875,27.517000198364258,1399.800048828125,3.376499891281128,88.91000366210938,1375.3199462890625,12976.1298828125,83.05999755859375,1.2294074296951294,1.5390000343322754,0.6430000066757202
2012-08-02,1587.4000244140625,26.981000900268555,1386.300048828125,3.2925000190734863,87.12999725341797,1365.0,12878.8798828125,83.33000183105469,1.2241400480270386,1.4780000448226929,0.6110000014305115
2012-08-03,1606.0,27.790000915527344,1412.9000244140625,3.371000051498413,91.4000015258789,1390.989990234375,13096.169921875,82.37999725341797,1.218026876449585,1.5770000219345093,0.6740000247955322
2012-08-06,1612.9000244140625,27.851999282836914,1400.4000244140625,3.3929998874664307,92.19999694824219,1394.22998046875,13117.509765625,82.2699966430664,1.2428536415100098,1.5579999685287476,0.6470000147819519
2012-08-07,1609.699951171875,28.075000762939453,1408.9000244140625,3.444999933242798,93.66999816894531,1401.3499755859375,13168.599609375,82.20999908447266,1.2390038967132568,1.628000020980835,0.703000009059906
2012-08-08,1612.9000244140625,28.066999435424805,1408.699951171875,3.427500009536743,93.3499984741211,1402.219970703125,13175.6396484375,82.38999938964844,1.2386969327926636,1.6399999856948853,0.718999981880188
2012-08-09,1617.0999755859375,28.09000015258789,1411.300048828125,3.437000036239624,93.36000061035156,1402.800048828125,13165.1904296875,82.63999938964844,1.237332820892334,1.687999963760376,0.7279999852180481
2012-08-10,1619.699951171875,28.05500030517578,1398.4000244140625,3.4089999198913574,92.87000274658203,1405.8699951171875,13207.9501953125,82.55000305175781,1.2294074296951294,1.6490000486373901,0.6959999799728394
2012-08-13,1609.5999755859375,27.760000228881836,1391.300048828125,3.3585000038146973,92.7300033569336,1404.1099853515625,13169.4296875,82.44000244140625,1.2277169227600098,1.6540000438690186,0.7020000219345093
2012-08-14,1599.4000244140625,27.756000518798828,1397.5999755859375,3.359499931335449,93.43000030517578,1403.9300537109375,13172.1396484375,82.4800033569336,1.2327415943145752,1.7259999513626099,0.7459999918937683
2012-08-15,1603.699951171875,27.80500030517578,1394.9000244140625,3.3515000343322754,94.33000183105469,1405.530029296875,13164.7802734375,82.6500015258789,1.2325897216796875,1.8049999475479126,0.7950000166893005
2012-08-16,1616.0999755859375,28.204999923706055,1433.9000244140625,3.385999917984009,95.5999984741211,1415.510009765625,13250.1103515625,82.36000061035156,1.2289540767669678,1.8359999656677246,0.8159999847412109
2012-08-17,1616.300048828125,27.9950008392334,1471.800048828125,3.421999931335449,96.01000213623047,1418.1600341796875,13275.2001953125,82.5999984741211,1.2357884645462036,1.815999984741211,0.7990000247955322
2012-08-20,1620.0999755859375,28.586000442504883,1496.9000244140625,3.373500108718872,95.97000122070312,1418.1300048828125,13271.6396484375,82.45999908447266,1.233258605003357,1.8140000104904175,0.7919999957084656
2012-08-21,1639.9000244140625,29.42099952697754,1506.5,3.4565000534057617,96.68000030517578,1413.1700439453125,13203.580078125,81.91000366210938,1.2353304624557495,1.8049999475479126,0.7919999957084656
2012-08-22,1637.4000244140625,29.548999786376953,1525.199951171875,3.4600000381469727,97.26000213623047,1413.489990234375,13172.759765625,81.48999786376953,1.2476606369018555,1.718999981880188,0.7129999995231628
2012-08-23,1669.5999755859375,30.44700050354004,1553.5999755859375,3.496000051498413,96.2699966430664,1402.0799560546875,13057.4599609375,81.36000061035156,1.2534469366073608,1.6660000085830688,0.6869999766349792
2012-08-24,1669.800048828125,30.606000900268555,1553.0999755859375,3.48799991607666,96.1500015258789,1411.1300048828125,13157.9697265625,81.58999633789062,1.2561235427856445,1.6779999732971191,0.7039999961853027
2012-08-27,1672.4000244140625,31.038999557495117,1551.9000244140625,3.484499931335449,95.47000122070312,1410.43994140625,13124.669921875,81.66000366210938,1.250437617301941,1.6490000486373901,0.6830000281333923
2012-08-28,1666.5,30.868999481201172,1519.0999755859375,3.4700000286102295,96.33000183105469,1409.300048828125,13102.990234375,81.37000274658203,1.250156283378601,1.6299999952316284,0.675000011920929
2012-08-29,1659.800048828125,30.83099937438965,1519.199951171875,3.4625000953674316,95.48999786376953,1410.489990234375,13107.48046875,81.55000305175781,1.257228970527649,1.6540000438690186,0.6830000281333923
2012-08-30,1653.5,30.367000579833984,1502.699951171875,3.440500020980835,94.62000274658203,1399.47998046875,13000.7099609375,81.68000030517578,1.2531328201293945,1.6200000047683716,0.6579999923706055
2012-08-31,1684.5999755859375,31.3700008392334,1536.300048828125,3.4539999961853027,96.47000122070312,1406.5799560546875,13090.83984375,81.25,1.2510946989059448,1.562000036239624,0.5960000157356262
2012-09-04,1692.9000244140625,32.347999572753906,1566.5,3.4684998989105225,95.30000305175781,1404.93994140625,13035.9404296875,81.31999969482422,1.2586532831192017,1.5809999704360962,0.621999979019165
2012-09-05,1690.800048828125,32.27199935913086,1574.5999755859375,3.5320000648498535,95.36000061035156,1403.43994140625,13047.48046875,81.23999786376953,1.2534469366073608,1.593999981880188,0.6200000047683716
2012-09-06,1702.5999755859375,32.61899948120117,1585.4000244140625,3.5234999656677246,95.52999877929688,1432.1199951171875,13292.0,81.08000183105469,1.2602394819259644,1.6729999780654907,0.6759999990463257
2012-09-07,1737.5,33.632999420166016,1595.300048828125,3.6559998989105225,96.41999816894531,1437.9200439453125,13306.6396484375,80.25,1.2632642984390259,1.6610000133514404,0.6380000114440918
2012-09-10,1728.699951171875,33.57400131225586,1602.800048828125,3.700000047683716,96.54000091552734,1429.0799560546875,13254.2900390625,80.36000061035156,1.2795906066894531,1.6829999685287476,0.6570000052452087
2012-09-11,1731.800048828125,33.50899887084961,1606.0,3.7144999504089355,97.16999816894531,1433.56005859375,13323.3603515625,79.86000061035156,1.2761613130569458,1.6950000524520874,0.6629999876022339
2012-09-12,1730.5999755859375,33.233001708984375,1648.5999755859375,3.7100000381469727,97.01000213623047,1436.56005859375,13333.349609375,79.73999786376953,1.2851818799972534,1.7649999856948853,0.6959999799728394
2012-09-13,1769.0999755859375,34.715999603271484,1678.5,3.7269999980926514,98.30999755859375,1459.989990234375,13539.8603515625,79.26000213623047,1.2903226613998413,1.75600004196167,0.6539999842643738
2012-09-14,1769.800048828125,34.60300064086914,1712.699951171875,3.8515000343322754,99.0,1465.77001953125,13593.3701171875,78.8499984741211,1.299376368522644,1.8700000047683716,0.7149999737739563
2012-09-17,1767.699951171875,34.29800033569336,1671.5999755859375,3.809999942779541,96.62000274658203,1461.18994140625,13553.099609375,79.01000213623047,1.3116475343704224,1.8380000591278076,0.7170000076293945
2012-09-18,1768.4000244140625,34.64400100708008,1635.300048828125,3.802500009536743,95.29000091552734,1459.3199462890625,13564.6396484375,79.25,1.3110111951828003,1.812000036239624,0.6990000009536743
2012-09-19,1769.0,34.51900100708008,1639.9000244140625,3.8289999961853027,91.9800033569336,1461.050048828125,13577.9599609375,79.05999755859375,1.3046314716339111,1.781999945640564,0.6890000104904175
2012-09-20,1767.699951171875,34.61800003051758,1623.4000244140625,3.7725000381469727,91.87000274658203,1460.260009765625,13596.9296875,79.41000366210938,1.3058239221572876,1.7769999504089355,0.6930000185966492
2012-09-21,1775.5,34.56700134277344,1637.0999755859375,3.803499937057495,92.88999938964844,1460.1500244140625,13579.4697265625,79.33000183105469,1.2973533868789673,1.7599999904632568,0.671999990940094
2012-09-24,1762.0999755859375,33.92100143432617,1622.0,3.745500087738037,91.93000030517578,1456.8900146484375,13558.919921875,79.5199966430664,1.2968486547470093,1.718000054359436,0.6589999794960022
2012-09-25,1763.800048828125,33.88600158691406,1631.800048828125,3.7734999656677246,91.37000274658203,1441.5899658203125,13457.5498046875,79.55000305175781,1.2941633462905884,1.6820000410079956,0.6489999890327454
2012-09-26,1750.5999755859375,33.882999420166016,1634.4000244140625,3.7139999866485596,89.9800033569336,1433.3199462890625,13413.509765625,79.88999938964844,1.2900062799453735,1.6180000305175781,0.6119999885559082
2012-09-27,1777.5999755859375,34.595001220703125,1645.9000244140625,3.747999906539917,91.8499984741211,1447.1500244140625,13485.9697265625,79.55000305175781,1.2881617546081543,1.6399999856948853,0.6380000114440918
2012-09-28,1771.0999755859375,34.516998291015625,1665.300048828125,3.7730000019073486,92.19000244140625,1440.6700439453125,13437.1298828125,79.94000244140625,1.2913223505020142,1.6369999647140503,0.6299999952316284
2012-10-01,1780.5,34.88100051879883,1681.5,3.7929999828338623,92.4800033569336,1444.489990234375,13515.1103515625,79.81999969482422,1.2809016704559326,1.625,0.6200000047683716
2012-10-02,1772.699951171875,34.604000091552734,1682.9000244140625,3.806999921798706,91.88999938964844,1445.75,13482.3603515625,79.73999786376953,1.2888258695602417,1.6150000095367432,0.6140000224113464
2012-10-03,1777.300048828125,34.63100051879883,1690.300048828125,3.7939999103546143,88.13999938964844,1450.989990234375,13494.6103515625,79.97000122070312,1.2916558980941772,1.6230000257492065,0.6039999723434448
2012-10-04,1794.0999755859375,35.04100036621094,1721.199951171875,3.7939999103546143,91.70999908447266,1461.4000244140625,13575.3603515625,79.3499984741211,1.2923235893249512,1.6649999618530273,0.6230000257492065
2012-10-05,1778.5999755859375,34.51599884033203,1703.300048828125,3.7860000133514404,89.87999725341797,1460.9300537109375,13610.150390625,79.33999633789062,1.3017443418502808,1.7319999933242798,0.6669999957084656
2012-10-08,1773.5,33.981998443603516,1694.9000244140625,3.7269999980926514,89.33000183105469,1455.8800048828125,13583.650390625,79.54000091552734,1.301574945449829,1.746000051498413,0.6759999990463257
2012-10-09,1763.0,33.95100021362305,1691.5999755859375,3.7290000915527344,92.38999938964844,1441.47998046875,13473.5302734375,79.94999694824219,1.2976900339126587,1.7200000286102295,0.6629999876022339
2012-10-10,1763.199951171875,34.073001861572266,1676.699951171875,3.7290000915527344,91.25,1432.56005859375,13344.9697265625,79.91999816894531,1.2858428955078125,1.690999984741211,0.6600000262260437
2012-10-11,1768.800048828125,34.04600143432617,1687.800048828125,3.759000062942505,92.06999969482422,1432.8399658203125,13326.3896484375,79.77999877929688,1.2858428955078125,1.6749999523162842,0.6629999876022339
2012-10-12,1758.0,33.632999420166016,1657.0999755859375,3.7144999504089355,91.86000061035156,1428.5899658203125,13328.849609375,79.69000244140625,1.293326497077942,1.6629999876022339,0.6629999876022339
2012-10-15,1736.0,32.707000732421875,1631.300048828125,3.7114999294281006,91.8499984741211,1440.1300048828125,13424.23046875,79.73999786376953,1.2943308353424072,1.6629999876022339,0.6600000262260437
2012-10-16,1744.699951171875,32.922000885009766,1642.699951171875,3.7079999446868896,92.08999633789062,1454.9200439453125,13551.7802734375,79.37000274658203,1.2968486547470093,1.7200000286102295,0.6919999718666077
2012-10-17,1751.5,33.196998596191406,1668.0,3.752500057220459,92.12000274658203,1460.9100341796875,13557.0,79.0199966430664,1.3107877969741821,1.8109999895095825,0.7720000147819519
2012-10-18,1743.300048828125,32.8380012512207,1641.199951171875,3.746999979019165,92.0999984741211,1457.3399658203125,13548.9404296875,79.37000274658203,1.3116475343704224,1.8259999752044678,0.7799999713897705
2012-10-19,1722.800048828125,32.073001861572266,1613.0,3.6484999656677246,90.05000305175781,1433.18994140625,13343.509765625,79.63999938964844,1.3069161176681519,1.7680000066757202,0.7509999871253967
2012-10-22,1725.0999755859375,32.22700119018555,1609.699951171875,3.625499963760376,88.7300033569336,1433.8199462890625,13345.8896484375,79.6500015258789,1.3022528886795044,1.7979999780654907,0.7789999842643738
2012-10-23,1708.300048828125,31.76799964904785,1573.0999755859375,3.5759999752044678,86.66999816894531,1413.1099853515625,13102.5302734375,79.9800033569336,1.3070186376571655,1.7640000581741333,0.7580000162124634
2012-10-24,1700.5,31.594999313354492,1560.199951171875,3.5759999752044678,85.7300033569336,1408.75,13077.33984375,79.97000122070312,1.2973533868789673,1.774999976158142,0.7480000257492065
2012-10-25,1712.0,32.04899978637695,1567.0999755859375,3.564500093460083,86.05000305175781,1412.969970703125,13103.6796875,80.04000091552734,1.2965123653411865,1.8279999494552612,0.8190000057220459
2012-10-26,1710.9000244140625,32.01100158691406,1544.300048828125,3.563499927520752,86.27999877929688,1411.93994140625,13107.2099609375,80.06999969482422,1.2938284873962402,1.75,0.7609999775886536
2012-10-31,1717.5,32.28799819946289,1576.0,3.5269999504089355,86.23999786376953,1412.1600341796875,13096.4599609375,79.91999816894531,1.2962603569030762,1.6859999895095825,0.7149999737739563
2012-11-01,1714.0999755859375,32.22600173950195,1570.699951171875,3.555000066757202,87.08999633789062,1427.5899658203125,13232.6201171875,80.05000305175781,1.2965123653411865,1.715000033378601,0.7279999852180481
2012-11-02,1674.0999755859375,30.834999084472656,1540.9000244140625,3.4830000400543213,84.86000061035156,1414.199951171875,13093.16015625,80.58999633789062,1.2948336601257324,1.7259999513626099,0.7279999852180481
2012-11-05,1682.199951171875,31.113000869750977,1538.699951171875,3.4704999923706055,85.6500015258789,1417.260009765625,13112.4404296875,80.75,1.2827913761138916,1.684000015258789,0.6990000009536743
2012-11-06,1714.0999755859375,32.01900100708008,1554.300048828125,3.50600004196167,88.70999908447266,1428.3900146484375,13245.6796875,80.61000061035156,1.2802459001541138,1.7419999837875366,0.7440000176429749
2012-11-07,1713.199951171875,31.650999069213867,1535.5,3.443000078201294,84.44000244140625,1394.530029296875,12932.73046875,80.76000213623047,1.2808033227920532,1.6319999694824219,0.6620000004768372
2012-11-08,1725.4000244140625,32.23099899291992,1538.5,3.4704999923706055,85.08999633789062,1377.510009765625,12811.3203125,80.79000091552734,1.2759984731674194,1.6319999694824219,0.6430000066757202
2012-11-09,1730.300048828125,32.59000015258789,1555.4000244140625,3.44950008392334,86.06999969482422,1379.8499755859375,12815.3896484375,81.02999877929688,1.274534821510315,1.6130000352859497,0.6389999985694885
2012-11-12,1730.300048828125,32.51300048828125,1562.5,3.4730000495910645,85.56999969482422,1380.030029296875,12815.080078125,81.04000091552734,1.272394061088562,1.6109999418258667,0.6430000066757202
2012-11-13,1724.199951171875,32.47800064086914,1583.4000244140625,3.4730000495910645,85.37999725341797,1374.530029296875,12756.1796875,81.08000183105469,1.2709709405899048,1.5889999866485596,0.6200000047683716
2012-11-14,1729.5,32.87099838256836,1588.5999755859375,3.4554998874664307,86.31999969482422,1355.489990234375,12570.9501953125,81.05999755859375,1.2709709405899048,1.5889999866485596,0.621999979019165
2012-11-15,1713.300048828125,32.665000915527344,1570.300048828125,3.4644999504089355,85.44999694824219,1353.3299560546875,12542.3798828125,81.08000183105469,1.273236632347107,1.5889999866485596,0.6200000047683716
2012-11-16,1714.300048828125,32.361000061035156,1559.0,3.4535000324249268,86.66999816894531,1359.8800048828125,12588.3095703125,81.26000213623047,1.2784454822540283,1.5740000009536743,0.6069999933242798
2012-11-19,1734.0,33.180999755859375,1581.0,3.5274999141693115,89.27999877929688,1386.8900146484375,12795.9599609375,80.87000274658203,1.2759497165679932,1.6109999418258667,0.6309999823570251
2012-11-20,1723.199951171875,32.92300033569336,1570.5,3.515000104904175,86.75,1387.81005859375,12788.509765625,80.95999908447266,1.276943564414978,1.656000018119812,0.6570000052452087
2012-11-21,1727.9000244140625,33.34400177001953,1581.4000244140625,3.496000051498413,87.37999725341797,1391.030029296875,12836.8896484375,80.93000030517578,1.281443476676941,1.687000036239624,0.6819999814033508
2012-11-23,1751.300048828125,34.111000061035156,1614.5999755859375,3.5274999141693115,88.27999877929688,1409.1500244140625,13009.5302734375,80.19000244140625,1.2875149250030518,1.6929999589920044,0.6899999976158142
2012-11-26,1749.5,34.13800048828125,1621.5,3.5360000133514404,87.73999786376953,1406.2900390625,12967.3701171875,80.25,1.2965964078903198,1.6640000343322754,0.6660000085830688
2012-11-27,1742.199951171875,33.981998443603516,1617.699951171875,3.5364999771118164,87.18000030517578,1398.93994140625,12878.1298828125,80.4000015258789,1.298701286315918,1.6449999809265137,0.6499999761581421
2012-11-28,1716.5,33.680999755859375,1610.0,3.5220000743865967,86.48999786376953,1409.9300537109375,12985.1103515625,80.33999633789062,1.2938284873962402,1.6169999837875366,0.6240000128746033
2012-11-29,1727.199951171875,34.347999572753906,1618.0,3.5885000228881836,88.06999969482422,1415.949951171875,13021.8203125,80.19999694824219,1.2953367233276367,1.6200000047683716,0.6309999823570251
2012-11-30,1710.9000244140625,33.20399856567383,1603.0999755859375,3.629499912261963,88.91000366210938,1416.1800537109375,13025.580078125,80.1500015258789,1.2973533868789673,1.6059999465942383,0.6140000224113464
2012-12-03,1719.5999755859375,33.680999755859375,1612.300048828125,3.640000104904175,89.08999633789062,1409.4599609375,12965.599609375,79.87999725341797,1.299680233001709,1.628000020980835,0.628000020980835
2012-12-05,1692.4000244140625,32.882999420166016,1582.699951171875,3.6670000553131104,87.87999725341797,1409.280029296875,13034.490234375,79.7699966430664,1.3099292516708374,1.590999960899353,0.6060000061988831
2012-12-06,1700.300048828125,33.03900146484375,1599.199951171875,3.627000093460083,86.26000213623047,1413.93994140625,13074.0400390625,80.26000213623047,1.3070186376571655,1.5809999704360962,0.6010000109672546
2012-12-07,1704.0,33.053001403808594,1605.5,3.6475000381469727,85.93000030517578,1418.0699462890625,13155.1298828125,80.41999816894531,1.2963443994522095,1.6269999742507935,0.621999979019165
2012-12-10,1713.0,33.29999923706055,1621.800048828125,3.690500020980835,85.55999755859375,1418.550048828125,13169.8798828125,80.33000183105469,1.2906056642532349,1.6160000562667847,0.6140000224113464
2012-12-11,1708.199951171875,32.941001892089844,1638.5,3.6710000038146973,85.79000091552734,1427.8399658203125,13248.4404296875,80.05999755859375,1.2938284873962402,1.6490000486373901,0.6330000162124634
2012-12-12,1716.5999755859375,33.707000732421875,1644.9000244140625,3.700000047683716,86.7699966430664,1428.47998046875,13245.4501953125,79.88999938964844,1.3013207912445068,1.6970000267028809,0.6489999890327454
2012-12-13,1695.5999755859375,32.279998779296875,1611.9000244140625,3.6445000171661377,85.88999938964844,1419.449951171875,13170.7197265625,79.93000030517578,1.3066771030426025,1.7280000448226929,0.6890000104904175
2012-12-14,1695.800048828125,32.222999572753906,1619.5,3.6649999618530273,86.7300033569336,1413.5799560546875,13135.009765625,79.5999984741211,1.3078734874725342,1.7079999446868896,0.6880000233650208
2012-12-17,1697.0,32.20600128173828,1609.5,3.6489999294281006,87.19999694824219,1430.3599853515625,13235.3896484375,79.56999969482422,1.3165863752365112,1.7630000114440918,0.7260000109672546
2012-12-18,1669.5,31.594999313354492,1594.5,3.6364998817443848,87.93000030517578,1446.7900390625,13350.9599609375,79.36000061035156,1.316482424736023,1.8270000219345093,0.7649999856948853
2012-12-19,1666.5,31.045000076293945,1593.699951171875,3.5950000286102295,89.51000213623047,1435.81005859375,13251.9697265625,79.25,1.323101282119751,1.7999999523162842,0.7689999938011169
2012-12-20,1644.9000244140625,29.61199951171875,1546.699951171875,3.5250000953674316,90.12999725341797,1443.68994140625,13311.7197265625,79.26000213623047,1.3215277194976807,1.7999999523162842,0.7720000147819519
2012-12-21,1659.0999755859375,30.142000198364258,1537.4000244140625,3.555500030517578,88.66000366210938,1430.1500244140625,13190.83984375,79.62000274658203,1.323766827583313,1.753999948501587,0.753000020980835
2012-12-24,1658.5999755859375,29.839000701904297,1535.4000244140625,3.5339999198913574,88.61000061035156,1426.6600341796875,13138.9296875,79.63999938964844,1.3182003498077393,1.7740000486373901,0.7739999890327454
2012-12-26,1659.800048828125,29.982999801635742,1535.4000244140625,3.5829999446868896,90.9800033569336,1419.8299560546875,13114.58984375,79.62000274658203,1.3180439472198486,1.7580000162124634,0.7630000114440918
2012-12-27,1662.5999755859375,30.18400001525879,1532.300048828125,3.5899999141693115,90.87000274658203,1418.0999755859375,13096.3095703125,79.62000274658203,1.3225764036178589,1.715000033378601,0.7200000286102295
2012-12-28,1654.9000244140625,29.920000076293945,1517.4000244140625,3.577500104904175,90.80000305175781,1402.4300537109375,12938.1103515625,79.68000030517578,1.3250298500061035,1.7109999656677246,0.7170000076293945
2012-12-31,1674.800048828125,30.17300033569336,1538.699951171875,3.6410000324249268,91.81999969482422,1426.18994140625,13104.1396484375,79.7699966430664,1.3227688074111938,1.75600004196167,0.7250000238418579
2013-01-02,1687.9000244140625,30.95199966430664,1565.0999755859375,3.7244999408721924,93.12000274658203,1462.4200439453125,13412.5498046875,79.8499984741211,1.3197835683822632,1.8389999866485596,0.7630000114440918
2013-01-03,1673.699951171875,30.67099952697754,1576.699951171875,3.7014999389648438,92.91999816894531,1459.3699951171875,13391.3603515625,80.43000030517578,1.3182177543640137,1.8990000486373901,0.8080000281333923
2013-01-04,1648.0999755859375,29.895999908447266,1555.199951171875,3.678499937057495,93.08999633789062,1466.469970703125,13435.2099609375,80.5,1.3032711744308472,1.9149999618530273,0.8190000057220459
2013-01-07,1645.5,30.031999588012695,1553.800048828125,3.6630001068115234,93.19000244140625,1461.8900146484375,13384.2900390625,80.26000213623047,1.3067454099655151,1.902999997138977,0.8130000233650208
2013-01-08,1661.5,30.415000915527344,1580.5999755859375,3.6570000648498535,93.1500015258789,1457.1500244140625,13328.849609375,80.3499984741211,1.312508225440979,1.871000051498413,0.7850000262260437
2013-01-09,1654.800048828125,30.201000213623047,1597.800048828125,3.6565001010894775,93.0999984741211,1461.02001953125,13390.509765625,80.55999755859375,1.3082326650619507,1.8519999980926514,0.7609999775886536
2013-01-10,1677.300048828125,30.875,1632.4000244140625,3.694499969482422,93.81999969482422,1472.1199951171875,13471.2197265625,79.73999786376953,1.305483102798462,1.8940000534057617,0.7929999828338623
2013-01-11,1660.0,30.367000579833984,1629.300048828125,3.6394999027252197,93.55999755859375,1472.050048828125,13488.4296875,79.55999755859375,1.327316164970398,1.875,0.7820000052452087
2013-01-14,1668.9000244140625,31.079999923706055,1656.300048828125,3.619499921798706,94.13999938964844,1470.6800537109375,13507.3203125,79.48999786376953,1.3362016677856445,1.8569999933242798,0.7680000066757202
2013-01-15,1683.4000244140625,31.49799919128418,1688.0,3.622999906539917,93.27999877929688,1472.3399658203125,13534.8896484375,79.77999877929688,1.3377926349639893,1.8309999704360962,0.7450000047683716
2013-01-16,1682.699951171875,31.513999938964844,1692.199951171875,3.5910000801086426,94.23999786376953,1472.6300048828125,13511.23046875,79.80000305175781,1.330849051475525,1.8240000009536743,0.7419999837875366
2013-01-17,1690.4000244140625,31.785999298095703,1697.800048828125,3.6470000743865967,95.48999786376953,1480.93994140625,13596.01953125,79.6500015258789,1.32908034324646,1.875,0.7870000004768372
2013-01-18,1686.5999755859375,31.902000427246094,1672.0999755859375,3.6635000705718994,95.55999755859375,1485.97998046875,13649.7001953125,80.05000305175781,1.3372559547424316,1.843000054359436,0.7630000114440918
2013-01-22,1692.800048828125,32.14699935913086,1698.4000244140625,3.690999984741211,96.23999786376953,1492.56005859375,13712.2099609375,79.87000274658203,1.3311502933502197,1.8350000381469727,0.7519999742507935
2013-01-23,1686.300048828125,32.409000396728516,1691.699951171875,3.6710000038146973,95.2300033569336,1494.81005859375,13779.330078125,79.91999816894531,1.331398367881775,1.8329999446868896,0.75
2013-01-24,1669.5,31.69499969482422,1682.800048828125,3.6644999980926514,95.94999694824219,1494.8199462890625,13825.330078125,79.94999694824219,1.330849051475525,1.843999981880188,0.7599999904632568
2013-01-25,1656.4000244140625,31.18000030517578,1693.9000244140625,3.6394999027252197,95.87999725341797,1502.9599609375,13895.98046875,79.75,1.3369340896606445,1.9470000267028809,0.847000002861023
2013-01-28,1652.4000244140625,30.756000518798828,1661.199951171875,3.6489999294281006,96.44000244140625,1500.1800537109375,13881.9296875,79.77999877929688,1.3466018438339233,1.9739999771118164,0.875
2013-01-29,1660.699951171875,31.159000396728516,1677.4000244140625,3.677500009536743,97.56999969482422,1507.8399658203125,13954.419921875,79.55999755859375,1.3446282148361206,1.9880000352859497,0.871999979019165
2013-01-30,1679.9000244140625,32.152000427246094,1687.800048828125,3.740000009536743,97.94000244140625,1501.9599609375,13910.419921875,79.27999877929688,1.34916353225708,2.00600004196167,0.8889999985694885
2013-01-31,1660.5999755859375,31.334999084472656,1673.9000244140625,3.7235000133514404,97.48999786376953,1498.1099853515625,13860.580078125,79.20999908447266,1.3568336963653564,1.9850000143051147,0.8809999823570251
2013-02-01,1669.4000244140625,31.941999435424805,1686.199951171875,3.7755000591278076,97.7699966430664,1513.1700439453125,14009.7900390625,79.12999725341797,1.3610997200012207,2.009999990463257,0.8769999742507935
2013-02-04,1675.300048828125,31.700000762939453,1696.5999755859375,3.758500099182129,96.16999816894531,1495.7099609375,13880.080078125,79.55000305175781,1.3648709058761597,1.9730000495910645,0.8460000157356262
2013-02-05,1672.4000244140625,31.858999252319336,1705.699951171875,3.7614998817443848,96.63999938964844,1511.2900390625,13979.2998046875,79.48999786376953,1.3511687517166138,2.0160000324249268,0.875
2013-02-06,1677.699951171875,31.861000061035156,1736.5,3.7335000038146973,96.62000274658203,1512.1199951171875,13986.51953125,79.72000122070312,1.3581420183181763,1.968000054359436,0.8370000123977661
2013-02-07,1670.4000244140625,31.386999130249023,1722.300048828125,3.7200000286102295,95.83000183105469,1509.3900146484375,13944.0498046875,80.19000244140625,1.3523930311203003,1.9509999752044678,0.824999988079071
2013-02-08,1666.0,31.424999237060547,1713.5,3.753499984741211,95.72000122070312,1517.9300537109375,13992.9697265625,80.25,1.3389389514923096,1.9539999961853027,0.828000009059906
2013-02-11,1648.199951171875,30.895000457763672,1695.0,3.7179999351501465,97.02999877929688,1517.010009765625,13971.240234375,80.30999755859375,1.3368269205093384,1.9459999799728394,0.8379999995231628
2013-02-12,1648.699951171875,31.003999710083008,1716.0999755859375,3.7365000247955322,97.51000213623047,1519.4300537109375,14018.7001953125,80.11000061035156,1.340356707572937,1.9819999933242798,0.8690000176429749
2013-02-13,1644.199951171875,30.854000091552734,1728.5999755859375,3.7339999675750732,97.01000213623047,1520.3299560546875,13982.91015625,80.08999633789062,1.3452069759368896,2.0190000534057617,0.9010000228881836
2013-02-14,1634.699951171875,30.343000411987305,1709.800048828125,3.7300000190734863,97.30999755859375,1521.3800048828125,13973.3896484375,80.45999908447266,1.3444474935531616,2.0,0.8569999933242798
2013-02-15,1608.800048828125,29.839000701904297,1676.5999755859375,3.7309999465942383,95.86000061035156,1519.7900390625,13981.759765625,80.58000183105469,1.3352917432785034,2.006999969482422,0.8650000095367432
2013-02-19,1603.5999755859375,29.413000106811523,1696.4000244140625,3.6445000171661377,96.66000366210938,1530.93994140625,14035.669921875,80.47000122070312,1.3347214460372925,2.0260000228881836,0.8809999823570251
2013-02-20,1577.5999755859375,28.614999771118164,1646.0,3.6054999828338623,94.45999908447266,1511.949951171875,13927.5400390625,81.08999633789062,1.3395847082138062,2.0209999084472656,0.8690000176429749
2013-02-21,1578.199951171875,28.69499969482422,1618.9000244140625,3.55049991607666,92.83999633789062,1502.4200439453125,13880.6201171875,81.45999908447266,1.327316164970398,1.9759999513626099,0.8360000252723694
2013-02-22,1572.4000244140625,28.45599937438965,1606.300048828125,3.5299999713897705,93.12999725341797,1515.5999755859375,14000.5703125,81.4800033569336,1.3194352388381958,1.9670000076293945,0.828000009059906
2013-02-25,1586.199951171875,28.982999801635742,1619.5999755859375,3.5409998893737793,93.11000061035156,1487.8499755859375,13784.169921875,81.66999816894531,1.319591999053955,1.8949999809265137,0.7760000228881836
2013-02-26,1615.199951171875,29.256000518798828,1615.4000244140625,3.566499948501587,92.62999725341797,1496.93994140625,13900.1298828125,81.87000274658203,1.3065063953399658,1.878999948501587,0.7620000243186951
2013-02-27,1595.199951171875,28.94300079345703,1599.0,3.5450000762939453,92.76000213623047,1515.989990234375,14075.3701171875,81.5999984741211,1.3065917491912842,1.902999997138977,0.7820000052452087
2013-02-28,1577.699951171875,28.395000457763672,1582.4000244140625,3.5274999141693115,92.05000305175781,1514.6800537109375,14054.490234375,81.9800033569336,1.3150973320007324,1.8880000114440918,0.7689999938011169
2013-03-01,1571.9000244140625,28.451000213623047,1571.5,3.4814999103546143,90.68000030517578,1518.199951171875,14089.66015625,82.30999755859375,1.3059945106506348,1.8530000448226929,0.7480000257492065
2013-03-04,1572.0999755859375,28.457000732421875,1564.199951171875,3.4830000400543213,90.12000274658203,1525.199951171875,14127.8203125,82.22000122070312,1.3016934394836426,1.8769999742507935,0.7599999904632568
2013-03-05,1574.5999755859375,28.562999725341797,1583.699951171875,3.496500015258789,90.81999969482422,1539.7900390625,14253.76953125,82.08999633789062,1.3036110401153564,1.8940000534057617,0.7720000147819519
2013-03-06,1574.5999755859375,28.760000228881836,1577.800048828125,3.4739999771118164,90.43000030517578,1541.4599609375,14296.240234375,82.45999908447266,1.3048527240753174,1.937999963760376,0.8040000200271606
2013-03-07,1574.800048828125,28.767000198364258,1593.0999755859375,3.501499891281128,91.55999755859375,1544.260009765625,14329.490234375,82.08000183105469,1.297858476638794,1.9910000562667847,0.8510000109672546
2013-03-08,1576.5999755859375,28.909000396728516,1601.9000244140625,3.491499900817871,91.94999694824219,1551.1800537109375,14397.0703125,82.69999694824219,1.311131477355957,2.055999994277954,0.8970000147819519
2013-03-11,1577.800048828125,28.812000274658203,1599.199951171875,3.5,92.05999755859375,1556.219970703125,14447.2900390625,82.56999969482422,1.2988024950027466,2.055999994277954,0.8970000147819519
2013-03-12,1591.5,29.131000518798828,1593.0,3.5380001068115234,92.54000091552734,1552.47998046875,14450.0595703125,82.58000183105469,1.3032711744308472,2.0230000019073486,0.8709999918937683
2013-03-13,1588.300048828125,28.922000885009766,1591.0999755859375,3.509500026702881,92.5199966430664,1554.52001953125,14455.2802734375,82.88999938964844,1.3029316663742065,2.0209999084472656,0.8769999742507935
2013-03-14,1590.5999755859375,28.77199935913086,1587.800048828125,3.5234999656677246,93.02999877929688,1563.22998046875,14539.1396484375,82.61000061035156,1.2958402633666992,2.0329999923706055,0.8769999742507935
2013-03-15,1592.5,28.816999435424805,1591.4000244140625,3.507999897003174,93.44999694824219,1560.699951171875,14514.1103515625,82.26000213623047,1.3012362718582153,1.996000051498413,0.8339999914169312
2013-03-18,1604.5999755859375,28.840999603271484,1578.199951171875,3.4170000553131104,93.73999786376953,1552.0999755859375,14452.0595703125,82.69000244140625,1.2892745733261108,1.9559999704360962,0.8100000023841858
2013-03-19,1611.300048828125,28.809999465942383,1554.4000244140625,3.3954999446868896,92.16000366210938,1548.3399658203125,14455.8203125,82.98999786376953,1.2944984436035156,1.9079999923706055,0.7770000100135803
2013-03-20,1607.5,28.783000946044922,1581.5,3.435499906539917,92.95999908447266,1558.7099609375,14511.73046875,82.77999877929688,1.2863887548446655,1.937000036239624,0.7919999957084656
2013-03-21,1613.800048828125,29.179000854492188,1579.0999755859375,3.4230000972747803,92.44999694824219,1545.800048828125,14421.490234375,82.80000305175781,1.2941633462905884,1.9320000410079956,0.7979999780654907
2013-03-22,1606.199951171875,28.666000366210938,1580.699951171875,3.4539999961853027,93.70999908447266,1556.8900146484375,14512.0302734375,82.52999877929688,1.2904890775680542,1.9149999618530273,0.7900000214576721
2013-03-25,1604.5999755859375,28.78499984741211,1582.4000244140625,3.434999942779541,94.80999755859375,1551.68994140625,14447.75,82.87000274658203,1.302405595779419,1.9149999618530273,0.7870000004768372
2013-03-26,1595.800048828125,28.643999099731445,1566.0,3.432499885559082,96.33999633789062,1563.77001953125,14559.650390625,82.87999725341797,1.2858428955078125,1.906000018119812,0.7760000228881836
2013-03-27,1606.199951171875,28.57699966430664,1579.800048828125,3.434999942779541,96.58000183105469,1562.8499755859375,14526.16015625,83.20999908447266,1.2860082387924194,1.8509999513626099,0.7369999885559082
2013-03-28,1594.800048828125,28.29199981689453,1571.199951171875,3.3949999809265137,97.2300033569336,1569.18994140625,14578.5400390625,82.98999786376953,1.277791976928711,1.8519999980926514,0.7689999938011169
2013-04-01,1600.0,27.913000106811523,1596.4000244140625,3.367500066757202,97.06999969482422,1562.1700439453125,14572.849609375,82.7300033569336,1.2805737257003784,1.840000033378601,0.7580000162124634
2013-04-02,1575.0999755859375,27.216999053955078,1571.800048828125,3.371999979019165,97.19000244140625,1570.25,14662.009765625,82.94000244140625,1.2850167751312256,1.8609999418258667,0.7710000276565552
2013-04-03,1552.800048828125,26.773000717163086,1539.800048828125,3.325500011444092,94.44999694824219,1553.68994140625,14550.349609375,82.72000122070312,1.2820513248443604,1.812000036239624,0.7260000109672546
2013-04-04,1551.800048828125,26.74799919128418,1516.699951171875,3.3454999923706055,93.26000213623047,1559.97998046875,14606.1103515625,82.68000030517578,1.2850167751312256,1.7589999437332153,0.6909999847412109
2013-04-05,1575.4000244140625,27.201000213623047,1534.4000244140625,3.3399999141693115,92.69999694824219,1553.280029296875,14565.25,82.5,1.2928247451782227,1.694000005722046,0.675000011920929
2013-04-08,1572.0,27.1200008392334,1535.9000244140625,3.368000030517578,93.36000061035156,1563.0699462890625,14613.48046875,82.75,1.2992074489593506,1.7319999933242798,0.6990000009536743
2013-04-09,1586.199951171875,27.865999221801758,1552.0,3.437999963760376,94.19999694824219,1568.6099853515625,14673.4599609375,82.30999755859375,1.3029316663742065,1.746999979019165,0.6990000009536743
2013-04-10,1558.300048828125,27.638999938964844,1529.199951171875,3.4140000343322754,94.63999938964844,1587.72998046875,14802.240234375,82.52999877929688,1.3080273866653442,1.8049999475479126,0.7360000014305115
2013-04-11,1564.300048828125,27.684999465942383,1535.199951171875,3.427999973297119,93.51000213623047,1593.3699951171875,14865.1396484375,82.25,1.3055341243743896,1.7910000085830688,0.7279999852180481
2013-04-12,1501.0,26.32200050354004,1495.300048828125,3.3489999771118164,91.29000091552734,1588.8499755859375,14865.0595703125,82.30999755859375,1.311475396156311,1.7209999561309814,0.6940000057220459
2013-04-15,1360.5999755859375,23.354999542236328,1424.199951171875,3.2799999713897705,88.70999908447266,1552.3599853515625,14599.2001953125,82.41999816894531,1.3099292516708374,1.7020000219345093,0.6909999847412109
2013-04-16,1386.800048828125,23.621999740600586,1450.0,3.30649995803833,88.72000122070312,1574.5699462890625,14756.7802734375,81.75,1.3054660558700562,1.718999981880188,0.7020000219345093
2013-04-17,1382.199951171875,23.301000595092773,1434.800048828125,3.187999963760376,86.68000030517578,1552.010009765625,14618.58984375,82.66000366210938,1.3178702592849731,1.7039999961853027,0.6970000267028809
2013-04-18,1392.0,23.23900032043457,1428.4000244140625,3.2044999599456787,87.7300033569336,1541.6099853515625,14537.1396484375,82.55000305175781,1.3034920692443848,1.684999942779541,0.6970000267028809
2013-04-19,1395.300048828125,22.954999923706055,1423.300048828125,3.1514999866485596,88.01000213623047,1555.25,14547.509765625,82.70999908447266,1.3053126335144043,1.7029999494552612,0.7070000171661377
2013-04-22,1421.0,23.31999969482422,1435.800048828125,3.131999969482422,88.76000213623047,1562.5,14567.169921875,82.68000030517578,1.3055682182312012,1.6979999542236328,0.6940000057220459
2013-04-23,1408.5999755859375,22.812999725341797,1416.800048828125,3.0940001010894775,89.18000030517578,1578.780029296875,14719.4599609375,83.02999877929688,1.306165099143982,1.6979999542236328,0.6949999928474426
2013-04-24,1423.4000244140625,22.82900047302246,1429.800048828125,3.1579999923706055,91.43000030517578,1578.7900390625,14676.2998046875,82.93000030517578,1.2994438409805298,1.6979999542236328,0.6890000104904175
2013-04-25,1461.800048828125,24.139999389648438,1462.800048828125,3.23799991607666,93.63999938964844,1585.1600341796875,14700.7998046875,82.73999786376953,1.3017443418502808,1.7109999656677246,0.7129999995231628
2013-04-26,1453.5999755859375,23.757999420166016,1475.199951171875,3.184999942779541,93.0,1582.239990234375,14712.5498046875,82.4800033569336,1.3007283210754395,1.6629999876022339,0.6809999942779541
2013-04-29,1467.4000244140625,24.121999740600586,1505.5999755859375,3.2255001068115234,94.5,1593.6099853515625,14818.75,82.1500015258789,1.3042571544647217,1.6679999828338623,0.6769999861717224
2013-04-30,1472.199951171875,24.143999099731445,1505.4000244140625,3.1875,93.45999908447266,1597.5699462890625,14839.7998046875,81.7300033569336,1.3095861673355103,1.6749999523162842,0.6779999732971191
2013-05-01,1446.300048828125,23.30500030517578,1468.699951171875,3.0824999809265137,91.02999877929688,1582.699951171875,14700.9501953125,81.63999938964844,1.3168290853500366,1.6390000581741333,0.6549999713897705
2013-05-02,1467.699951171875,23.790000915527344,1500.699951171875,3.1045000553131104,93.98999786376953,1597.5899658203125,14831.580078125,82.20999908447266,1.3182177543640137,1.63100004196167,0.6489999890327454
2013-05-03,1464.300048828125,23.975000381469727,1501.699951171875,3.313499927520752,95.61000061035156,1614.4200439453125,14973.9599609375,82.0999984741211,1.3065063953399658,1.7519999742507935,0.7319999933242798
2013-05-06,1468.0999755859375,23.917999267578125,1508.199951171875,3.309999942779541,96.16000366210938,1617.5,14968.8896484375,82.31999969482422,1.3123359680175781,1.7710000276565552,0.7450000047683716
2013-05-07,1449.0,23.770999908447266,1481.699951171875,3.30049991607666,95.62000274658203,1625.9599609375,15056.2001953125,82.30000305175781,1.3070186376571655,1.7829999923706055,0.75
2013-05-08,1473.9000244140625,23.892000198364258,1505.4000244140625,3.371000051498413,96.62000274658203,1632.68994140625,15105.1201171875,81.9000015258789,1.3077024221420288,1.7599999904632568,0.7419999837875366
2013-05-09,1468.800048828125,23.878999710083008,1516.5,3.3415000438690186,96.38999938964844,1626.6700439453125,15082.6201171875,82.79000091552734,1.3161357641220093,1.812999963760376,0.746999979019165
2013-05-10,1436.800048828125,23.631999969482422,1486.0,3.3559999465942383,96.04000091552734,1633.699951171875,15118.490234375,83.13999938964844,1.303441047668457,1.899999976158142,0.8169999718666077
2013-05-13,1434.5,23.670000076293945,1484.5,3.361999988555908,95.16999816894531,1633.77001953125,15091.6796875,83.26000213623047,1.2965291738510132,1.9229999780654907,0.8230000138282776
2013-05-14,1424.699951171875,23.354999542236328,1501.9000244140625,3.2904999256134033,94.20999908447266,1650.3399658203125,15215.25,83.56999969482422,1.2988024950027466,1.9520000219345093,0.8429999947547913
2013-05-15,1396.5,22.64299964904785,1490.699951171875,3.2669999599456787,94.30000305175781,1658.780029296875,15275.6904296875,83.83000183105469,1.2937111854553223,1.9429999589920044,0.8309999704360962
2013-05-16,1387.0999755859375,22.64299964904785,1485.5999755859375,3.2920000553131104,95.16000366210938,1650.469970703125,15233.2197265625,83.7699966430664,1.2882447242736816,1.8650000095367432,0.7730000019073486
2013-05-17,1364.9000244140625,22.339000701904297,1468.0,3.321000099182129,96.0199966430664,1667.469970703125,15354.400390625,84.27999877929688,1.2883278131484985,1.9490000009536743,0.8299999833106995
2013-05-20,1384.300048828125,22.56800079345703,1484.5999755859375,3.3570001125335693,96.70999908447266,1666.2900390625,15335.2802734375,83.80999755859375,1.2835652828216553,1.965000033378601,0.8349999785423279
2013-05-21,1377.800048828125,22.441999435424805,1458.4000244140625,3.3389999866485596,96.16000366210938,1669.1600341796875,15387.580078125,83.86000061035156,1.2891082763671875,1.944000005722046,0.8259999752044678
2013-05-22,1367.5999755859375,22.45800018310547,1469.199951171875,3.377500057220459,94.27999877929688,1655.3499755859375,15307.169921875,84.25,1.2919062376022339,2.0260000228881836,0.890999972820282
2013-05-23,1392.0,22.493999481201172,1457.199951171875,3.299499988555908,94.25,1650.510009765625,15294.5,83.80000305175781,1.2842081785202026,2.0230000019073486,0.8939999938011169
2013-05-24,1386.800048828125,22.48200035095215,1451.9000244140625,3.2915000915527344,94.1500015258789,1649.5999755859375,15303.099609375,83.69999694824219,1.2925074100494385,2.010999917984009,0.8880000114440918
2013-05-28,1379.0999755859375,22.18000030517578,1460.5999755859375,3.311500072479248,95.01000213623047,1660.06005859375,15409.3896484375,84.13999938964844,1.2933933734893799,2.134999990463257,0.9940000176429749
2013-05-29,1391.300048828125,22.44499969482422,1451.800048828125,3.2909998893737793,93.12999725341797,1648.3599853515625,15302.7998046875,83.63999938964844,1.2846370935440063,2.124000072479248,0.9990000128746033
2013-05-30,1411.5,22.673999786376953,1481.5,3.310499906539917,93.61000061035156,1654.4100341796875,15324.5302734375,83.01000213623047,1.294783353805542,2.124000072479248,1.0140000581741333
2013-05-31,1392.5999755859375,22.22800064086914,1460.5999755859375,3.2890000343322754,91.97000122070312,1630.739990234375,15115.5703125,83.37999725341797,1.3043931722640991,2.1640000343322754,1.0529999732971191
2013-06-03,1411.699951171875,22.71500015258789,1496.199951171875,3.3269999027252197,93.44999694824219,1640.4200439453125,15254.0302734375,82.68000030517578,1.2996464967727661,2.134000062942505,1.031999945640564
2013-06-04,1397.0999755859375,22.399999618530273,1489.9000244140625,3.365000009536743,93.30999755859375,1631.3800048828125,15177.5400390625,82.7699966430664,1.3072919845581055,2.13700008392334,1.0449999570846558
2013-06-05,1398.4000244140625,22.46500015258789,1509.4000244140625,3.367000102996826,93.73999786376953,1608.9000244140625,14960.58984375,82.56999969482422,1.3073433637619019,2.0999999046325684,1.0230000019073486
2013-06-06,1415.699951171875,22.701000213623047,1528.0999755859375,3.315999984741211,94.76000213623047,1622.56005859375,15040.6201171875,81.5199966430664,1.3093289136886597,2.075000047683716,1.00600004196167
2013-06-07,1383.0,21.73699951171875,1501.4000244140625,3.2660000324249268,96.02999877929688,1643.3800048828125,15248.1201171875,81.69000244140625,1.3245558738708496,2.1610000133514404,1.0859999656677246
2013-06-10,1386.199951171875,21.92099952697754,1505.699951171875,3.239000082015991,95.7699966430664,1642.81005859375,15238.58984375,81.6500015258789,1.3224014043807983,2.2149999141693115,1.125
2013-06-11,1377.0,21.645000457763672,1479.0,3.193000078201294,95.37999725341797,1626.1300048828125,15122.01953125,81.05999755859375,1.3224014043807983,2.194999933242798,1.1119999885559082
2013-06-12,1391.800048828125,21.79599952697754,1481.4000244140625,3.2249999046325684,95.87999725341797,1612.52001953125,14995.23046875,80.95999908447266,1.3224014043807983,2.2300000190734863,1.1410000324249268
2013-06-13,1377.5999755859375,21.582000732421875,1446.199951171875,3.184999942779541,96.69000244140625,1636.3599853515625,15176.080078125,80.62000274658203,1.3339558839797974,2.1740000247955322,1.097000002861023
2013-06-14,1387.300048828125,21.952999114990234,1446.5,3.2044999599456787,97.8499984741211,1626.72998046875,15070.1796875,80.66999816894531,1.3367911577224731,2.125999927520752,1.0210000276565552
2013-06-17,1382.800048828125,21.756999969482422,1434.0999755859375,3.2019999027252197,97.7699966430664,1639.0400390625,15179.849609375,80.56999969482422,1.3348639011383057,2.1710000038146973,1.0449999570846558
2013-06-18,1366.5999755859375,21.676000595092773,1439.4000244140625,3.1570000648498535,98.44000244140625,1651.81005859375,15318.23046875,80.62000274658203,1.3363088369369507,2.181999921798706,1.0520000457763672
2013-06-19,1373.5999755859375,21.621999740600586,1423.199951171875,3.1435000896453857,98.23999786376953,1628.9300537109375,15112.1904296875,81.43000030517578,1.3389928340911865,2.311000108718872,1.2269999980926514
2013-06-20,1285.9000244140625,19.82200050354004,1363.0999755859375,3.061500072479248,95.4000015258789,1588.18994140625,14758.3203125,81.83999633789062,1.329186201095581,2.4189999103546143,1.312999963760376
2013-06-21,1291.5999755859375,19.95800018310547,1362.5,3.0964999198913574,93.69000244140625,1592.4300537109375,14799.400390625,82.31999969482422,1.323556661605835,2.5139999389648438,1.406000018119812
2013-06-24,1276.800048828125,19.493000030517578,1328.0999755859375,3.0260000228881836,95.18000030517578,1573.0899658203125,14659.5595703125,82.43000030517578,1.3105300664901733,2.5480000972747803,1.4450000524520874
2013-06-25,1274.800048828125,19.525999069213867,1350.0,3.071000099182129,95.31999969482422,1588.030029296875,14760.3095703125,82.58000183105469,1.313232183456421,2.5889999866485596,1.4700000286102295
2013-06-26,1229.5999755859375,18.586999893188477,1303.699951171875,3.0409998893737793,95.5,1603.260009765625,14910.1396484375,82.94999694824219,1.3079760074615479,2.5390000343322754,1.4270000457763672
2013-06-27,1211.4000244140625,18.533000946044922,1325.199951171875,3.052500009536743,97.05000305175781,1613.199951171875,15024.490234375,82.91000366210938,1.301337718963623,2.4830000400543213,1.3899999856948853
2013-06-28,1223.800048828125,19.451000213623047,1336.9000244140625,3.05049991607666,96.55999755859375,1606.280029296875,14909.599609375,83.16999816894531,1.3035939931869507,2.4779999256134033,1.3849999904632568
2013-07-01,1255.9000244140625,19.559999465942383,1379.199951171875,3.1549999713897705,97.98999786376953,1614.9599609375,14974.9599609375,82.9800033569336,1.3014055490493774,2.490000009536743,1.3960000276565552
2013-07-02,1243.5999755859375,19.29800033569336,1366.300048828125,3.1419999599456787,99.5999984741211,1614.0799560546875,14932.41015625,83.54000091552734,1.306762456893921,2.4690001010894775,1.378000020980835
2013-07-03,1252.0999755859375,19.68899917602539,1345.300048828125,3.1740000247955322,101.23999786376953,1615.4100341796875,14988.3701171875,83.2300033569336,1.2978922128677368,2.500999927520752,1.4119999408721924
2013-07-05,1212.9000244140625,18.72599983215332,1324.9000244140625,3.0799999237060547,103.22000122070312,1631.8900146484375,15135.83984375,84.41999816894531,1.2907721996307373,2.7149999141693115,1.5959999561309814
2013-07-08,1234.9000244140625,19.024999618530273,1360.5,3.1115000247955322,103.13999938964844,1640.4599609375,15224.6904296875,84.19999694824219,1.2829065322875977,2.6449999809265137,1.5080000162124634
2013-07-09,1245.9000244140625,19.125,1367.0999755859375,3.0759999752044678,103.52999877929688,1652.3199462890625,15300.33984375,84.58000183105469,1.2871006727218628,2.630000114440918,1.4880000352859497
2013-07-10,1247.4000244140625,19.150999069213867,1368.0999755859375,3.1010000705718994,106.5199966430664,1652.6199951171875,15291.66015625,84.04000091552734,1.278183937072754,2.680000066757202,1.5190000534057617
2013-07-11,1280.0999755859375,19.94300079345703,1421.0999755859375,3.183500051498413,104.91000366210938,1675.02001953125,15460.919921875,82.75,1.3187741041183472,2.5739998817443848,1.3960000276565552
2013-07-12,1277.800048828125,19.77899932861328,1409.5999755859375,3.1705000400543213,105.94999694824219,1680.18994140625,15464.2998046875,82.98999786376953,1.3097747564315796,2.6010000705718994,1.434000015258789
2013-07-15,1283.800048828125,19.826000213623047,1422.5,3.1610000133514404,106.31999969482422,1682.5,15484.259765625,83.04000091552734,1.3059945106506348,2.555999994277954,1.3930000066757202
2013-07-16,1290.800048828125,19.92300033569336,1426.0999755859375,3.19950008392334,106.0,1676.260009765625,15451.849609375,82.43000030517578,1.3058750629425049,2.5320000648498535,1.3700000047683716
2013-07-17,1277.9000244140625,19.409000396728516,1411.5999755859375,3.140500068664551,106.4800033569336,1680.9100341796875,15470.51953125,82.70999908447266,1.3151146173477173,2.490999937057495,1.315999984741211
2013-07-18,1284.5999755859375,19.375999450683594,1413.300048828125,3.1424999237060547,108.04000091552734,1689.3699951171875,15548.5400390625,82.81999969482422,1.3116990327835083,2.5339999198913574,1.3359999656677246
2013-07-19,1293.300048828125,19.447999954223633,1429.699951171875,3.1500000953674316,108.05000305175781,1692.0899658203125,15543.740234375,82.58000183105469,1.3110626935958862,2.490999937057495,1.3029999732971191
2013-07-22,1336.4000244140625,20.49799919128418,1447.0,3.189500093460083,106.91000366210938,1695.530029296875,15545.5498046875,82.22000122070312,1.3159972429275513,2.48799991607666,1.3040000200271606
2013-07-23,1335.0999755859375,20.246000289916992,1442.0999755859375,3.197999954223633,107.2300033569336,1692.3900146484375,15567.740234375,82.01000213623047,1.3190349340438843,2.5160000324249268,1.3170000314712524
2013-07-24,1319.699951171875,20.013999938964844,1455.199951171875,3.18149995803833,105.38999938964844,1685.93994140625,15542.240234375,82.30000305175781,1.3223315477371216,2.5880000591278076,1.378000020980835
2013-07-25,1329.0,20.14699935913086,1447.0,3.188499927520752,105.48999786376953,1690.25,15555.6103515625,81.97000122070312,1.319087266921997,2.6070001125335693,1.4210000038146973
2013-07-26,1321.699951171875,19.764999389648438,1421.9000244140625,3.1089999675750732,104.69999694824219,1691.6500244140625,15558.830078125,81.62000274658203,1.3274219036102295,2.561000108718872,1.3619999885559082
2013-07-29,1328.4000244140625,19.854000091552734,1441.800048828125,3.116499900817871,104.55000305175781,1685.3299560546875,15521.9697265625,81.66000366210938,1.3287447690963745,2.5850000381469727,1.375
2013-07-30,1324.0,19.666000366210938,1436.5999755859375,3.0409998893737793,103.08000183105469,1685.9599609375,15520.58984375,81.83000183105469,1.3263654708862305,2.6029999256134033,1.3880000114440918
2013-07-31,1312.4000244140625,19.617000579833984,1428.4000244140625,3.118499994277954,105.02999877929688,1685.72998046875,15499.5400390625,81.44999694824219,1.3264886140823364,2.5929999351501465,1.3910000324249268
2013-08-01,1311.0,19.614999771118164,1442.9000244140625,3.1640000343322754,107.88999938964844,1706.8699951171875,15628.01953125,82.33999633789062,1.3301409482955933,2.7230000495910645,1.5
2013-08-02,1310.5999755859375,19.902999877929688,1450.5999755859375,3.1695001125335693,106.94000244140625,1709.6700439453125,15658.3603515625,81.91000366210938,1.3211959600448608,2.6019999980926514,1.3589999675750732
2013-08-05,1302.5999755859375,19.711000442504883,1447.199951171875,3.1670000553131104,106.55999755859375,1707.1400146484375,15612.1298828125,81.87999725341797,1.3278977870941162,2.640000104904175,1.3899999856948853
2013-08-06,1283.199951171875,19.514999389648438,1426.9000244140625,3.171999931335449,105.30000305175781,1697.3699951171875,15518.740234375,81.5999984741211,1.3257501125335693,2.6419999599456787,1.3880000114440918
2013-08-07,1286.0999755859375,19.49799919128418,1437.4000244140625,3.177500009536743,104.37000274658203,1690.9100341796875,15470.669921875,81.29000091552734,1.3308136463165283,2.5999999046325684,1.3669999837875366
2013-08-08,1310.699951171875,20.18400001525879,1490.699951171875,3.2704999446868896,103.4000015258789,1697.47998046875,15498.3203125,81.01000213623047,1.334098219871521,2.5869998931884766,1.3569999933242798
2013-08-09,1312.9000244140625,20.39900016784668,1499.699951171875,3.308500051498413,105.97000122070312,1691.4200439453125,15425.509765625,81.12999725341797,1.3380074501037598,2.5799999237060547,1.3569999933242798
2013-08-12,1334.699951171875,21.332000732421875,1497.800048828125,3.30649995803833,106.11000061035156,1689.469970703125,15419.6796875,81.33000183105469,1.3339380025863647,2.6050000190734863,1.371999979019165
2013-08-13,1321.199951171875,21.336000442504883,1498.800048828125,3.31850004196167,106.83000183105469,1694.1600341796875,15451.009765625,81.7300033569336,1.3292922973632812,2.7149999141693115,1.475000023841858
2013-08-14,1334.0,21.7810001373291,1504.300048828125,3.3405001163482666,106.8499984741211,1685.3900146484375,15337.66015625,81.69999694824219,1.326559066772461,2.7119998931884766,1.468000054359436
2013-08-15,1361.5999755859375,22.929000854492188,1531.4000244140625,3.3380000591278076,107.33000183105469,1661.3199462890625,15112.1904296875,81.12999725341797,1.3264182806015015,2.755000114440918,1.5130000114440918
2013-08-16,1371.699951171875,23.316999435424805,1526.699951171875,3.364500045776367,107.45999908447266,1655.8299560546875,15081.4697265625,81.26000213623047,1.33539879322052,2.8289999961853027,1.569000005722046
2013-08-19,1366.199951171875,23.160999298095703,1508.0999755859375,3.3364999294281006,107.0999984741211,1646.06005859375,15010.740234375,81.2300033569336,1.332906723022461,2.884000062942505,1.6109999418258667
2013-08-20,1373.0999755859375,23.06599998474121,1524.5999755859375,3.3394999504089355,104.97000122070312,1652.3499755859375,15002.990234375,80.91000366210938,1.3333866596221924,2.813999891281128,1.5429999828338623
2013-08-21,1370.5999755859375,22.95800018310547,1518.199951171875,3.311500072479248,103.8499984741211,1642.800048828125,14897.5498046875,81.31999969482422,1.3421016931533813,2.8550000190734863,1.6059999465942383
2013-08-22,1371.199951171875,23.030000686645508,1539.199951171875,3.3329999446868896,105.02999877929688,1656.9599609375,14963.740234375,81.48999786376953,1.334294080734253,2.9010000228881836,1.6859999895095825
2013-08-23,1395.699951171875,23.732999801635742,1540.699951171875,3.3519999980926514,106.41999816894531,1663.5,15010.509765625,81.33999633789062,1.335505723953247,2.818000078201294,1.6330000162124634
2013-08-26,1393.0,24.007999420166016,1543.5999755859375,3.322000026702881,105.91999816894531,1656.780029296875,14946.4599609375,81.37000274658203,1.33865225315094,2.805000066757202,1.6050000190734863
2013-08-27,1420.5999755859375,24.64900016784668,1531.199951171875,3.3324999809265137,109.01000213623047,1630.47998046875,14776.1298828125,81.16999816894531,1.3379179239273071,2.7209999561309814,1.531999945640564
2013-08-28,1419.0,24.388999938964844,1539.199951171875,3.306999921798706,110.0999984741211,1634.9599609375,14824.509765625,81.41999816894531,1.3392080068588257,2.7820000648498535,1.5889999866485596
2013-08-29,1412.9000244140625,24.09000015258789,1521.5,3.24399995803833,108.80000305175781,1638.1700439453125,14840.9501953125,81.94999694824219,1.3334933519363403,2.750999927520752,1.5980000495910645
2013-08-30,1396.0999755859375,23.46299934387207,1526.199951171875,3.2249999046325684,107.6500015258789,1632.969970703125,14810.3095703125,82.08999633789062,1.3236267566680908,2.749000072479248,1.6009999513626099
2013-09-03,1412.0,24.381999969482422,1537.300048828125,3.2964999675750732,108.54000091552734,1639.77001953125,14833.9599609375,82.36000061035156,1.319000244140625,2.8480000495910645,1.6720000505447388
2013-09-04,1389.9000244140625,23.368999481201172,1493.800048828125,3.2365000247955322,107.2300033569336,1653.0799560546875,14930.8701171875,82.16999816894531,1.317401647567749,2.8970000743865967,1.7410000562667847
2013-09-05,1373.0999755859375,23.20599937438965,1481.199951171875,3.240999937057495,108.37000274658203,1655.0799560546875,14937.48046875,82.62999725341797,1.320062279701233,2.9790000915527344,1.8359999656677246
2013-09-06,1386.699951171875,23.841999053955078,1494.800048828125,3.257999897003174,110.52999877929688,1655.1700439453125,14922.5,82.1500015258789,1.3118367195129395,2.937999963760376,1.7680000066757202
2013-09-09,1386.800048828125,23.667999267578125,1482.0999755859375,3.2755000591278076,109.5199966430664,1671.7099609375,15063.1201171875,81.79000091552734,1.3174188137054443,2.8970000743865967,1.7039999961853027
2013-09-10,1364.0999755859375,22.965999603271484,1473.199951171875,3.2614998817443848,107.38999938964844,1683.989990234375,15191.0595703125,81.81999969482422,1.3258028030395508,2.9590001106262207,1.7619999647140503
2013-09-11,1363.9000244140625,23.121000289916992,1472.5999755859375,3.256500005722046,107.55999755859375,1689.1300048828125,15326.599609375,81.5199966430664,1.326629400253296,2.9200000762939453,1.7079999446868896
2013-09-12,1330.4000244140625,22.099000930786133,1441.800048828125,3.2125000953674316,108.5999984741211,1683.4200439453125,15300.6396484375,81.48999786376953,1.3315579891204834,2.9070000648498535,1.7059999704360962
2013-09-13,1308.4000244140625,21.670000076293945,1443.5999755859375,3.2070000171661377,108.20999908447266,1687.989990234375,15376.0595703125,81.44999694824219,1.3298933506011963,2.8980000019073486,1.7050000429153442
2013-09-16,1317.9000244140625,21.96299934387207,1440.5999755859375,3.2269999980926514,106.58999633789062,1697.5999755859375,15494.7802734375,81.25,1.3359339237213135,2.874000072479248,1.6349999904632568
2013-09-17,1309.5,21.735000610351562,1421.800048828125,3.2279999256134033,105.41999816894531,1704.760009765625,15529.73046875,81.16999816894531,1.3337956666946411,2.8529999256134033,1.6100000143051147
2013-09-18,1307.800048828125,21.513999938964844,1424.5999755859375,3.2834999561309814,108.06999969482422,1725.52001953125,15676.9404296875,80.23999786376953,1.3357912302017212,2.7079999446868896,1.4359999895095825
2013-09-19,1369.4000244140625,23.242000579833984,1472.4000244140625,3.3499999046325684,106.38999938964844,1722.3399658203125,15636.5498046875,80.36000061035156,1.3523015975952148,2.747999906539917,1.4789999723434448
2013-09-20,1332.5,21.875999450683594,1432.0999755859375,3.327500104904175,104.68000030517578,1709.9100341796875,15451.08984375,80.44000244140625,1.353417992591858,2.7320001125335693,1.4739999771118164
2013-09-23,1326.9000244140625,21.80500030517578,1425.4000244140625,3.308000087738037,103.58999633789062,1701.8399658203125,15401.3798828125,80.44999694824219,1.3534547090530396,2.7139999866485596,1.4620000123977661
2013-09-24,1316.0,21.538999557495117,1418.300048828125,3.265500068664551,103.12999725341797,1697.4200439453125,15334.58984375,80.55999755859375,1.349892020225525,2.6530001163482666,1.4179999828338623
2013-09-25,1335.9000244140625,21.83799934387207,1428.300048828125,3.2804999351501465,102.66000366210938,1692.77001953125,15273.259765625,80.33000183105469,1.347182273864746,2.614000082015991,1.38100004196167
2013-09-26,1323.5999755859375,21.719999313354492,1410.199951171875,3.303999900817871,103.02999877929688,1698.6700439453125,15328.2998046875,80.5199966430664,1.351698398590088,2.6429998874664307,1.4299999475479126
2013-09-27,1338.4000244140625,21.783000946044922,1414.9000244140625,3.325500011444092,102.87000274658203,1691.75,15258.240234375,80.2699966430664,1.348617672920227,2.61899995803833,1.3960000276565552
2013-09-30,1326.5,21.6560001373291,1408.0999755859375,3.321000099182129,102.33000183105469,1681.550048828125,15129.669921875,80.22000122070312,1.349545955657959,2.615000009536743,1.3880000114440918
2013-10-01,1286.0,21.124000549316406,1381.699951171875,3.2720000743865967,102.04000091552734,1695.0,15191.7001953125,80.0999984741211,1.3525211811065674,2.6459999084472656,1.4220000505447388
2013-10-02,1320.5999755859375,21.84600067138672,1389.800048828125,3.311500072479248,104.0999984741211,1693.8699951171875,15133.1396484375,79.87999725341797,1.352338194847107,2.625999927520752,1.3899999856948853
2013-10-03,1317.4000244140625,21.73900032043457,1369.5,3.26200008392334,103.30999755859375,1678.6600341796875,14996.48046875,79.7699966430664,1.3591018915176392,2.6059999465942383,1.3639999628067017
2013-10-04,1309.699951171875,21.704999923706055,1384.699951171875,3.2934999465942383,103.83999633789062,1690.5,15072.580078125,80.12000274658203,1.362416386604309,2.6519999504089355,1.409000039100647
2013-10-07,1324.800048828125,22.339000701904297,1398.5999755859375,3.2894999980926514,103.02999877929688,1676.1199951171875,14936.240234375,79.94000244140625,1.356999397277832,2.634000062942505,1.406000018119812
2013-10-09,1306.9000244140625,21.84600067138672,1379.5,3.2214999198913574,101.61000061035156,1656.4000244140625,14802.98046875,80.37000274658203,1.3598041534423828,2.6500000953674316,1.4129999876022339
2013-10-10,1296.5999755859375,21.850000381469727,1392.300048828125,3.240999937057495,103.01000213623047,1692.56005859375,15126.0703125,80.41999816894531,1.352027416229248,2.684999942779541,1.434000015258789
2013-10-11,1268.0,21.21500015258789,1372.0,3.265000104904175,102.0199966430664,1703.199951171875,15237.1103515625,80.36000061035156,1.3526674509048462,2.681999921798706,1.4129999876022339
2013-10-14,1276.4000244140625,21.309999465942383,1380.5999755859375,3.299999952316284,102.41000366210938,1710.1400146484375,15301.259765625,80.26000213623047,1.3556748628616333,2.690999984741211,1.4190000295639038
2013-10-15,1273.0,21.145999908447266,1380.4000244140625,3.303999900817871,101.20999908447266,1698.06005859375,15168.009765625,80.4800033569336,1.3558586835861206,2.7200000286102295,1.430999994277954
2013-10-16,1282.0,21.31999969482422,1395.199951171875,3.30049991607666,102.29000091552734,1721.5400390625,15373.830078125,80.5,1.3521736860275269,2.6710000038146973,1.3949999809265137
2013-10-17,1322.699951171875,21.902999877929688,1431.9000244140625,3.2890000343322754,100.66999816894531,1733.1500244140625,15371.650390625,79.6500015258789,1.3522467613220215,2.5869998931884766,1.3240000009536743
2013-10-18,1314.4000244140625,21.868999481201172,1434.800048828125,3.2929999828338623,100.80999755859375,1744.5,15399.650390625,79.63999938964844,1.366698980331421,2.5889999866485596,1.3370000123977661
2013-10-21,1315.699951171875,22.232999801635742,1435.699951171875,3.2960000038146973,99.22000122070312,1744.6600341796875,15392.2001953125,79.68000030517578,1.3681949377059937,2.6089999675750732,1.3569999933242798
2013-10-22,1342.5,22.753999710083008,1447.800048828125,3.3285000324249268,97.80000305175781,1754.6700439453125,15467.66015625,79.23999786376953,1.36759614944458,2.51200008392334,1.2829999923706055
2013-10-23,1333.9000244140625,22.582000732421875,1436.699951171875,3.2664999961853027,96.86000061035156,1746.3800048828125,15413.330078125,79.26000213623047,1.3778469562530518,2.484999895095825,1.2730000019073486
2013-10-24,1350.199951171875,22.785999298095703,1453.300048828125,3.260999917984009,97.11000061035156,1752.0699462890625,15509.2099609375,79.19000244140625,1.3780938386917114,2.5220000743865967,1.3040000200271606
2013-10-25,1352.4000244140625,22.60300064086914,1452.5,3.265500068664551,97.8499984741211,1759.77001953125,15570.2802734375,79.18000030517578,1.380395531654358,2.503000020980835,1.277999997138977
2013-10-28,1352.0,22.49799919128418,1470.0999755859375,3.260999917984009,98.68000030517578,1762.1099853515625,15568.9296875,79.25,1.3805290460586548,2.51200008392334,1.2799999713897705
2013-10-29,1345.199951171875,22.45199966430664,1459.0999755859375,3.2755000591278076,98.19999694824219,1771.949951171875,15680.349609375,79.62999725341797,1.3789299726486206,2.506999969482422,1.2660000324249268
2013-10-30,1349.0,22.945999145507812,1477.4000244140625,3.320499897003174,96.7699966430664,1763.31005859375,15618.759765625,79.75,1.374306082725525,2.5269999504089355,1.3079999685287476
2013-10-31,1323.5999755859375,21.832000732421875,1445.9000244140625,3.2945001125335693,96.37999725341797,1756.5400390625,15545.75,80.19999694824219,1.3724011182785034,2.5420000553131104,1.315000057220459
2013-11-01,1313.0999755859375,21.804000854492188,1449.4000244140625,3.2934999465942383,94.61000061035156,1761.6400146484375,15615.5498046875,80.7300033569336,1.3579760789871216,2.619999885559082,1.3730000257492065
2013-11-04,1314.5999755859375,21.67799949645996,1453.9000244140625,3.247499942779541,94.62000274658203,1767.9300537109375,15639.1201171875,80.55000305175781,1.349400281906128,2.6019999980926514,1.3509999513626099
2013-11-05,1308.0,21.61400032043457,1447.699951171875,3.252500057220459,93.37000274658203,1762.969970703125,15618.2197265625,80.70999908447266,1.351698398590088,2.6619999408721924,1.3799999952316284
2013-11-06,1317.699951171875,21.746000289916992,1465.5999755859375,3.234999895095825,94.80000305175781,1770.489990234375,15746.8798828125,80.4800033569336,1.3473094701766968,2.640000104904175,1.3350000381469727
2013-11-07,1308.4000244140625,21.638999938964844,1455.0,3.249000072479248,94.19999694824219,1747.1500244140625,15593.98046875,80.81999969482422,1.351807951927185,2.61299991607666,1.312999963760376
2013-11-08,1284.5,21.30699920654297,1441.0999755859375,3.253000020980835,94.5999984741211,1770.6099853515625,15761.7802734375,81.20999908447266,1.3409138917922974,2.746000051498413,1.4170000553131104
2013-11-11,1281.0,21.27199935913086,1430.5999755859375,3.26200008392334,95.13999938964844,1771.8900146484375,15783.099609375,81.08999633789062,1.3347926139831543,2.750999927520752,1.4149999618530273
2013-11-12,1271.0999755859375,20.76799964904785,1437.800048828125,3.2365000247955322,93.04000091552734,1767.68994140625,15750.669921875,81.19000244140625,1.3409318923950195,2.7679998874664307,1.4500000476837158
2013-11-13,1268.300048828125,20.43199920654297,1430.199951171875,3.1640000343322754,93.87999725341797,1782.0,15821.6298828125,80.93000030517578,1.3439956903457642,2.7249999046325684,1.3969999551773071
2013-11-14,1286.199951171875,20.711999893188477,1442.300048828125,3.1610000133514404,93.76000213623047,1790.6199951171875,15876.2197265625,80.9800033569336,1.3489633798599243,2.7019999027252197,1.3370000123977661
2013-11-15,1287.300048828125,20.716999053955078,1437.0999755859375,3.1730000972747803,93.83999633789062,1798.1800537109375,15961.7001953125,80.83999633789062,1.3448994159698486,2.7090001106262207,1.350000023841858
2013-11-18,1272.199951171875,20.349000930786133,1409.199951171875,3.1535000801086426,93.02999877929688,1791.530029296875,15976.01953125,80.83000183105469,1.3483994007110596,2.677999973297119,1.3200000524520874
2013-11-19,1273.4000244140625,20.326000213623047,1418.0999755859375,3.1619999408721924,93.33999633789062,1787.8699951171875,15967.0302734375,80.69999694824219,1.3504389524459839,2.7119998931884766,1.3580000400543213
2013-11-20,1257.9000244140625,20.049999237060547,1397.800048828125,3.1614999771118164,93.33000183105469,1781.3699951171875,15900.8203125,81.11000061035156,1.3567416667938232,2.7920000553131104,1.3600000143051147
2013-11-21,1243.5,19.92799949645996,1389.9000244140625,3.197499990463257,95.44000244140625,1795.8499755859375,16009.990234375,81.05000305175781,1.3433817625045776,2.7839999198913574,1.3630000352859497
2013-11-22,1244.0,19.856000900268555,1380.9000244140625,3.2265000343322754,94.83999633789062,1804.760009765625,16064.76953125,80.70999908447266,1.347182273864746,2.752000093460083,1.3530000448226929
2013-11-25,1241.0999755859375,19.8799991607666,1376.0,3.239000082015991,94.08999633789062,1802.47998046875,16072.5400390625,80.91999816894531,1.355233907699585,2.740999937057495,1.3420000076293945
2013-11-26,1241.4000244140625,19.84600067138672,1370.4000244140625,3.2290000915527344,93.68000030517578,1802.75,16072.7998046875,80.61000061035156,1.3527590036392212,2.696000099182129,1.3020000457763672
2013-11-27,1237.800048828125,19.632999420166016,1351.199951171875,3.200500011444092,92.30000305175781,1807.22998046875,16097.330078125,80.73999786376953,1.3567785024642944,2.7360000610351562,1.3619999885559082
2013-11-29,1250.5999755859375,19.981000900268555,1367.9000244140625,3.2304999828338623,92.72000122070312,1805.81005859375,16086.41015625,80.68000030517578,1.360396146774292,2.740999937057495,1.3669999837875366
2013-12-02,1222.300048828125,19.232999801635742,1345.9000244140625,3.2174999713897705,93.81999969482422,1800.9000244140625,16008.76953125,80.91000366210938,1.3585110902786255,2.8010001182556152,1.4210000038146973
2013-12-03,1221.699951171875,19.01099967956543,1354.9000244140625,3.2009999752044678,96.04000091552734,1795.1500244140625,15914.6201171875,80.62000274658203,1.3542062044143677,2.7750000953674316,1.3910000324249268
2013-12-04,1248.199951171875,19.77400016784668,1375.0999755859375,3.2715001106262207,97.19999694824219,1792.81005859375,15889.76953125,80.62999725341797,1.3590649366378784,2.8410000801086426,1.4420000314712524
2013-12-05,1233.199951171875,19.513999938964844,1362.5999755859375,3.2614998817443848,97.37999725341797,1785.030029296875,15821.509765625,80.2699966430664,1.3586403131484985,2.861999988555908,1.475000023841858
2013-12-06,1230.300048828125,19.46500015258789,1355.4000244140625,3.2695000171661377,97.6500015258789,1805.0899658203125,16020.2001953125,80.2699966430664,1.3669979572296143,2.882999897003174,1.5049999952316284
2013-12-09,1235.300048828125,19.643999099731445,1367.5999755859375,3.2955000400543213,97.33999633789062,1808.3699951171875,16025.5302734375,80.12999725341797,1.3706516027450562,2.8570001125335693,1.496999979019165
2013-12-10,1262.4000244140625,20.256000518798828,1387.800048828125,3.301500082015991,98.51000213623047,1802.6199951171875,15973.1298828125,79.97000122070312,1.3740227222442627,2.796999931335449,1.4490000009536743
2013-12-11,1258.5,20.29800033569336,1384.300048828125,3.3315000534057617,97.44000244140625,1782.219970703125,15843.5302734375,79.88999938964844,1.37644362449646,2.8440001010894775,1.4889999628067017
2013-12-12,1226.0,19.402000427246094,1363.5,3.3320000171661377,97.5,1775.5,15739.4296875,80.19999694824219,1.3786067962646484,2.877000093460083,1.531999945640564
2013-12-13,1235.699951171875,19.55900001525879,1362.0,3.3519999980926514,96.5999984741211,1775.3199462890625,15755.3603515625,80.20999908447266,1.3750807046890259,2.868000030517578,1.531999945640564
2013-12-16,1245.5,20.048999786376953,1359.199951171875,3.375999927520752,97.4800033569336,1786.5400390625,15884.5703125,80.06999969482422,1.3739283084869385,2.877000093460083,1.531000018119812
2013-12-17,1231.199951171875,19.79199981689453,1343.699951171875,3.367000102996826,97.22000122070312,1781.0,15875.259765625,80.05999755859375,1.3762919902801514,2.8429999351501465,1.4950000047683716
2013-12-18,1236.0999755859375,20.013999938964844,1342.199951171875,3.3610000610351562,97.80000305175781,1810.6500244140625,16167.9697265625,80.11000061035156,1.3771259784698486,2.884999990463257,1.5149999856948853
2013-12-19,1195.0,19.14299964904785,1318.0,3.3405001163482666,98.7699966430664,1809.5999755859375,16179.080078125,80.62999725341797,1.3684945106506348,2.924999952316284,1.6440000534057617
2013-12-20,1205.0999755859375,19.417999267578125,1331.9000244140625,3.3480000495910645,99.31999969482422,1818.3199462890625,16221.1396484375,80.58000183105469,1.3655791282653809,2.88700008392334,1.6699999570846558
2013-12-23,1198.4000244140625,19.378000259399414,1327.300048828125,3.3505001068115234,98.91000366210938,1827.989990234375,16294.6103515625,80.44999694824219,1.3678393363952637,2.928999900817871,1.6929999589920044
2013-12-24,1205.0999755859375,19.452999114990234,1336.4000244140625,3.4175000190734863,99.22000122070312,1833.3199462890625,16357.5498046875,80.52999877929688,1.3699944019317627,2.9830000400543213,1.7410000562667847
2013-12-26,1214.0999755859375,19.885000228881836,1362.5999755859375,3.44950008392334,99.55000305175781,1842.02001953125,16479.880859375,80.4800033569336,1.3668484687805176,2.990000009536743,1.7410000562667847
2013-12-27,1216.0999755859375,20.01300048828125,1375.9000244140625,3.4700000286102295,100.31999969482422,1841.4000244140625,16478.41015625,80.38999938964844,1.3696191310882568,3.00600004196167,1.74399995803833
2013-12-30,1203.0999755859375,19.58099937438965,1364.0,3.4205000400543213,99.29000091552734,1841.0699462890625,16504.2890625,80.0,1.3750240802764893,2.9760000705718994,1.7109999656677246
2013-12-31,1201.9000244140625,19.339000701904297,1371.0999755859375,3.441499948501587,98.41999816894531,1848.3599853515625,16576.66015625,80.04000091552734,1.3810056447982788,3.0260000228881836,1.7480000257492065
2014-01-02,1225.0,20.097999572753906,1401.9000244140625,3.43149995803833,95.44000244140625,1831.97998046875,16441.349609375,80.62999725341797,1.3766709566116333,2.984999895095825,1.715999960899353
2014-01-03,1238.4000244140625,20.18199920654297,1411.5,3.4059998989105225,93.95999908447266,1831.3699951171875,16469.990234375,80.79000091552734,1.3666616678237915,2.994999885559082,1.7269999980926514
2014-01-06,1237.800048828125,20.07699966430664,1413.699951171875,3.4119999408721924,93.43000030517578,1826.77001953125,16425.099609375,80.6500015258789,1.3596007823944092,2.9609999656677246,1.6970000267028809
2014-01-07,1229.4000244140625,19.764999389648438,1412.699951171875,3.4110000133514404,93.66999816894531,1837.8800048828125,16530.939453125,80.83000183105469,1.3631964921951294,2.937000036239624,1.6740000247955322
2014-01-08,1225.300048828125,19.51799964904785,1412.199951171875,3.3935000896453857,92.33000183105469,1837.489990234375,16462.740234375,81.04000091552734,1.3616372346878052,2.993000030517578,1.7599999904632568
2014-01-09,1229.300048828125,19.663000106811523,1417.699951171875,3.3540000915527344,91.66000366210938,1838.1300048828125,16444.759765625,81.01000213623047,1.3572019338607788,2.9630000591278076,1.7450000047683716
2014-01-10,1246.699951171875,20.201000213623047,1434.699951171875,3.38700008392334,92.72000122070312,1842.3699951171875,16437.05078125,80.66000366210938,1.360710859298706,2.859999895095825,1.6230000257492065
2014-01-13,1250.9000244140625,20.361000061035156,1441.9000244140625,3.4000000953674316,91.80000305175781,1819.199951171875,16257.9404296875,80.51000213623047,1.3671848773956299,2.8269999027252197,1.5889999866485596
2014-01-14,1245.199951171875,20.250999450683594,1431.9000244140625,3.388000011444092,92.58999633789062,1838.8800048828125,16373.8603515625,80.61000061035156,1.3669979572296143,2.86899995803833,1.6469999551773071
2014-01-15,1238.0999755859375,20.10300064086914,1427.0999755859375,3.4065001010894775,94.16999816894531,1848.3800048828125,16481.939453125,81.0,1.3668484687805176,2.884000062942505,1.6729999780654907
2014-01-16,1240.0,20.024999618530273,1430.0,3.3910000324249268,93.95999908447266,1845.8900146484375,16417.009765625,80.9000015258789,1.359933614730835,2.8429999351501465,1.6430000066757202
2014-01-17,1251.699951171875,20.267000198364258,1452.5999755859375,3.378499984741211,94.37000274658203,1838.699951171875,16458.560546875,81.26000213623047,1.3618041276931763,2.8269999027252197,1.6299999952316284
2014-01-21,1242.300048828125,19.83799934387207,1452.0,3.3914999961853027,94.98999786376953,1843.800048828125,16414.439453125,81.0999984741211,1.3549033403396606,2.825000047683716,1.6410000324249268
2014-01-22,1239.0,19.80900001525879,1460.9000244140625,3.375,96.7300033569336,1844.8599853515625,16373.33984375,81.16999816894531,1.355913758277893,2.859999895095825,1.694000005722046
2014-01-23,1262.5999755859375,19.986000061035156,1461.699951171875,3.322499990463257,97.31999969482422,1828.4599609375,16197.349609375,80.44000244140625,1.354224443435669,2.7730000019073486,1.593000054359436
2014-01-24,1264.5,19.743000030517578,1427.0999755859375,3.303999900817871,96.63999938964844,1790.2900390625,15879.1103515625,80.45999908447266,1.3689066171646118,2.734999895095825,1.5640000104904175
2014-01-27,1263.5999755859375,19.770999908447266,1419.4000244140625,3.2939999103546143,95.72000122070312,1781.56005859375,15837.8798828125,80.5,1.3687942028045654,2.7660000324249268,1.5880000591278076
2014-01-28,1251.0,19.482999801635742,1407.699951171875,3.2855000495910645,97.41000366210938,1792.5,15928.5595703125,80.56999969482422,1.3674652576446533,2.746000051498413,1.5540000200271606
2014-01-29,1262.199951171875,19.533000946044922,1406.4000244140625,3.2679998874664307,97.36000061035156,1774.199951171875,15738.7900390625,80.51000213623047,1.3655046224594116,2.674999952316284,1.4919999837875366
2014-01-30,1242.199951171875,19.111000061035156,1380.699951171875,3.23799991607666,98.2300033569336,1794.18994140625,15848.6103515625,81.08999633789062,1.365859031677246,2.693000078201294,1.5119999647140503
2014-01-31,1240.0999755859375,19.104999542236328,1374.0999755859375,3.2204999923706055,97.48999786376953,1782.5899658203125,15698.849609375,81.2699966430664,1.3558770418167114,2.6679999828338623,1.5099999904632568
2014-02-03,1260.4000244140625,19.388999938964844,1385.0,3.19950008392334,96.43000030517578,1741.8900146484375,15372.7998046875,81.01000213623047,1.3488178253173828,2.5810000896453857,1.437000036239624
2014-02-04,1251.699951171875,19.402000427246094,1371.800048828125,3.2170000076293945,97.19000244140625,1755.199951171875,15445.240234375,81.12000274658203,1.3525028228759766,2.624000072479248,1.4609999656677246
2014-02-05,1257.300048828125,19.78499984741211,1377.699951171875,3.2144999504089355,97.37999725341797,1751.6400146484375,15440.23046875,81.02999877929688,1.3515887260437012,2.6670000553131104,1.4889999628067017
2014-02-06,1257.5999755859375,19.908000946044922,1373.300048828125,3.259000062942505,97.83999633789062,1773.4300537109375,15628.5302734375,80.88999938964844,1.3535096645355225,2.7019999027252197,1.5160000324249268
2014-02-07,1263.300048828125,19.920000076293945,1377.5999755859375,3.2709999084472656,99.87999725341797,1797.02001953125,15794.080078125,80.69000244140625,1.3592127561569214,2.674999952316284,1.4620000123977661
2014-02-10,1274.800048828125,20.099000930786133,1384.300048828125,3.2720000743865967,100.05999755859375,1799.8399658203125,15801.7900390625,80.66999816894531,1.361933946609497,2.677999973297119,1.475000023841858
2014-02-11,1290.0999755859375,20.14299964904785,1386.199951171875,3.2699999809265137,99.94000244140625,1819.75,15994.76953125,80.62999725341797,1.364610195159912,2.7190001010894775,1.524999976158142
2014-02-12,1295.300048828125,20.33099937438965,1405.699951171875,3.315500020980835,100.37000274658203,1819.260009765625,15963.9404296875,80.68000030517578,1.3639029264450073,2.763000011444092,1.5670000314712524
2014-02-13,1300.4000244140625,20.385000228881836,1415.0,3.306999921798706,100.3499984741211,1829.8299560546875,16027.58984375,80.29000091552734,1.3590095043182373,2.7360000610351562,1.50600004196167
2014-02-14,1319.0,21.410999298095703,1428.5,3.320499897003174,100.30000305175781,1838.6300048828125,16154.3896484375,80.12999725341797,1.3678767681121826,2.746000051498413,1.524999976158142
2014-02-18,1324.699951171875,21.891000747680664,1422.9000244140625,3.3405001163482666,102.43000030517578,1840.760009765625,16130.400390625,80.01000213623047,1.3704450130462646,2.7109999656677246,1.4789999723434448
2014-02-19,1320.5999755859375,21.8439998626709,1422.9000244140625,3.3355000019073486,103.30999755859375,1828.75,16040.5595703125,80.16999816894531,1.376197338104248,2.7339999675750732,1.5119999647140503
2014-02-20,1317.0999755859375,21.67799949645996,1410.9000244140625,3.3239998817443848,102.91999816894531,1839.780029296875,16133.23046875,80.29000091552734,1.3730417490005493,2.753999948501587,1.5440000295639038
2014-02-21,1323.9000244140625,21.777000427246094,1426.300048828125,3.3359999656677246,102.19999694824219,1836.25,16103.2998046875,80.23999786376953,1.372118592262268,2.7339999675750732,1.5329999923706055
2014-02-24,1338.300048828125,22.047000885009766,1440.199951171875,3.3589999675750732,102.81999969482422,1847.6099853515625,16207.1396484375,80.20999908447266,1.3737962245941162,2.75,1.5509999990463257
2014-02-25,1343.0,21.959999084472656,1441.699951171875,3.3380000591278076,101.83000183105469,1845.1199951171875,16179.66015625,80.1500015258789,1.3736075162887573,2.7009999752044678,1.5099999904632568
2014-02-26,1328.199951171875,21.253999710083008,1428.199951171875,3.2695000171661377,102.58999633789062,1845.1600341796875,16198.41015625,80.41000366210938,1.3746082782745361,2.6730000972747803,1.4830000400543213
2014-02-27,1331.5999755859375,21.31399917602539,1452.800048828125,3.2365000247955322,102.4000015258789,1854.2900390625,16272.650390625,80.29000091552734,1.3681949377059937,2.6419999599456787,1.4839999675750732
2014-02-28,1321.4000244140625,21.20400047302246,1446.199951171875,3.2385001182556152,102.58999633789062,1859.449951171875,16321.7099609375,79.77999877929688,1.3707455396652222,2.6579999923706055,1.5110000371932983
2014-03-03,1350.0999755859375,21.447999954223633,1460.0999755859375,3.2204999923706055,104.91999816894531,1845.72998046875,16168.0302734375,80.06999969482422,1.377695083618164,2.6070001125335693,1.4609999656677246
2014-03-04,1337.800048828125,21.187999725341797,1463.5,3.2614998817443848,103.33000183105469,1873.9100341796875,16395.880859375,80.16000366210938,1.373701810836792,2.690999984741211,1.5290000438690186
2014-03-05,1340.199951171875,21.23900032043457,1476.0,3.253000020980835,101.44999694824219,1873.81005859375,16360.1796875,80.11000061035156,1.374117136001587,2.697999954223633,1.534000039100647
2014-03-06,1351.699951171875,21.54199981689453,1486.199951171875,3.2755000591278076,101.55999755859375,1877.030029296875,16421.890625,79.68000030517578,1.3734188079833984,2.736999988555908,1.569000005722046
2014-03-07,1338.0999755859375,20.89699935913086,1483.0,3.1565001010894775,102.58000183105469,1878.0400390625,16452.720703125,79.72000122070312,1.3863087892532349,2.7899999618530273,1.6399999856948853
2014-03-10,1341.4000244140625,20.878999710083008,1476.5999755859375,3.1105000972747803,101.12000274658203,1877.1700439453125,16418.6796875,79.75,1.3878673315048218,2.7839999198913574,1.6269999742507935
2014-03-11,1346.5,20.784000396728516,1464.0,3.0309998989105225,100.02999877929688,1867.6300048828125,16351.25,79.7699966430664,1.3878865242004395,2.7660000324249268,1.6119999885559082
2014-03-12,1370.300048828125,21.327999114990234,1475.699951171875,3.0260000228881836,97.98999786376953,1868.199951171875,16340.080078125,79.61000061035156,1.385809302330017,2.7260000705718994,1.5850000381469727
2014-03-13,1372.199951171875,21.16900062561035,1478.800048828125,2.990499973297119,98.19999694824219,1846.3399658203125,16108.8896484375,79.62000274658203,1.3904531002044678,2.6530001163482666,1.5230000019073486
2014-03-14,1379.0,21.384000778198242,1469.0,3.013000011444092,98.88999938964844,1841.1300048828125,16065.669921875,79.44000244140625,1.3865394592285156,2.6449999809265137,1.527999997138977
2014-03-17,1372.9000244140625,21.249000549316406,1467.800048828125,3.002000093460083,98.08000183105469,1858.8299560546875,16247.2197265625,79.38999938964844,1.39130437374115,2.6989998817443848,1.5740000009536743
2014-03-18,1359.0,20.836000442504883,1461.199951171875,2.994499921798706,99.69999694824219,1872.25,16336.1904296875,79.41000366210938,1.3926606178283691,2.680999994277954,1.5479999780654907
2014-03-19,1341.4000244140625,20.799999237060547,1451.199951171875,3.0280001163482666,100.37000274658203,1860.77001953125,16222.169921875,79.98999786376953,1.3930875062942505,2.7720000743865967,1.6950000524520874
2014-03-20,1330.5,20.40399932861328,1434.300048828125,2.9760000705718994,99.43000030517578,1872.010009765625,16331.0498046875,80.20999908447266,1.381921648979187,2.7750000953674316,1.7079999446868896
2014-03-21,1336.0,20.285999298095703,1435.5,2.99399995803833,99.45999908447266,1866.52001953125,16302.76953125,80.11000061035156,1.378207802772522,2.75,1.715000033378601
2014-03-24,1311.199951171875,20.042999267578125,1430.699951171875,2.989500045776367,99.5999984741211,1857.43994140625,16276.6904296875,79.93000030517578,1.3795576095581055,2.7330000400543213,1.7339999675750732
2014-03-25,1311.4000244140625,19.954999923706055,1420.4000244140625,3.0455000400543213,99.19000244140625,1865.6199951171875,16367.8798828125,79.94000244140625,1.3838915824890137,2.734999895095825,1.7209999561309814
2014-03-26,1303.4000244140625,19.759000778198242,1406.0,3.010499954223633,100.26000213623047,1852.56005859375,16268.990234375,79.9800033569336,1.3819025754928589,2.7009999752044678,1.6770000457763672
2014-03-27,1294.699951171875,19.690000534057617,1396.699951171875,3.0364999771118164,101.27999877929688,1849.0400390625,16264.23046875,80.11000061035156,1.378207802772522,2.671999931335449,1.7039999961853027
2014-03-28,1293.800048828125,19.77199935913086,1404.699951171875,3.059000015258789,101.66999816894531,1857.6199951171875,16323.0595703125,80.18000030517578,1.3741360902786255,2.7119998931884766,1.7359999418258667
2014-03-31,1283.4000244140625,19.733999252319336,1418.5,3.0464999675750732,101.58000183105469,1872.3399658203125,16457.66015625,80.0999984741211,1.3752131462097168,2.7230000495910645,1.7319999933242798
2014-04-01,1279.5999755859375,19.66900062561035,1428.0,3.055000066757202,99.73999786376953,1885.52001953125,16532.609375,80.08000183105469,1.3775053024291992,2.759000062942505,1.7400000095367432
2014-04-02,1290.5,20.0310001373291,1437.0999755859375,3.065000057220459,99.62000274658203,1890.9000244140625,16573.0,80.22000122070312,1.379481554031372,2.802999973297119,1.7940000295639038
2014-04-03,1284.4000244140625,19.785999298095703,1443.800048828125,3.046999931335449,100.29000091552734,1888.77001953125,16572.55078125,80.47000122070312,1.376822590827942,2.7899999618530273,1.7879999876022339
2014-04-04,1303.199951171875,19.927000045776367,1449.4000244140625,3.0429999828338623,101.13999938964844,1865.0899658203125,16412.7109375,80.41999816894531,1.3723821640014648,2.7260000705718994,1.7039999961853027
2014-04-07,1298.0,19.891000747680664,1426.300048828125,3.063499927520752,100.44000244140625,1845.0400390625,16245.8701171875,80.22000122070312,1.3704074621200562,2.694999933242798,1.6710000038146973
2014-04-08,1308.699951171875,20.04199981689453,1439.800048828125,3.0764999389648438,102.55999755859375,1851.9599609375,16256.1396484375,79.75,1.374306082725525,2.680999994277954,1.6640000343322754
2014-04-09,1305.5,19.7549991607666,1437.0,3.065999984741211,103.5999984741211,1872.1800537109375,16437.1796875,79.4800033569336,1.3793293237686157,2.684000015258789,1.6349999904632568
2014-04-10,1320.0999755859375,20.077999114990234,1458.4000244140625,3.068000078201294,103.4000015258789,1833.0799560546875,16170.2197265625,79.37999725341797,1.3855020999908447,2.628000020980835,1.5759999752044678
2014-04-11,1318.699951171875,19.933000564575195,1461.5999755859375,3.065999984741211,103.73999786376953,1815.68994140625,16026.75,79.44999694824219,1.3886381387710571,2.61899995803833,1.5670000314712524
2014-04-14,1327.199951171875,19.999000549316406,1466.800048828125,3.066999912261963,104.05000305175781,1830.6099853515625,16173.240234375,79.7300033569336,1.3846195936203003,2.6389999389648438,1.600000023841858
2014-04-15,1300.0,19.47800064086914,1444.0999755859375,3.0164999961853027,103.75,1842.97998046875,16262.5595703125,79.80000305175781,1.381711721420288,2.628000020980835,1.6180000305175781
2014-04-16,1303.0999755859375,19.62299919128418,1437.199951171875,3.05049991607666,103.76000213623047,1862.31005859375,16424.849609375,79.81999969482422,1.38119637966156,2.63700008392334,1.6549999713897705
2014-04-17,1293.4000244140625,19.586000442504883,1428.0999755859375,3.069499969482422,104.30000305175781,1864.8499755859375,16408.5390625,79.83000183105469,1.3827050924301147,2.7209999561309814,1.7309999465942383
2014-04-21,1288.0,19.340999603271484,1400.0,3.068000078201294,104.37000274658203,1871.8900146484375,16449.25,79.94999694824219,1.3815207481384277,2.7209999561309814,1.7230000495910645
2014-04-22,1280.5999755859375,19.35099983215332,1399.5999755859375,3.0785000324249268,102.12999725341797,1879.550048828125,16514.369140625,79.91000366210938,1.3795006275177002,2.7260000705718994,1.746000051498413
2014-04-23,1284.199951171875,19.43000030517578,1403.199951171875,3.0820000171661377,101.44000244140625,1875.3900146484375,16501.650390625,79.86000061035156,1.3810056447982788,2.686000108718872,1.7109999656677246
2014-04-24,1290.5,19.68199920654297,1408.0999755859375,3.1364998817443848,101.94000244140625,1878.6099853515625,16501.650390625,79.80000305175781,1.381921648979187,2.687999963760376,1.7430000305175781
2014-04-25,1300.699951171875,19.684999465942383,1422.800048828125,3.127000093460083,100.5999984741211,1863.4000244140625,16361.4599609375,79.7699966430664,1.3832024335861206,2.6659998893737793,1.7280000448226929
2014-04-28,1298.9000244140625,19.584999084472656,1418.199951171875,3.1085000038146973,100.83999633789062,1869.4300537109375,16448.740234375,79.68000030517578,1.384063959121704,2.677000045776367,1.725000023841858
2014-04-29,1296.0,19.488000869750977,1430.0999755859375,3.072499990463257,101.27999877929688,1878.3299560546875,16535.369140625,79.80999755859375,1.3852909803390503,2.694999933242798,1.7410000562667847
2014-04-30,1295.5999755859375,19.118999481201172,1426.5999755859375,3.0295000076293945,99.73999786376953,1883.949951171875,16580.83984375,79.48999786376953,1.3813681602478027,2.6480000019073486,1.680999994277954
2014-05-01,1283.0999755859375,18.98900032043457,1426.199951171875,3.0290000438690186,99.41999816894531,1883.6800537109375,16558.869140625,79.52999877929688,1.386924147605896,2.6059999465942383,1.652999997138977
2014-05-02,1302.5999755859375,19.492000579833984,1439.699951171875,3.0815000534057617,99.76000213623047,1881.1400146484375,16512.890625,79.5199966430664,1.3870972394943237,2.5910000801086426,1.6740000247955322
2014-05-05,1309.0,19.520000457763672,1447.4000244140625,3.071000099182129,99.4800033569336,1884.6600341796875,16530.55078125,79.48999786376953,1.387270450592041,2.6110000610351562,1.680999994277954
2014-05-06,1308.300048828125,19.597999572753906,1457.0999755859375,3.075000047683716,99.5,1867.719970703125,16401.01953125,79.13999938964844,1.387597680091858,2.5950000286102295,1.680999994277954
2014-05-07,1288.5999755859375,19.29800033569336,1433.800048828125,3.05049991607666,100.7699966430664,1878.2099609375,16518.5390625,79.22000122070312,1.3930680751800537,2.5899999141693115,1.6460000276565552
2014-05-08,1287.4000244140625,19.0939998626709,1437.0999755859375,3.0824999809265137,100.26000213623047,1875.6300048828125,16550.970703125,79.43000030517578,1.3911689519882202,2.6019999980926514,1.6180000305175781
2014-05-09,1287.300048828125,19.07699966430664,1428.9000244140625,3.1005001068115234,99.98999786376953,1878.47998046875,16583.33984375,79.9000015258789,1.3844279050827026,2.622999906539917,1.625
2014-05-12,1295.5999755859375,19.5,1440.9000244140625,3.1665000915527344,100.58999633789062,1896.6500244140625,16695.470703125,79.9000015258789,1.376064658164978,2.6559998989105225,1.6579999923706055
2014-05-13,1294.5999755859375,19.503999710083008,1454.699951171875,3.1494998931884766,101.69999694824219,1897.449951171875,16715.439453125,80.13999938964844,1.3756672143936157,2.618000030517578,1.6200000047683716
2014-05-14,1305.699951171875,19.735000610351562,1484.9000244140625,3.1740000247955322,102.37000274658203,1888.530029296875,16613.970703125,80.06999969482422,1.3709522485733032,2.5429999828338623,1.5609999895095825
2014-05-15,1293.5,19.44700050354004,1469.0999755859375,3.1619999408721924,101.5,1870.8499755859375,16446.810546875,80.0,1.372005581855774,2.502000093460083,1.534999966621399
2014-05-16,1293.300048828125,19.29199981689453,1465.300048828125,3.1610000133514404,102.0199966430664,1877.8599853515625,16491.310546875,80.04000091552734,1.3716480731964111,2.5179998874664307,1.5479999780654907
2014-05-19,1293.699951171875,19.32200050354004,1469.4000244140625,3.179500102996826,102.61000061035156,1885.0799560546875,16511.859375,79.98999786376953,1.3703323602676392,2.5360000133514404,1.5390000343322754
2014-05-20,1294.5,19.367000579833984,1468.0999755859375,3.1559998989105225,102.44000244140625,1872.8299560546875,16374.3095703125,80.04000091552734,1.3713847398757935,2.509000062942505,1.50600004196167
2014-05-21,1288.0,19.30699920654297,1482.300048828125,3.130500078201294,104.06999969482422,1888.030029296875,16533.060546875,80.0999984741211,1.3704074621200562,2.5369999408721924,1.5210000276565552
2014-05-22,1294.9000244140625,19.489999771118164,1495.5,3.1519999504089355,103.73999786376953,1892.489990234375,16543.080078125,80.25,1.3681762218475342,2.555000066757202,1.5490000247955322
2014-05-23,1291.5999755859375,19.38800048828125,1475.199951171875,3.180000066757202,104.3499984741211,1900.530029296875,16606.26953125,80.38999938964844,1.3654487133026123,2.5360000133514404,1.5290000438690186
2014-05-27,1265.4000244140625,19.038999557495117,1464.699951171875,3.19350004196167,104.11000061035156,1911.9100341796875,16675.5,80.3499984741211,1.3651318550109863,2.5179998874664307,1.5290000438690186
2014-05-28,1259.300048828125,19.03499984741211,1465.0999755859375,3.188499927520752,102.72000122070312,1909.780029296875,16633.1796875,80.56999969482422,1.3636983633041382,2.437999963760376,1.4709999561309814
2014-05-29,1256.300048828125,18.982999801635742,1462.0999755859375,3.1535000801086426,103.58000183105469,1920.030029296875,16698.740234375,80.48999786376953,1.359342098236084,2.447000026702881,1.5130000114440918
2014-05-30,1245.5999755859375,18.652999877929688,1454.699951171875,3.135999917984009,102.70999908447266,1923.5699462890625,16717.169921875,80.37000274658203,1.360451579093933,2.4570000171661377,1.527999997138977
2014-06-02,1243.699951171875,18.708999633789062,1438.699951171875,3.178999900817871,102.47000122070312,1924.969970703125,16743.630859375,80.63999938964844,1.3628062009811401,2.5339999198913574,1.5959999561309814
2014-06-03,1244.300048828125,18.73200035095215,1435.5,3.1454999446868896,102.66000366210938,1924.239990234375,16722.33984375,80.55000305175781,1.3598966598510742,2.5929999351501465,1.6360000371932983
2014-06-04,1244.0,18.766000747680664,1435.9000244140625,3.0934998989105225,102.63999938964844,1927.8800048828125,16737.529296875,80.66999816894531,1.3621008396148682,2.6059999465942383,1.6430000066757202
2014-06-05,1253.0,19.05500030517578,1447.0999755859375,3.0910000801086426,102.4800033569336,1940.4599609375,16836.109375,80.37000274658203,1.3604146242141724,2.5840001106262207,1.625
2014-06-06,1252.0999755859375,18.96299934387207,1455.0,3.052999973297119,102.66000366210938,1949.43994140625,16924.279296875,80.41000366210938,1.3661948442459106,2.5969998836517334,1.6510000228881836
2014-06-09,1253.5,19.045000076293945,1456.300048828125,3.0455000400543213,104.41000366210938,1951.27001953125,16943.099609375,80.6500015258789,1.3642936944961548,2.61299991607666,1.680999994277954
2014-06-10,1259.800048828125,19.14699935913086,1484.199951171875,3.055000066757202,104.3499984741211,1950.7900390625,16945.919921875,80.81999969482422,1.3592681884765625,2.634999990463257,1.7059999704360962
2014-06-11,1260.800048828125,19.15399932861328,1483.0999755859375,3.0420000553131104,104.4000015258789,1943.8900146484375,16843.880859375,80.79000091552734,1.3540961742401123,2.640000104904175,1.6959999799728394
2014-06-12,1273.5999755859375,19.514999389648438,1443.300048828125,3.0169999599456787,106.52999877929688,1930.1099853515625,16734.189453125,80.58000183105469,1.3537112474441528,2.5859999656677246,1.659999966621399
2014-06-13,1273.699951171875,19.636999130249023,1437.0,3.0304999351501465,106.91000366210938,1936.1600341796875,16775.740234375,80.58000183105469,1.3554543256759644,2.6040000915527344,1.6959999799728394
2014-06-16,1274.9000244140625,19.70199966430664,1441.0999755859375,3.046999931335449,106.9000015258789,1937.780029296875,16781.009765625,80.47000122070312,1.3538029193878174,2.5969998836517334,1.7000000476837158
2014-06-17,1271.699951171875,19.72100067138672,1445.0999755859375,3.057499885559082,106.36000061035156,1941.989990234375,16808.490234375,80.62999725341797,1.3577179908752441,2.6549999713897705,1.753000020980835
2014-06-18,1272.4000244140625,19.767000198364258,1452.800048828125,3.055500030517578,105.97000122070312,1956.97998046875,16906.619140625,80.58000183105469,1.3547931909561157,2.61299991607666,1.7120000123977661
2014-06-19,1313.699951171875,20.636999130249023,1476.5,3.075000047683716,106.43000030517578,1959.47998046875,16921.4609375,80.31999969482422,1.3590649366378784,2.621999979019165,1.687000036239624
2014-06-20,1316.199951171875,20.941999435424805,1459.300048828125,3.117500066757202,107.26000213623047,1962.8699951171875,16947.080078125,80.37000274658203,1.361136794090271,2.624000072479248,1.7000000476837158
2014-06-23,1318.0,20.909000396728516,1458.5999755859375,3.1454999446868896,106.16999816894531,1962.6099853515625,16937.259765625,80.26000213623047,1.3593051433563232,2.622999906539917,1.7039999961853027
2014-06-24,1320.9000244140625,21.038000106811523,1473.9000244140625,3.1465001106262207,106.02999877929688,1949.97998046875,16818.130859375,80.33000183105469,1.3601926565170288,2.5859999656677246,1.6790000200271606
2014-06-25,1322.199951171875,21.111000061035156,1475.199951171875,3.1605000495910645,106.5,1959.530029296875,16867.509765625,80.22000122070312,1.3605812788009644,2.559000015258789,1.6519999504089355
2014-06-26,1316.0999755859375,21.10300064086914,1472.0999755859375,3.1610000133514404,105.83999633789062,1957.219970703125,16846.130859375,80.2300033569336,1.3628991842269897,2.5250000953674316,1.6460000276565552
2014-06-27,1319.0,21.07699966430664,1478.5,3.1489999294281006,105.73999786376953,1960.9599609375,16851.83984375,80.04000091552734,1.3613035678863525,2.5320000648498535,1.6380000114440918
2014-06-30,1321.800048828125,21.006999969482422,1481.0,3.187999963760376,105.37000274658203,1960.22998046875,16826.599609375,79.77999877929688,1.3644425868988037,2.5160000324249268,1.625
2014-07-01,1326.4000244140625,21.066999435424805,1513.5,3.190999984741211,105.33999633789062,1973.3199462890625,16956.0703125,79.81999969482422,1.3693565130233765,2.562999963760376,1.656000018119812
2014-07-02,1330.699951171875,21.253999710083008,1509.699951171875,3.252500057220459,104.4800033569336,1974.6199951171875,16976.240234375,79.95999908447266,1.3680826425552368,2.628000020980835,1.7120000123977661
2014-07-03,1320.4000244140625,21.089000701904297,1506.0999755859375,3.265000104904175,104.05999755859375,1985.43994140625,17068.259765625,80.20999908447266,1.3652995824813843,2.6480000019073486,1.7400000095367432
2014-07-07,1316.5,20.965999603271484,1494.9000244140625,3.248500108718872,103.52999877929688,1977.6500244140625,17024.2109375,80.22000122070312,1.3588433265686035,2.617000102996826,1.7339999675750732
2014-07-08,1316.0,20.966999053955078,1495.4000244140625,3.243000030517578,103.4000015258789,1963.7099609375,16906.619140625,80.18000030517578,1.360618233680725,2.565000057220459,1.6970000267028809
2014-07-09,1323.800048828125,21.02199935913086,1505.9000244140625,3.2365000247955322,102.29000091552734,1972.8299560546875,16985.609375,79.98999786376953,1.3617113828659058,2.546999931335449,1.6740000247955322
2014-07-10,1338.699951171875,21.458999633789062,1516.0,3.25600004196167,102.93000030517578,1964.6800537109375,16915.0703125,80.12999725341797,1.3642936944961548,2.5320000648498535,1.6480000019073486
2014-07-11,1337.0,21.410999298095703,1512.300048828125,3.258500099182129,100.83000183105469,1967.5699462890625,16943.810546875,80.19000244140625,1.3605072498321533,2.5199999809265137,1.6410000324249268
2014-07-14,1306.300048828125,20.86400032043457,1492.300048828125,3.2385001182556152,100.91000366210938,1977.0999755859375,17055.419921875,80.19000244140625,1.360377550125122,2.5490000247955322,1.6740000247955322
2014-07-15,1296.9000244140625,20.841999053955078,1484.300048828125,3.2385001182556152,99.95999908447266,1973.280029296875,17060.6796875,80.38999938964844,1.3621751070022583,2.5490000247955322,1.690999984741211
2014-07-16,1299.5999755859375,20.726999282836914,1485.0,3.2049999237060547,101.19999694824219,1981.5699462890625,17138.19921875,80.55999755859375,1.3572019338607788,2.5380001068115234,1.6990000009536743
2014-07-17,1316.699951171875,21.086000442504883,1503.0,3.2090001106262207,103.19000244140625,1958.1199951171875,16976.810546875,80.5199966430664,1.3529969453811646,2.4749999046325684,1.649999976158142
2014-07-18,1309.199951171875,20.83799934387207,1489.199951171875,3.1740000247955322,103.12999725341797,1978.219970703125,17100.1796875,80.5199966430664,1.3518811464309692,2.4839999675750732,1.6660000085830688
2014-07-21,1313.699951171875,20.965999603271484,1492.699951171875,3.186500072479248,104.58999633789062,1973.6300048828125,17051.73046875,80.55999755859375,1.3532166481018066,2.4739999771118164,1.684999942779541
2014-07-22,1306.0999755859375,20.96500015258789,1487.5999755859375,3.195499897003174,104.41999816894531,1983.530029296875,17113.5390625,80.77999877929688,1.3527040481567383,2.4660000801086426,1.6579999923706055
2014-07-23,1304.5,20.95199966430664,1485.0,3.194999933242798,103.12000274658203,1987.010009765625,17086.630859375,80.80999755859375,1.3468012809753418,2.4639999866485596,1.649999976158142
2014-07-24,1290.5999755859375,20.375999450683594,1472.699951171875,3.253999948501587,102.06999969482422,1987.97998046875,17083.80078125,80.87000274658203,1.346293568611145,2.509000062942505,1.7000000476837158
2014-07-25,1303.0999755859375,20.58799934387207,1477.5999755859375,3.2269999980926514,102.08999633789062,1978.3399658203125,16960.5703125,81.02999877929688,1.3464748859405518,2.4690001010894775,1.6759999990463257
2014-07-28,1303.300048828125,20.525999069213867,1489.4000244140625,3.2309999465942383,101.66999816894531,1978.9100341796875,16982.58984375,81.02999877929688,1.3428946733474731,2.490999937057495,1.7029999494552612
2014-07-29,1298.300048828125,20.54599952697754,1483.199951171875,3.2095000743865967,100.97000122070312,1969.949951171875,16912.109375,81.20999908447266,1.3439054489135742,2.4619998931884766,1.6859999895095825
2014-07-30,1294.9000244140625,20.558000564575195,1483.4000244140625,3.2325000762939453,100.2699966430664,1970.0699462890625,16880.359375,81.41999816894531,1.3411117792129517,2.553999900817871,1.7690000534057617
2014-07-31,1281.300048828125,20.37299919128418,1465.699951171875,3.2230000495910645,98.16999816894531,1930.6700439453125,16563.30078125,81.45999908447266,1.3396027088165283,2.555999994277954,1.7630000114440918
2014-08-01,1293.5999755859375,20.332000732421875,1463.800048828125,3.2065000534057617,97.87999725341797,1925.1500244140625,16493.369140625,81.30000305175781,1.3389928340911865,2.505000114440918,1.6729999780654907
2014-08-04,1287.699951171875,20.194000244140625,1468.0999755859375,3.2365000247955322,98.29000091552734,1938.989990234375,16569.279296875,81.33000183105469,1.3428946733474731,2.490999937057495,1.6579999923706055
2014-08-05,1284.0,19.79400062561035,1457.4000244140625,3.1989998817443848,97.37999725341797,1920.2099609375,16429.470703125,81.5199966430664,1.342209815979004,2.4830000400543213,1.6640000343322754
2014-08-06,1306.699951171875,19.985000610351562,1466.699951171875,3.1624999046325684,96.91999816894531,1920.239990234375,16443.33984375,81.44000244140625,1.337238073348999,2.4739999771118164,1.649999976158142
2014-08-07,1310.800048828125,19.951000213623047,1483.0,3.1705000400543213,97.33999633789062,1909.5699462890625,16368.26953125,81.5199966430664,1.3382940292358398,2.4240000247955322,1.6019999980926514
2014-08-08,1308.9000244140625,19.902000427246094,1481.300048828125,3.1659998893737793,97.6500015258789,1931.5899658203125,16553.9296875,81.38999938964844,1.3358268737792969,2.4149999618530273,1.6100000143051147
2014-08-11,1308.5,20.059999465942383,1472.5999755859375,3.1670000553131104,98.08000183105469,1936.9200439453125,16569.98046875,81.47000122070312,1.3405184745788574,2.4200000762939453,1.6119999885559082
2014-08-12,1308.800048828125,19.8700008392334,1473.199951171875,3.1489999294281006,97.37000274658203,1933.75,16560.5390625,81.5,1.3384909629821777,2.441999912261963,1.6130000352859497
2014-08-13,1312.800048828125,19.809999465942383,1470.9000244140625,3.1059999465942383,97.58999633789062,1946.719970703125,16651.80078125,81.5999984741211,1.3366124629974365,2.4130001068115234,1.5770000219345093
2014-08-14,1313.9000244140625,19.871000289916992,1470.199951171875,3.0855000019073486,95.58000183105469,1955.1800537109375,16713.580078125,81.58999633789062,1.3367911577224731,2.4000000953674316,1.5670000314712524
2014-08-15,1304.5,19.489999771118164,1458.199951171875,3.0969998836517334,97.3499984741211,1955.06005859375,16662.91015625,81.41999816894531,1.3363981246948242,2.3450000286102295,1.5410000085830688
2014-08-18,1297.699951171875,19.600000381469727,1443.199951171875,3.1029999256134033,96.41000366210938,1971.739990234375,16838.740234375,81.58000183105469,1.339046597480774,2.38700008392334,1.5670000314712524
2014-08-19,1295.0999755859375,19.386999130249023,1437.5,3.0855000019073486,94.4800033569336,1981.5999755859375,16919.58984375,81.87999725341797,1.336112380027771,2.4049999713897705,1.5800000429153442
2014-08-20,1293.4000244140625,19.472000122070312,1427.699951171875,3.1740000247955322,96.06999969482422,1986.510009765625,16979.130859375,82.25,1.332196593284607,2.4260001182556152,1.6299999952316284
2014-08-21,1273.699951171875,19.389999389648438,1419.300048828125,3.171999931335449,93.95999908447266,1992.3699951171875,17039.490234375,82.1500015258789,1.3260489702224731,2.4070000648498535,1.6269999742507935
2014-08-22,1278.5999755859375,19.361000061035156,1420.5,3.1989998817443848,93.6500015258789,1988.4000244140625,17001.220703125,82.33999633789062,1.3279330730438232,2.4030001163482666,1.6610000133514404
2014-08-25,1277.300048828125,19.33799934387207,1420.4000244140625,3.2135000228881836,93.3499984741211,1997.9200439453125,17076.869140625,82.55000305175781,1.3198705911636353,2.38700008392334,1.6710000038146973
2014-08-26,1283.800048828125,19.3700008392334,1421.5999755859375,3.181999921798706,93.86000061035156,2000.02001953125,17106.69921875,82.6500015258789,1.3188958168029785,2.3910000324249268,1.656000018119812
2014-08-27,1281.9000244140625,19.395000457763672,1421.9000244140625,3.174499988555908,93.87999725341797,2000.1199951171875,17122.009765625,82.43000030517578,1.3170199394226074,2.3610000610351562,1.6380000114440918
2014-08-28,1288.699951171875,19.534000396728516,1427.199951171875,3.126499891281128,94.55000305175781,1996.739990234375,17079.5703125,82.4800033569336,1.319087266921997,2.3340001106262207,1.63100004196167
2014-08-29,1285.800048828125,19.398000717163086,1426.699951171875,3.134999990463257,95.95999908447266,2003.3699951171875,17098.44921875,82.75,1.3184958696365356,2.3429999351501465,1.628000020980835
2014-09-02,1263.699951171875,19.070999145507812,1410.4000244140625,3.134500026702881,92.87999725341797,2002.280029296875,17067.560546875,82.98999786376953,1.3131976127624512,2.4189999103546143,1.6859999895095825
2014-09-03,1268.9000244140625,19.107999801635742,1414.0,3.1115000247955322,95.54000091552734,2000.719970703125,17078.279296875,82.87000274658203,1.3131976127624512,2.4100000858306885,1.6890000104904175
2014-09-04,1265.0999755859375,19.06399917602539,1409.800048828125,3.1384999752044678,94.44999694824219,1997.6500244140625,17069.580078125,83.81999969482422,1.3150973320007324,2.447999954223633,1.7139999866485596
2014-09-05,1265.800048828125,19.082000732421875,1412.5,3.1579999923706055,93.29000091552734,2007.7099609375,17137.359375,83.76000213623047,1.2932761907577515,2.4609999656677246,1.6890000104904175
2014-09-08,1252.699951171875,18.886999130249023,1399.0,3.1575000286102295,92.66000366210938,2001.5400390625,17111.419921875,84.2300033569336,1.2953367233276367,2.4690001010894775,1.7139999866485596
2014-09-09,1246.800048828125,18.8439998626709,1387.300048828125,3.0945000648498535,92.75,1988.43994140625,17013.869140625,84.27999877929688,1.2891082763671875,2.5,1.7599999904632568
2014-09-10,1243.5,18.856000900268555,1382.5,3.1045000553131104,91.66999816894531,1995.68994140625,17068.7109375,84.25,1.2941968441009521,2.5339999198913574,1.781999945640564
2014-09-11,1237.4000244140625,18.533000946044922,1372.199951171875,3.0869998931884766,92.83000183105469,1997.449951171875,17049.0,84.30000305175781,1.2917059659957886,2.5309998989105225,1.7799999713897705
2014-09-12,1229.9000244140625,18.54599952697754,1372.0,3.1019999980926514,92.2699966430664,1985.5400390625,16987.509765625,84.23999786376953,1.2923569679260254,2.614000082015991,1.819000005722046
2014-09-15,1233.5999755859375,18.555999755859375,1365.0,3.0810000896453857,92.91999816894531,1984.1300048828125,17031.140625,84.26000213623047,1.2960082292556763,2.5910000801086426,1.7949999570846558
2014-09-16,1235.199951171875,18.6560001373291,1368.800048828125,3.1600000858306885,94.87999725341797,1998.97998046875,17131.970703125,84.06999969482422,1.2939791679382324,2.5889999866485596,1.7740000486373901
2014-09-17,1234.4000244140625,18.663000106811523,1363.699951171875,3.1414999961853027,94.41999816894531,2001.5699462890625,17156.849609375,84.69999694824219,1.2959076166152954,2.5999999046325684,1.8040000200271606
2014-09-18,1225.699951171875,18.45199966430664,1351.0,3.0924999713897705,93.06999969482422,2011.3599853515625,17265.990234375,84.31999969482422,1.285000205039978,2.628999948501587,1.840999960899353
2014-09-19,1215.300048828125,17.7810001373291,1338.800048828125,3.0885000228881836,92.41000366210938,2010.4000244140625,17279.740234375,84.80000305175781,1.2920063734054565,2.5869998931884766,1.819000005722046
2014-09-22,1216.800048828125,17.698999404907227,1331.699951171875,3.0380001068115234,91.5199966430664,1994.2900390625,17172.6796875,84.66999816894531,1.2841421365737915,2.565999984741211,1.7860000133514404
2014-09-23,1221.0,17.71299934387207,1334.199951171875,3.0344998836517334,91.55999755859375,1982.77001953125,17055.869140625,84.66000366210938,1.2851488590240479,2.5350000858306885,1.7610000371932983
2014-09-24,1218.5999755859375,17.64299964904785,1320.9000244140625,3.059499979019165,92.80000305175781,1998.300048828125,17210.060546875,85.05000305175781,1.2853965759277344,2.569000005722046,1.8009999990463257
2014-09-25,1221.199951171875,17.378999710083008,1315.699951171875,3.059999942779541,92.52999877929688,1965.989990234375,16945.80078125,85.19999694824219,1.2778083086013794,2.510999917984009,1.7630000114440918
2014-09-26,1214.0999755859375,17.476999282836914,1303.5,3.0290000438690186,93.54000091552734,1982.8499755859375,17113.150390625,85.63999938964844,1.2757054567337036,2.5350000858306885,1.8020000457763672
2014-09-29,1217.5,17.516000747680664,1307.800048828125,3.052999973297119,94.56999969482422,1977.800048828125,17071.220703125,85.58999633789062,1.2673146724700928,2.490999937057495,1.7730000019073486
2014-09-30,1210.5,17.006000518798828,1298.5,3.005500078201294,91.16000366210938,1972.2900390625,17042.900390625,85.94000244140625,1.269083857536316,2.507999897003174,1.7799999713897705
2014-10-01,1214.5999755859375,17.209999084472656,1287.699951171875,3.0334999561309814,90.7300033569336,1946.1600341796875,16804.7109375,85.97000122070312,1.262833595275879,2.4030001163482666,1.6829999685287476
2014-10-02,1214.199951171875,17.000999450683594,1269.0999755859375,2.996500015258789,91.01000213623047,1946.1700439453125,16801.05078125,85.5999984741211,1.2624191045761108,2.437999963760376,1.6990000009536743
2014-10-03,1192.199951171875,16.780000686645508,1226.0,2.994499921798706,89.73999786376953,1967.9000244140625,17009.689453125,86.69000244140625,1.2670577764511108,2.447000026702881,1.7369999885559082
2014-10-06,1206.699951171875,17.18000030517578,1248.4000244140625,3.0304999351501465,90.33999633789062,1964.8199462890625,16991.91015625,85.70999908447266,1.2513607740402222,2.424999952316284,1.6920000314712524
2014-10-07,1211.699951171875,17.19099998474121,1261.0999755859375,3.0344998836517334,88.8499984741211,1935.0999755859375,16719.390625,85.66999816894531,1.264606237411499,2.3499999046325684,1.6369999647140503
2014-10-08,1205.300048828125,17.014999389648438,1266.0999755859375,3.0,87.30999755859375,1968.8900146484375,16994.220703125,85.30000305175781,1.266800880432129,2.3299999237060547,1.5729999542236328
2014-10-09,1224.5999755859375,17.367000579833984,1277.800048828125,3.0280001163482666,85.7699966430664,1928.2099609375,16659.25,85.5199966430664,1.2743074893951416,2.3269999027252197,1.5700000524520874
2014-10-10,1221.0,17.25200080871582,1261.0999755859375,3.0320000648498535,85.81999969482422,1906.1300048828125,16544.099609375,85.91000366210938,1.2689067125320435,2.306999921798706,1.559000015258789
2014-10-13,1229.300048828125,17.29400062561035,1260.699951171875,3.0364999771118164,85.73999786376953,1874.739990234375,16321.0703125,85.43000030517578,1.263982892036438,2.2860000133514404,1.5369999408721924
2014-10-14,1233.5999755859375,17.35300064086914,1272.300048828125,3.0850000381469727,81.83999633789062,1877.699951171875,16315.1904296875,85.81999969482422,1.272394061088562,2.2060000896453857,1.4520000219345093
2014-10-15,1244.0999755859375,17.415000915527344,1261.4000244140625,3.004499912261963,81.77999877929688,1862.489990234375,16141.740234375,85.1500015258789,1.2639029026031494,2.0899999141693115,1.3109999895095825
2014-10-16,1240.5,17.38800048828125,1252.4000244140625,2.9784998893737793,82.69999694824219,1862.760009765625,16117.240234375,85.0,1.2821663618087769,2.1530001163482666,1.371999979019165
2014-10-17,1238.300048828125,17.281999588012695,1262.0,3.000999927520752,82.75,1886.760009765625,16380.41015625,85.19000244140625,1.280442476272583,2.1989998817443848,1.4199999570846558
2014-10-20,1244.0,17.304000854492188,1267.9000244140625,2.990499973297119,82.70999908447266,1904.010009765625,16399.669921875,84.94999694824219,1.274957299232483,2.180999994277954,1.3949999809265137
2014-10-21,1251.0,17.503999710083008,1283.699951171875,3.0309998989105225,82.80999755859375,1941.280029296875,16614.810546875,85.30999755859375,1.2795250415802002,2.2079999446868896,1.409999966621399
2014-10-22,1244.800048828125,17.18600082397461,1271.5999755859375,3.0225000381469727,80.5199966430664,1927.1099853515625,16461.3203125,85.73999786376953,1.2714719772338867,2.2290000915527344,1.440999984741211
2014-10-23,1228.5,17.11400032043457,1255.5,3.049999952316284,82.08999633789062,1950.8199462890625,16677.900390625,85.83999633789062,1.2641425132751465,2.2750000953674316,1.49399995803833
2014-10-24,1231.199951171875,17.13599967956543,1251.4000244140625,3.0510001182556152,81.01000213623047,1964.5799560546875,16805.41015625,85.7300033569336,1.2654062509536743,2.2730000019073486,1.496999979019165
2014-10-27,1229.0999755859375,17.114999771118164,1255.199951171875,3.078000068664551,81.0,1961.6300048828125,16817.939453125,85.5,1.2676681280136108,2.256999969482422,1.4839999675750732
2014-10-28,1229.199951171875,17.184999465942383,1267.0999755859375,3.1085000038146973,81.41999816894531,1985.050048828125,17005.75,85.41000366210938,1.270147681236267,2.2839999198913574,1.5019999742507935
2014-10-29,1224.300048828125,17.2189998626709,1270.0,3.111999988555908,82.19999694824219,1982.300048828125,16974.310546875,85.94999694824219,1.273836612701416,2.322999954223633,1.597000002861023
2014-10-30,1198.0999755859375,16.391000747680664,1246.9000244140625,3.072000026702881,81.12000274658203,1994.6500244140625,17195.419921875,86.1500015258789,1.2632802724838257,2.305000066757202,1.5800000429153442
2014-10-31,1171.0999755859375,16.07699966430664,1236.199951171875,3.061000108718872,80.54000091552734,2018.050048828125,17390.51953125,86.87999725341797,1.2613362073898315,2.3350000381469727,1.6130000352859497
2014-11-03,1169.4000244140625,16.174999237060547,1243.699951171875,3.0794999599456787,78.77999877929688,2017.81005859375,17366.240234375,87.30999755859375,1.2503125667572021,2.3480000495910645,1.6339999437332153
2014-11-04,1167.4000244140625,15.927000045776367,1225.5999755859375,3.0334999561309814,77.19000244140625,2012.0999755859375,17383.83984375,86.9800033569336,1.2495938539505005,2.3420000076293945,1.6339999437332153
2014-11-05,1145.4000244140625,15.418000221252441,1211.5,3.0225000381469727,78.68000030517578,2023.5699462890625,17484.529296875,87.44000244140625,1.2552564144134521,2.3499999046325684,1.6339999437332153
2014-11-06,1142.300048828125,15.392000198364258,1198.0,3.0304999351501465,77.91000366210938,2031.2099609375,17554.470703125,88.01000213623047,1.2480031251907349,2.375,1.659000039100647
2014-11-07,1169.5999755859375,15.699000358581543,1213.300048828125,3.052500009536743,78.6500015258789,2031.9200439453125,17573.9296875,87.63999938964844,1.238006830215454,2.312000036239624,1.593000054359436
2014-11-10,1159.5999755859375,15.656999588012695,1207.4000244140625,3.0274999141693115,77.4000015258789,2038.260009765625,17613.740234375,87.80999755859375,1.246137022972107,2.3589999675750732,1.6410000324249268
2014-11-11,1162.800048828125,15.663999557495117,1207.199951171875,3.0415000915527344,77.94000244140625,2039.6800537109375,17614.900390625,87.52999877929688,1.242992639541626,2.359999895095825,1.6399999856948853
2014-11-12,1158.9000244140625,15.619000434875488,1205.800048828125,3.0344998836517334,77.18000030517578,2038.25,17612.19921875,87.81999969482422,1.2475829124450684,2.3589999675750732,1.6399999856948853
2014-11-13,1161.0999755859375,15.616999626159668,1199.5,2.999500036239624,74.20999908447266,2039.3299560546875,17652.7890625,87.66999816894531,1.242992639541626,2.3469998836517334,1.6230000257492065
2014-11-14,1185.0,16.309999465942383,1213.5999755859375,3.058000087738037,75.81999969482422,2039.8199462890625,17634.740234375,87.52999877929688,1.2475982904434204,2.319999933242798,1.6039999723434448
2014-11-17,1183.0,16.05299949645996,1201.800048828125,3.049499988555908,75.63999938964844,2041.3199462890625,17647.75,87.93000030517578,1.251846432685852,2.3399999141693115,1.6269999742507935
2014-11-18,1196.699951171875,16.170000076293945,1205.0999755859375,3.010999917984009,74.61000061035156,2051.800048828125,17687.8203125,87.58000183105469,1.2448959350585938,2.322000026702881,1.6089999675750732
2014-11-19,1193.5999755859375,16.290000915527344,1199.800048828125,3.046999931335449,74.58000183105469,2048.719970703125,17685.73046875,87.6500015258789,1.253337025642395,2.3510000705718994,1.6390000581741333
2014-11-20,1190.699951171875,16.132999420166016,1206.0999755859375,3.0274999141693115,75.58000183105469,2052.75,17719.0,87.58999633789062,1.2540757656097412,2.3350000381469727,1.6239999532699585
2014-11-21,1197.5,16.391000747680664,1227.800048828125,3.0350000858306885,76.51000213623047,2063.5,17810.060546875,88.30999755859375,1.2545005083084106,2.315000057220459,1.6109999418258667
2014-11-24,1195.5,16.37700080871582,1208.0,3.003999948501587,75.77999877929688,2069.409912109375,17817.900390625,88.1500015258789,1.2375012636184692,2.309999942779541,1.6030000448226929
2014-11-25,1197.0999755859375,16.554000854492188,1223.5999755859375,2.9609999656677246,74.08999633789062,2067.030029296875,17814.939453125,87.91999816894531,1.2433171272277832,2.259999990463257,1.5679999589920044
2014-11-26,1196.5999755859375,16.54800033569336,1227.5,2.9600000381469727,73.69000244140625,2072.830078125,17827.75,87.61000061035156,1.24806547164917,2.2339999675750732,1.5520000457763672
2014-11-28,1175.199951171875,15.48900032043457,1210.4000244140625,2.859999895095825,66.1500015258789,2067.56005859375,17828.240234375,88.36000061035156,1.246199131011963,2.194000005722046,1.5110000371932983
2014-12-01,1218.0,16.648000717163086,1240.699951171875,2.930500030517578,69.0,2053.43994140625,17776.80078125,87.94999694824219,1.2438275814056396,2.2179999351501465,1.5210000276565552
2014-12-02,1199.199951171875,16.408000946044922,1216.5999755859375,2.9135000705718994,66.87999725341797,2066.550048828125,17879.55078125,88.6500015258789,1.247007131576538,2.2850000858306885,1.590000033378601
2014-12-03,1208.5,16.358999252319336,1227.0,2.8929998874664307,67.37999725341797,2074.330078125,17912.619140625,88.95999908447266,1.2388503551483154,2.2869999408721924,1.6080000400543213
2014-12-04,1207.5,16.520000457763672,1245.4000244140625,2.932499885559082,66.80999755859375,2071.919921875,17900.099609375,88.69999694824219,1.231663703918457,2.256999969482422,1.5870000123977661
2014-12-05,1190.0999755859375,16.195999145507812,1219.0,2.92549991607666,65.83999633789062,2075.3701171875,17958.7890625,89.33000183105469,1.2386661767959595,2.306999921798706,1.6820000410079956
2014-12-08,1194.699951171875,16.215999603271484,1228.9000244140625,2.9105000495910645,63.04999923706055,2060.31005859375,17852.48046875,89.04000091552734,1.2294074296951294,2.256999969482422,1.6640000343322754
2014-12-09,1231.5,17.08099937438965,1246.300048828125,2.946500062942505,63.81999969482422,2059.820068359375,17801.19921875,88.69000244140625,1.2315119504928589,2.2200000286102295,1.6260000467300415
2014-12-10,1228.9000244140625,17.132999420166016,1242.0999755859375,2.9140000343322754,60.939998626708984,2026.1400146484375,17533.150390625,88.2699966430664,1.2394952774047852,2.1689999103546143,1.569000005722046
2014-12-11,1225.0999755859375,17.05900001525879,1241.699951171875,2.940999984741211,59.95000076293945,2035.3299560546875,17596.33984375,88.66000366210938,1.2473959922790527,2.177999973297119,1.6030000448226929
2014-12-12,1222.0,17.018999099731445,1231.0,2.946500062942505,57.810001373291016,2002.3299560546875,17280.830078125,88.36000061035156,1.2394952774047852,2.1029999256134033,1.5299999713897705
2014-12-15,1207.199951171875,16.527000427246094,1214.4000244140625,2.8980000019073486,55.90999984741211,1989.6300048828125,17180.83984375,88.45999908447266,1.2463544607162476,2.115999937057495,1.5770000219345093
2014-12-16,1193.9000244140625,15.71500015258789,1196.0,2.877500057220459,55.93000030517578,1972.739990234375,17068.869140625,88.12999725341797,1.2443537712097168,2.071000099182129,1.5260000228881836
2014-12-17,1194.300048828125,15.890999794006348,1199.0,2.887500047683716,56.470001220703125,2012.8900146484375,17356.869140625,89.12999725341797,1.2512043714523315,2.1480000019073486,1.6119999885559082
2014-12-18,1194.699951171875,15.894000053405762,1196.5999755859375,2.872499942779541,54.11000061035156,2061.22998046875,17778.150390625,89.23999786376953,1.2338976860046387,2.2039999961853027,1.659000039100647
2014-12-19,1195.9000244140625,15.991000175476074,1196.5,2.9079999923706055,56.52000045776367,2070.64990234375,17804.80078125,89.5999984741211,1.229044795036316,2.1760001182556152,1.6540000438690186
2014-12-22,1179.699951171875,15.64900016784668,1181.699951171875,2.9035000801086426,55.2599983215332,2078.5400390625,17959.439453125,89.7699966430664,1.2225985527038574,2.1619999408721924,1.659000039100647
2014-12-23,1177.9000244140625,15.729999542236328,1191.300048828125,2.9019999504089355,57.119998931884766,2082.169921875,18024.169921875,90.05999755859375,1.2223743200302124,2.256999969482422,1.7269999980926514
2014-12-24,1173.5,15.67300033569336,1190.699951171875,2.874500036239624,55.84000015258789,2081.8798828125,18030.2109375,89.97000122070312,1.217492938041687,2.2639999389648438,1.7589999437332153
2014-12-26,1195.300048828125,16.11199951171875,1218.0999755859375,2.8355000019073486,54.72999954223633,2088.77001953125,18053.7109375,90.02999877929688,1.2210012674331665,2.25,1.75600004196167
2014-12-29,1181.699951171875,15.744000434875488,1201.300048828125,2.8380000591278076,53.61000061035156,2090.570068359375,18038.23046875,90.19000244140625,1.216944694519043,2.2070000171661377,1.7120000123977661
2014-12-30,1200.199951171875,16.239999771118164,1218.0999755859375,2.86899995803833,54.119998931884766,2080.35009765625,17983.0703125,89.98999786376953,1.215347409248352,2.190000057220459,1.684000015258789
2014-12-31,1183.9000244140625,15.5649995803833,1208.9000244140625,2.8385000228881836,53.27000045776367,2058.89990234375,17823.0703125,90.2699966430664,1.2162047624588013,2.1700000762939453,1.652999997138977
2015-01-02,1186.0,15.734000205993652,1203.0,2.8385000228881836,52.689998626708984,2058.199951171875,17832.990234375,91.08000183105469,1.2089413404464722,2.122999906539917,1.6180000305175781
2015-01-05,1203.9000244140625,16.179000854492188,1210.0999755859375,2.7929999828338623,50.040000915527344,2020.5799560546875,17501.650390625,91.37999725341797,1.194643259048462,2.0390000343322754,1.5679999589920044
2015-01-06,1219.300048828125,16.60300064086914,1220.800048828125,2.803999900817871,47.93000030517578,2002.6099853515625,17371.640625,91.5,1.193901538848877,1.9630000591278076,1.4930000305175781
2015-01-07,1210.5999755859375,16.510000228881836,1220.699951171875,2.7960000038146973,48.650001525878906,2025.9000244140625,17584.51953125,91.88999938964844,1.1875356435775757,1.9539999961853027,1.4730000495910645
2015-01-08,1208.4000244140625,16.35099983215332,1221.699951171875,2.806999921798706,48.790000915527344,2062.139892578125,17907.869140625,92.37000274658203,1.1836000680923462,2.0160000324249268,1.496000051498413
2015-01-09,1216.0,16.38599967956543,1229.0999755859375,2.7904999256134033,48.36000061035156,2044.81005859375,17737.369140625,91.94000244140625,1.1796069145202637,1.9709999561309814,1.4429999589920044
2015-01-12,1232.699951171875,16.53499984741211,1240.4000244140625,2.763000011444092,46.06999969482422,2028.260009765625,17640.83984375,91.9800033569336,1.187070369720459,1.9119999408721924,1.3880000114440918
2015-01-13,1234.300048828125,17.125,1247.4000244140625,2.678999900817871,45.88999938964844,2023.030029296875,17613.6796875,92.30999755859375,1.1831519603729248,1.8899999856948853,1.3589999675750732
2015-01-14,1234.4000244140625,16.95599937438965,1238.4000244140625,2.552999973297119,48.47999954223633,2011.27001953125,17427.08984375,92.16000366210938,1.1778285503387451,1.8370000123977661,1.3029999732971191
2015-01-15,1264.699951171875,17.072999954223633,1262.0999755859375,2.6110000610351562,46.25,1992.6700439453125,17320.7109375,92.3499984741211,1.1785920858383179,1.774999976158142,1.2239999771118164
2015-01-16,1276.9000244140625,17.73900032043457,1269.800048828125,2.6540000438690186,48.689998626708984,2019.4200439453125,17511.5703125,92.5199966430664,1.1637378931045532,1.815000057220459,1.2829999923706055
2015-01-20,1294.199951171875,17.94700050354004,1287.0,2.615499973297119,46.38999938964844,2022.550048828125,17515.23046875,93.05000305175781,1.1597968339920044,1.8070000410079956,1.2929999828338623
2015-01-21,1293.699951171875,18.179000854492188,1277.300048828125,2.615000009536743,47.779998779296875,2032.1199951171875,17554.279296875,92.9000015258789,1.1546944379806519,1.8530000448226929,1.3359999656677246
2015-01-22,1300.699951171875,18.34600067138672,1284.0,2.6005001068115234,46.310001373291016,2063.14990234375,17813.98046875,94.23999786376953,1.1615345478057861,1.8960000276565552,1.3819999694824219
2015-01-23,1292.5999755859375,18.284000396728516,1268.0,2.5374999046325684,45.59000015258789,2051.820068359375,17672.599609375,95.0,1.1346745491027832,1.8170000314712524,1.3240000009536743
2015-01-26,1279.4000244140625,17.966999053955078,1254.699951171875,2.573499917984009,45.150001525878906,2057.090087890625,17678.69921875,94.80000305175781,1.1125450134277344,1.8279999494552612,1.350000023841858
2015-01-27,1291.699951171875,18.06800079345703,1266.300048828125,2.5134999752044678,46.22999954223633,2029.550048828125,17387.2109375,94.0199966430664,1.1247708797454834,1.8250000476837158,1.3320000171661377
2015-01-28,1285.9000244140625,18.06800079345703,1257.5999755859375,2.5215001106262207,44.45000076293945,2002.1600341796875,17191.369140625,94.47000122070312,1.1367381811141968,1.7239999771118164,1.2410000562667847
2015-01-29,1254.5999755859375,16.757999420166016,1216.800048828125,2.4704999923706055,44.529998779296875,2021.25,17416.849609375,94.77999877929688,1.1281461715698242,1.7510000467300415,1.274999976158142
2015-01-30,1278.5,17.191999435424805,1239.199951171875,2.5280001163482666,48.2400016784668,1994.989990234375,17164.94921875,94.80000305175781,1.13355553150177,1.6749999523162842,1.187000036239624
2015-02-02,1276.199951171875,17.235000610351562,1230.4000244140625,2.510999917984009,49.56999969482422,2020.8499755859375,17361.0390625,94.5,1.1309019327163696,1.6729999780654907,1.184999942779541
2015-02-03,1259.699951171875,17.30500030517578,1237.199951171875,2.5999999046325684,53.04999923706055,2050.030029296875,17666.400390625,93.5999984741211,1.1341726779937744,1.7799999713897705,1.2790000438690186
2015-02-04,1263.800048828125,17.378999710083008,1240.9000244140625,2.611999988555908,48.45000076293945,2041.510009765625,17673.01953125,93.98999786376953,1.145737886428833,1.7970000505447388,1.2910000085830688
2015-02-05,1262.0,17.18000030517578,1251.699951171875,2.611999988555908,50.47999954223633,2062.52001953125,17884.880859375,94.69999694824219,1.131874680519104,1.815000057220459,1.2999999523162842
2015-02-06,1233.9000244140625,16.67799949645996,1223.5999755859375,2.6029999256134033,51.689998626708984,2055.469970703125,17824.2890625,94.69999694824219,1.147196888923645,1.937999963760376,1.4639999866485596
2015-02-09,1240.800048828125,17.054000854492188,1222.4000244140625,2.5989999771118164,52.86000061035156,2046.739990234375,17729.2109375,94.44999694824219,1.1314393281936646,1.9479999542236328,1.4839999675750732
2015-02-10,1231.5999755859375,16.85700035095215,1209.300048828125,2.5625,50.02000045776367,2068.590087890625,17868.759765625,94.76000213623047,1.1326953172683716,1.9910000562667847,1.5099999904632568
2015-02-11,1219.0,16.7450008392334,1197.5999755859375,2.552500009536743,48.84000015258789,2068.530029296875,17862.140625,94.98999786376953,1.1321951150894165,1.9880000352859497,1.5140000581741333
2015-02-12,1220.0999755859375,16.777999877929688,1203.5,2.6089999675750732,51.209999084472656,2088.47998046875,17972.380859375,94.08999633789062,1.131196141242981,1.9859999418258667,1.496999979019165
2015-02-13,1226.5,17.277999877929688,1210.5,2.6135001182556152,52.779998779296875,2096.989990234375,18019.349609375,94.19999694824219,1.140393853187561,2.0209999084472656,1.5160000324249268
2015-02-17,1208.0999755859375,16.36199951171875,1180.0,2.5945000648498535,53.529998779296875,2100.340087890625,18047.580078125,94.05999755859375,1.1334012746810913,2.1449999809265137,1.61899995803833
2015-02-18,1199.699951171875,16.25,1170.199951171875,2.6394999027252197,52.13999938964844,2099.679931640625,18029.849609375,94.19999694824219,1.1404719352722168,2.065999984741211,1.5199999809265137
2015-02-19,1207.0999755859375,16.371000289916992,1175.800048828125,2.6414999961853027,51.15999984741211,2097.449951171875,17985.76953125,94.4000015258789,1.1400039196014404,2.11299991607666,1.5729999542236328
2015-02-20,1204.4000244140625,16.26300048828125,1172.9000244140625,2.6105000972747803,50.34000015258789,2110.300048828125,18140.439453125,94.25,1.1366735696792603,2.132999897003174,1.6050000190734863
2015-02-23,1200.300048828125,16.246999740600586,1166.300048828125,2.6394999027252197,49.45000076293945,2109.659912109375,18116.83984375,94.56999969482422,1.1381484270095825,2.059000015258789,1.5449999570846558
2015-02-24,1196.9000244140625,16.18199920654297,1166.5999755859375,2.7114999294281006,49.279998779296875,2115.47998046875,18209.189453125,94.48999786376953,1.1332985162734985,1.9880000352859497,1.4589999914169312
2015-02-25,1201.0,16.423999786376953,1172.800048828125,2.7074999809265137,50.9900016784668,2113.860107421875,18224.5703125,94.20999908447266,1.1339025497436523,1.968999981880188,1.4630000591278076
2015-02-26,1209.5999755859375,16.58300018310547,1174.699951171875,2.7139999866485596,48.16999816894531,2110.739990234375,18214.419921875,95.29000091552734,1.1363636255264282,2.0160000324249268,1.527999997138977
2015-02-27,1212.5999755859375,16.51300048828125,1186.699951171875,2.7160000801086426,49.7599983215332,2104.5,18132.69921875,95.25,1.1205360889434814,2.002000093460083,1.5049999952316284
2015-03-02,1207.699951171875,16.406999588012695,1191.0,2.7109999656677246,49.59000015258789,2117.389892578125,18288.630859375,95.45999908447266,1.1161960363388062,2.0840001106262207,1.5779999494552612
2015-03-03,1204.0,16.257999420166016,1190.699951171875,2.6735000610351562,50.52000045776367,2107.780029296875,18203.369140625,95.37999725341797,1.1179054975509644,2.121999979019165,1.6139999628067017
2015-03-04,1200.5999755859375,16.131999969482422,1182.800048828125,2.677000045776367,51.529998779296875,2098.530029296875,18096.900390625,95.97000122070312,1.118217945098877,2.122999906539917,1.5989999771118164
2015-03-05,1195.9000244140625,16.131999969482422,1181.199951171875,2.671999931335449,50.7599983215332,2101.0400390625,18135.720703125,96.37999725341797,1.1082050800323486,2.111999988555908,1.5729999542236328
2015-03-06,1164.0999755859375,15.784000396728516,1159.9000244140625,2.628999948501587,49.61000061035156,2071.260009765625,17856.779296875,97.62000274658203,1.1032048463821411,2.240000009536743,1.6959999799728394
2015-03-09,1166.4000244140625,15.755000114440918,1149.699951171875,2.687000036239624,50.0,2079.429931640625,17995.720703125,97.58999633789062,1.0845986604690552,2.194999933242798,1.652999997138977
2015-03-10,1160.0999755859375,15.61299991607666,1130.5,2.634999990463257,48.290000915527344,2044.1600341796875,17662.939453125,98.62000274658203,1.0833414793014526,2.125999927520752,1.6069999933242798
2015-03-11,1150.699951171875,15.345000267028809,1116.4000244140625,2.622499942779541,48.16999816894531,2040.239990234375,17635.390625,99.80000305175781,1.0708701610565186,2.1089999675750732,1.6100000143051147
2015-03-12,1152.0999755859375,15.493000030517578,1115.9000244140625,2.674499988555908,47.04999923706055,2065.949951171875,17895.220703125,99.1500015258789,1.0548745393753052,2.0959999561309814,1.5770000219345093
2015-03-13,1152.5999755859375,15.47700023651123,1116.199951171875,2.678499937057495,44.84000015258789,2053.39990234375,17749.310546875,100.33000183105469,1.0626314878463745,2.111999988555908,1.5820000171661377
2015-03-16,1153.300048828125,15.60099983215332,1108.9000244140625,2.677500009536743,43.880001068115234,2081.18994140625,17977.419921875,99.5999984741211,1.0481630563735962,2.0980000495910645,1.569000005722046
2015-03-17,1148.300048828125,15.562000274658203,1094.699951171875,2.6414999961853027,43.459999084472656,2074.280029296875,17849.080078125,99.58999633789062,1.0572947263717651,2.058000087738037,1.555999994277954
2015-03-18,1151.4000244140625,15.524999618530273,1093.5999755859375,2.5869998931884766,44.65999984741211,2099.5,18076.189453125,98.55000305175781,1.0598047971725464,1.9509999752044678,1.4210000038146973
2015-03-19,1169.0999755859375,16.097999572753906,1120.800048828125,2.674499988555908,43.959999084472656,2089.27001953125,17959.029296875,99.0999984741211,1.0849988460540771,1.9769999980926514,1.4769999980926514
2015-03-20,1184.800048828125,16.867000579833984,1142.199951171875,2.7750000953674316,45.720001220703125,2108.10009765625,18127.650390625,97.91000366210938,1.066894292831421,1.9299999475479126,1.4160000085830688
2015-03-23,1188.0,16.871999740600586,1145.5,2.808000087738037,47.45000076293945,2104.419921875,18116.0390625,97.02999877929688,1.0826611518859863,1.9149999618530273,1.3960000276565552
2015-03-24,1191.699951171875,16.96299934387207,1142.5,2.815000057220459,47.5099983215332,2091.5,18011.140625,97.19000244140625,1.094499111175537,1.878000020980835,1.3700000047683716
2015-03-25,1197.300048828125,16.979999542236328,1147.5,2.805000066757202,49.209999084472656,2061.050048828125,17718.5390625,96.9800033569336,1.0902034044265747,1.9199999570846558,1.4079999923706055
2015-03-26,1205.0999755859375,17.121999740600586,1155.0,2.821500062942505,51.43000030517578,2056.14990234375,17678.23046875,97.44000244140625,1.0960465669631958,2.006999969482422,1.4730000495910645
2015-03-27,1199.800048828125,17.052000045776367,1144.5999755859375,2.7750000953674316,48.869998931884766,2061.02001953125,17712.66015625,97.29000091552734,1.0886367559432983,1.9479999542236328,1.4170000553131104
2015-03-30,1184.800048828125,16.656999588012695,1116.9000244140625,2.7874999046325684,48.68000030517578,2086.239990234375,17976.310546875,97.9800033569336,1.0884946584701538,1.9630000591278076,1.4190000295639038
2015-03-31,1183.0999755859375,16.58099937438965,1142.5999755859375,2.746999979019165,47.599998474121094,2067.889892578125,17776.119140625,98.36000061035156,1.0830246210098267,1.934000015258789,1.375
2015-04-01,1208.0999755859375,17.04400062561035,1165.199951171875,2.756500005722046,50.09000015258789,2059.68994140625,17698.1796875,98.19000244140625,1.073814034461975,1.8680000305175781,1.3259999752044678
2015-04-02,1200.9000244140625,16.68600082397461,1153.800048828125,2.747999906539917,49.13999938964844,2066.9599609375,17763.240234375,97.44000244140625,1.0769942998886108,1.9040000438690186,1.3459999561309814
2015-04-06,1218.5999755859375,17.094999313354492,1179.9000244140625,2.7320001125335693,52.13999938964844,2080.6201171875,17880.849609375,97.11000061035156,1.100134253501892,1.9040000438690186,1.3049999475479126
2015-04-07,1210.5999755859375,16.825000762939453,1173.300048828125,2.7769999504089355,53.97999954223633,2076.330078125,17875.419921875,97.83000183105469,1.0934817790985107,1.8930000066757202,1.3279999494552612
2015-04-08,1203.0999755859375,16.440000534057617,1165.5,2.748500108718872,50.41999816894531,2081.89990234375,17902.509765625,98.06999969482422,1.0824151039123535,1.8949999809265137,1.3359999656677246
2015-04-09,1193.5999755859375,16.163999557495117,1156.4000244140625,2.744999885559082,50.790000915527344,2091.179931640625,17958.73046875,99.16000366210938,1.078527569770813,1.9579999446868896,1.3930000066757202
2015-04-10,1204.5999755859375,16.3700008392334,1170.0,2.750499963760376,51.63999938964844,2102.06005859375,18057.650390625,99.38999938964844,1.0669056177139282,1.9509999752044678,1.402999997138977
2015-04-13,1199.300048828125,16.280000686645508,1153.5,2.736999988555908,51.90999984741211,2092.429931640625,17977.0390625,99.48999786376953,1.0609854459762573,1.9390000104904175,1.3799999952316284
2015-04-14,1192.800048828125,16.150999069213867,1153.699951171875,2.7195000648498535,53.290000915527344,2095.840087890625,18036.69921875,98.76000213623047,1.0572947263717651,1.9040000438690186,1.3420000076293945
2015-04-15,1201.5,16.268999099731445,1155.9000244140625,2.7295000553131104,56.38999938964844,2106.6298828125,18112.609375,98.33000183105469,1.0647132396697998,1.899999976158142,1.3240000009536743
2015-04-16,1198.0,16.275999069213867,1158.5,2.7855000495910645,56.709999084472656,2104.989990234375,18105.76953125,97.41999816894531,1.0676802396774292,1.878000020980835,1.2899999618530273
2015-04-17,1202.9000244140625,16.22100067138672,1166.800048828125,2.7834999561309814,55.7400016784668,2081.179931640625,17826.30078125,97.5199966430664,1.0755579471588135,1.850000023841858,1.2920000553131104
2015-04-20,1193.5,15.883000373840332,1148.0999755859375,2.7355000972747803,56.380001068115234,2100.39990234375,18034.9296875,97.94000244140625,1.0810226202011108,1.8949999809265137,1.3229999542236328
2015-04-21,1202.9000244140625,16.00200080871582,1151.800048828125,2.7049999237060547,55.2599983215332,2097.2900390625,17949.58984375,97.9800033569336,1.0747487545013428,1.9160000085830688,1.340999960899353
2015-04-22,1186.9000244140625,15.791000366210938,1129.699951171875,2.6695001125335693,56.15999984741211,2107.9599609375,18038.26953125,98.0199966430664,1.074171543121338,1.972000002861023,1.3880000114440918
2015-04-23,1194.4000244140625,15.824000358581543,1136.199951171875,2.697999954223633,57.7400016784668,2112.929931640625,18058.689453125,97.27999877929688,1.0725815296173096,1.9470000267028809,1.3569999933242798
2015-04-24,1175.199951171875,15.630999565124512,1120.4000244140625,2.752000093460083,57.150001525878906,2117.68994140625,18080.140625,96.91999816894531,1.0815019607543945,1.9170000553131104,1.3220000267028809
2015-04-27,1203.300048828125,16.389999389648438,1152.699951171875,2.7739999294281006,56.9900016784668,2108.919921875,18037.970703125,96.7699966430664,1.086897373199463,1.9240000247955322,1.3420000076293945
2015-04-28,1214.0,16.586999893188477,1157.5,2.7799999713897705,57.060001373291016,2114.760009765625,18110.140625,96.08999633789062,1.0877959728240967,1.9730000495910645,1.3799999952316284
2015-04-29,1209.800048828125,16.670000076293945,1160.4000244140625,2.7950000762939453,58.58000183105469,2106.85009765625,18035.529296875,95.12000274658203,1.096912145614624,2.0350000858306885,1.4220000505447388
2015-04-30,1182.4000244140625,16.124000549316406,1139.9000244140625,2.8864998817443848,59.630001068115234,2085.510009765625,17840.51953125,94.5999984741211,1.1114321947097778,2.0460000038146973,1.4420000314712524
2015-05-01,1174.5,16.111000061035156,1129.0,2.93149995803833,59.150001525878906,2108.2900390625,18024.060546875,95.30000305175781,1.1214659214019775,2.117000102996826,1.5069999694824219
2015-05-04,1186.800048828125,16.417999267578125,1150.199951171875,2.9240000247955322,58.93000030517578,2114.489990234375,18070.400390625,95.4800033569336,1.1185932159423828,2.134999990463257,1.4989999532699585
2015-05-05,1193.199951171875,16.55699920654297,1148.0999755859375,2.940000057220459,60.400001525878906,2089.4599609375,17928.19921875,95.12999725341797,1.1149141788482666,2.1760001182556152,1.5449999570846558
2015-05-06,1190.300048828125,16.483999252319336,1142.0999755859375,2.932499885559082,60.93000030517578,2080.14990234375,17841.98046875,94.12999725341797,1.1186307668685913,2.240000009536743,1.5779999494552612
2015-05-07,1182.4000244140625,16.27199935913086,1131.4000244140625,2.9260001182556152,58.939998626708984,2088.0,17924.060546875,94.62000274658203,1.1341469287872314,2.184000015258789,1.5579999685287476
2015-05-08,1189.0999755859375,16.441999435424805,1142.5,2.930999994277954,59.38999938964844,2116.10009765625,18191.109375,94.79000091552734,1.1246949434280396,2.1500000953674316,1.4950000047683716
2015-05-11,1183.199951171875,16.29800033569336,1126.4000244140625,2.9175000190734863,59.25,2105.330078125,18105.169921875,95.01000213623047,1.1194071769714355,2.2739999294281006,1.593000054359436
2015-05-12,1192.5999755859375,16.510000228881836,1132.4000244140625,2.950500011444092,60.75,2099.1201171875,18068.23046875,94.52999877929688,1.114441990852356,2.259999990463257,1.5740000009536743
2015-05-13,1218.4000244140625,17.207000732421875,1149.800048828125,2.950000047683716,60.5,2098.47998046875,18060.490234375,93.62000274658203,1.1221455335617065,2.2820000648498535,1.562000036239624
2015-05-14,1225.4000244140625,17.448999404907227,1161.300048828125,2.946000099182129,59.880001068115234,2121.10009765625,18252.240234375,93.36000061035156,1.1350480318069458,2.239000082015991,1.5130000114440918
2015-05-15,1225.5,17.545000076293945,1168.0,2.9489998817443848,59.689998626708984,2122.72998046875,18272.560546875,93.13999938964844,1.1404979228973389,2.1410000324249268,1.4600000381469727
2015-05-18,1227.800048828125,17.711999893188477,1177.4000244140625,2.930000066757202,59.43000030517578,2129.199951171875,18298.880859375,94.19000244140625,1.144505262374878,2.2279999256134033,1.531000018119812
2015-05-19,1206.9000244140625,17.049999237060547,1149.800048828125,2.8615000247955322,57.2599983215332,2127.830078125,18312.390625,95.2699966430664,1.1326183080673218,2.26200008392334,1.5839999914169312
2015-05-20,1208.9000244140625,17.091999053955078,1155.800048828125,2.8515000343322754,58.97999954223633,2125.85009765625,18285.400390625,95.44999694824219,1.1146656274795532,2.250999927520752,1.5529999732971191
2015-05-21,1204.4000244140625,17.111000061035156,1151.5,2.871000051498413,60.720001220703125,2130.820068359375,18285.740234375,95.26000213623047,1.1100751161575317,2.184999942779541,1.5099999904632568
2015-05-22,1204.300048828125,17.030000686645508,1147.9000244140625,2.8334999084472656,59.720001220703125,2126.06005859375,18232.01953125,96.01000213623047,1.1111851930618286,2.2149999141693115,1.562000036239624
2015-05-26,1187.199951171875,16.733999252319336,1123.4000244140625,2.8534998893737793,58.029998779296875,2104.199951171875,18041.5390625,97.30000305175781,1.0971167087554932,2.13700008392334,1.5240000486373901
2015-05-27,1185.9000244140625,16.63800048828125,1118.5,2.815999984741211,57.5099983215332,2123.47998046875,18162.990234375,97.37000274658203,1.08888578414917,2.134999990463257,1.531999945640564
2015-05-28,1188.0999755859375,16.652999877929688,1115.800048828125,2.7929999828338623,57.68000030517578,2120.7900390625,18126.119140625,96.97000122070312,1.0900014638900757,2.130000114440918,1.5069999694824219
2015-05-29,1189.4000244140625,16.68400001525879,1111.0,2.759500026702881,60.29999923706055,2107.389892578125,18010.6796875,96.91000366210938,1.0960345268249512,2.0950000286102295,1.4670000076293945
2015-06-01,1188.300048828125,16.663999557495117,1103.699951171875,2.740999937057495,60.20000076293945,2111.72998046875,18040.369140625,97.38999938964844,1.0957943201065063,2.191999912261963,1.555999994277954
2015-06-02,1194.0999755859375,16.783000946044922,1112.300048828125,2.757999897003174,61.2599983215332,2109.60009765625,18011.939453125,95.83999633789062,1.0922993421554565,2.2660000324249268,1.6080000400543213
2015-06-03,1184.699951171875,16.464000701904297,1103.5999755859375,2.750499963760376,59.63999938964844,2114.070068359375,18076.26953125,95.47000122070312,1.1150012016296387,2.365999937057495,1.684999942779541
2015-06-04,1174.9000244140625,16.089000701904297,1098.699951171875,2.7155001163482666,58.0,2095.840087890625,17905.580078125,95.45999908447266,1.1257838010787964,2.306999921798706,1.6410000324249268
2015-06-05,1167.800048828125,15.970999717712402,1091.300048828125,2.7219998836517334,59.130001068115234,2092.830078125,17849.4609375,96.30999755859375,1.120787262916565,2.4019999504089355,1.7400000095367432
2015-06-08,1173.199951171875,15.951000213623047,1100.5,2.7160000801086426,58.13999938964844,2079.280029296875,17766.55078125,95.30000305175781,1.1108149290084839,2.38100004196167,1.7070000171661377
2015-06-09,1177.300048828125,15.949000358581543,1107.800048828125,2.740499973297119,60.13999938964844,2080.14990234375,17764.0390625,95.16999816894531,1.128095269203186,2.4170000553131104,1.7350000143051147
2015-06-10,1186.0999755859375,15.95199966430664,1114.699951171875,2.7715001106262207,61.43000030517578,2105.199951171875,18000.400390625,94.6500015258789,1.1299052238464355,2.4779999256134033,1.7890000343322754
2015-06-11,1179.9000244140625,15.95300006866455,1104.699951171875,2.693000078201294,60.77000045776367,2108.860107421875,18039.369140625,94.9800033569336,1.131196141242981,2.382999897003174,1.7259999513626099
2015-06-12,1178.800048828125,15.817999839782715,1096.300048828125,2.69950008392334,59.959999084472656,2094.110107421875,17898.83984375,94.97000122070312,1.1240627765655518,2.384999990463257,1.7339999675750732
2015-06-15,1185.300048828125,16.076000213623047,1088.300048828125,2.6589999198913574,59.52000045776367,2084.429931640625,17791.169921875,94.80999755859375,1.1219944953918457,2.3580000400543213,1.7000000476837158
2015-06-16,1180.5,15.958000183105469,1079.5,2.626499891281128,59.970001220703125,2096.2900390625,17904.48046875,95.0,1.1277008056640625,2.318000078201294,1.6679999828338623
2015-06-17,1176.4000244140625,15.9399995803833,1072.4000244140625,2.622999906539917,59.91999816894531,2100.43994140625,17935.740234375,94.30000305175781,1.124201774597168,2.305999994277954,1.621999979019165
2015-06-18,1201.5,16.148000717163086,1082.5,2.628499984741211,60.45000076293945,2121.239990234375,18115.83984375,94.04000091552734,1.1369967460632324,2.3510000705718994,1.6399999856948853
2015-06-19,1201.5,16.104000091552734,1086.5,2.5920000076293945,59.61000061035156,2109.989990234375,18015.94921875,94.08999633789062,1.1370742321014404,2.2669999599456787,1.5779999494552612
2015-06-22,1183.699951171875,16.136999130249023,1060.300048828125,2.5880000591278076,59.68000030517578,2122.85009765625,18119.779296875,94.33000183105469,1.1372941732406616,2.359999895095825,1.6540000438690186
2015-06-23,1176.199951171875,15.732000350952148,1067.199951171875,2.634000062942505,61.0099983215332,2124.199951171875,18144.0703125,95.43000030517578,1.13490629196167,2.4089999198913574,1.694000005722046
2015-06-24,1172.5999755859375,15.847999572753906,1074.0999755859375,2.6465001106262207,60.27000045776367,2108.580078125,17966.0703125,95.26000213623047,1.1172186136245728,2.371000051498413,1.6660000085830688
2015-06-25,1171.5,15.805000305175781,1084.0,2.6454999446868896,59.70000076293945,2102.31005859375,17890.359375,95.19000244140625,1.1206992864608765,2.3929998874664307,1.7039999961853027
2015-06-26,1172.9000244140625,15.734999656677246,1080.699951171875,2.6449999809265137,59.630001068115234,2101.489990234375,17946.6796875,95.47000122070312,1.1202975511550903,2.4760000705718994,1.7549999952316284
2015-06-29,1178.5,15.663999557495117,1081.4000244140625,2.6384999752044678,58.33000183105469,2057.639892578125,17596.349609375,94.79000091552734,1.0975021123886108,2.3310000896453857,1.625
2015-06-30,1171.5,15.550999641418457,1078.5999755859375,2.623500108718872,59.470001220703125,2063.110107421875,17619.509765625,95.48999786376953,1.122296690940857,2.3350000381469727,1.628000020980835
2015-07-01,1169.0,15.552000045776367,1086.9000244140625,2.635499954223633,56.959999084472656,2077.419921875,17757.91015625,96.30999755859375,1.1134989261627197,2.4179999828338623,1.7020000219345093
2015-07-02,1163.0,15.536999702453613,1083.5999755859375,2.634500026702881,56.93000030517578,2076.780029296875,17730.109375,96.11000061035156,1.103363037109375,2.3929998874664307,1.6449999809265137
2015-07-06,1172.9000244140625,15.72599983215332,1065.9000244140625,2.5429999828338623,52.529998779296875,2068.760009765625,17683.580078125,96.30000305175781,1.0995051860809326,2.2780001163482666,1.5479999780654907
2015-07-07,1152.4000244140625,14.949999809265137,1041.0999755859375,2.4509999752044678,52.33000183105469,2081.340087890625,17776.91015625,96.87000274658203,1.1048991680145264,2.2309999465942383,1.5199999809265137
2015-07-08,1163.300048828125,15.147000312805176,1036.0999755859375,2.503999948501587,51.650001525878906,2046.6800537109375,17515.419921875,96.29000091552734,1.1009942293167114,2.2060000896453857,1.4930000305175781
2015-07-09,1159.0,15.345000267028809,1022.4000244140625,2.558000087738037,52.779998779296875,2051.31005859375,17548.619140625,96.61000061035156,1.1071009635925293,2.3010001182556152,1.569000005722046
2015-07-10,1157.699951171875,15.468000411987305,1032.300048828125,2.5455000400543213,52.7400016784668,2076.6201171875,17760.41015625,96.02999877929688,1.1063048839569092,2.4170000553131104,1.6779999732971191
2015-07-13,1155.199951171875,15.435999870300293,1036.0,2.555500030517578,52.20000076293945,2099.60009765625,17977.6796875,96.86000061035156,1.1129041910171509,2.430000066757202,1.6979999542236328
2015-07-14,1153.300048828125,15.295000076293945,1027.9000244140625,2.5445001125335693,53.040000915527344,2108.949951171875,18053.580078125,96.63999938964844,1.099045991897583,2.3989999294281006,1.6610000133514404
2015-07-15,1147.199951171875,15.027999877929688,1021.5999755859375,2.5304999351501465,51.40999984741211,2107.39990234375,18050.169921875,97.12999725341797,1.1008002758026123,2.3499999046325684,1.6230000257492065
2015-07-16,1143.800048828125,14.96399974822998,1012.0999755859375,2.5315001010894775,50.90999984741211,2124.2900390625,18120.25,97.66000366210938,1.0943553447723389,2.3519999980926514,1.6510000228881836
2015-07-17,1131.800048828125,14.819999694824219,1001.0,2.504499912261963,50.88999938964844,2126.639892578125,18086.44921875,97.86000061035156,1.0886012315750122,2.3489999771118164,1.6699999570846558
2015-07-20,1106.699951171875,14.744999885559082,990.2000122070312,2.4839999675750732,50.150001525878906,2128.280029296875,18100.41015625,98.02999877929688,1.0830246210098267,2.371999979019165,1.7039999961853027
2015-07-21,1103.4000244140625,14.769000053405762,986.0,2.4774999618530273,50.36000061035156,2119.2099609375,17919.2890625,97.33000183105469,1.0835410356521606,2.3399999141693115,1.6660000085830688
2015-07-22,1091.4000244140625,14.71399974822998,981.5999755859375,2.43149995803833,49.189998626708984,2114.14990234375,17851.0390625,97.5999984741211,1.0939961671829224,2.322000026702881,1.6679999828338623
2015-07-23,1094.0,14.682999610900879,982.7999877929688,2.385499954223633,48.45000076293945,2102.14990234375,17731.919921875,97.12000274658203,1.0927051305770874,2.2769999504089355,1.6380000114440918
2015-07-24,1085.5999755859375,14.47700023651123,982.4000244140625,2.381500005722046,48.13999938964844,2079.64990234375,17568.529296875,97.23999786376953,1.0989010334014893,2.2709999084472656,1.6230000257492065
2015-07-27,1096.5,14.593999862670898,990.5,2.3505001068115234,47.38999938964844,2067.639892578125,17440.58984375,96.5,1.0972371101379395,2.2279999256134033,1.5720000267028809
2015-07-28,1096.300048828125,14.630999565124512,987.7999877929688,2.4030001163482666,47.97999954223633,2093.25,17630.26953125,96.7699966430664,1.109004020690918,2.25,1.5870000123977661
2015-07-29,1092.699951171875,14.734000205993652,984.4000244140625,2.4079999923706055,48.790000915527344,2108.570068359375,17751.390625,96.9800033569336,1.1065986156463623,2.2790000438690186,1.6080000400543213
2015-07-30,1088.4000244140625,14.690999984741211,988.5999755859375,2.381500005722046,48.52000045776367,2108.6298828125,17745.98046875,97.55999755859375,1.098406195640564,2.2679998874664307,1.6230000257492065
2015-07-31,1094.9000244140625,14.746000289916992,984.0,2.367500066757202,47.119998931884766,2103.840087890625,17689.859375,97.37000274658203,1.0939244031906128,2.2049999237060547,1.5479999780654907
2015-08-03,1089.4000244140625,14.515999794006348,966.5999755859375,2.3475000858306885,45.16999816894531,2098.0400390625,17598.19921875,97.48999786376953,1.0969001054763794,2.1500000953674316,1.5140000581741333
2015-08-04,1090.699951171875,14.550000190734863,958.0,2.365000009536743,45.7400016784668,2093.320068359375,17550.689453125,97.93000030517578,1.09560227394104,2.2109999656677246,1.5920000076293945
2015-08-05,1085.699951171875,14.545999526977539,950.5,2.3529999256134033,45.150001525878906,2099.840087890625,17540.470703125,97.95999908447266,1.0888975858688354,2.2679998874664307,1.6430000066757202
2015-08-06,1090.199951171875,14.670000076293945,955.5999755859375,2.3480000495910645,44.65999984741211,2083.56005859375,17419.75,97.83000183105469,1.0903104543685913,2.2339999675750732,1.6139999628067017
2015-08-07,1094.0999755859375,14.815999984741211,961.7999877929688,2.3415000438690186,43.869998931884766,2077.570068359375,17373.380859375,97.55999755859375,1.0927051305770874,2.174999952316284,1.5820000171661377
2015-08-10,1104.199951171875,15.288999557495117,988.9000244140625,2.4075000286102295,44.959999084472656,2104.179931640625,17615.169921875,97.16000366210938,1.0965032577514648,2.23799991607666,1.6200000047683716
2015-08-11,1107.5999755859375,15.281000137329102,991.4000244140625,2.3410000801086426,43.08000183105469,2084.070068359375,17402.83984375,97.29000091552734,1.1016976833343506,2.13700008392334,1.524999976158142
2015-08-12,1123.199951171875,15.472999572753906,998.5999755859375,2.3605000972747803,43.29999923706055,2086.050048828125,17402.509765625,96.26000213623047,1.104203701019287,2.130000114440918,1.503999948501587
2015-08-13,1115.699951171875,15.395999908447266,993.7000122070312,2.365499973297119,42.22999954223633,2083.389892578125,17408.25,96.44999694824219,1.1160963773727417,2.188999891281128,1.5740000009536743
2015-08-14,1112.9000244140625,15.210000038146973,992.7000122070312,2.364000082015991,42.5,2091.5400390625,17477.400390625,96.56999969482422,1.1160963773727417,2.196000099182129,1.597000002861023
2015-08-17,1118.5999755859375,15.295000076293945,999.5,2.3324999809265137,41.869998931884766,2102.43994140625,17545.1796875,96.81999969482422,1.1092993021011353,2.1500000953674316,1.5529999732971191
2015-08-18,1117.0999755859375,14.786999702453613,992.9000244140625,2.296999931335449,42.619998931884766,2096.919921875,17511.33984375,96.97000122070312,1.107800006866455,2.196000099182129,1.5809999704360962
2015-08-19,1128.0999755859375,15.175999641418457,1011.9000244140625,2.2829999923706055,40.79999923706055,2079.610107421875,17348.73046875,96.45999908447266,1.1030831336975098,2.128999948501587,1.5
2015-08-20,1153.0,15.517000198364258,1034.0,2.322999954223633,41.13999938964844,2035.72998046875,16990.689453125,95.75,1.1118029356002808,2.0840001106262207,1.4880000352859497
2015-08-21,1159.5999755859375,15.300999641418457,1026.5,2.306999921798706,40.45000076293945,1970.8900146484375,16459.75,94.83000183105469,1.1236965656280518,2.053999900817871,1.4390000104904175
2015-08-24,1153.4000244140625,14.76200008392334,990.9000244140625,2.2690000534057617,38.2400016784668,1893.2099609375,15871.349609375,93.30999755859375,1.1376951932907104,1.996999979019165,1.3639999628067017
2015-08-25,1138.199951171875,14.609999656677246,976.0999755859375,2.322999954223633,39.310001373291016,1867.6099853515625,15666.4404296875,94.52999877929688,1.1583056449890137,2.132999897003174,1.4800000190734863
2015-08-26,1124.5999755859375,14.045000076293945,980.2000122070312,2.250999927520752,38.599998474121094,1940.510009765625,16285.509765625,95.0999984741211,1.1550945043563843,2.171999931335449,1.4730000495910645
2015-08-27,1122.4000244140625,14.420999526977539,1006.0,2.3340001106262207,42.560001373291016,1987.6600341796875,16654.76953125,95.61000061035156,1.1340054273605347,2.1679999828338623,1.4839999675750732
2015-08-28,1133.0999755859375,14.53499984741211,1021.2999877929688,2.3464999198913574,45.220001220703125,1988.8699951171875,16643.009765625,96.11000061035156,1.1247961521148682,2.186000108718872,1.524999976158142
2015-08-31,1131.5999755859375,14.57699966430664,1010.0999755859375,2.3380000591278076,49.20000076293945,1972.1800537109375,16528.029296875,95.94999694824219,1.1214030981063843,2.200000047683716,1.5410000085830688
2015-09-01,1138.699951171875,14.61299991607666,1007.5999755859375,2.302500009536743,45.40999984741211,1913.8499755859375,16058.349609375,95.44999694824219,1.1225864887237549,2.171999931335449,1.503999948501587
2015-09-02,1132.5,14.66100025177002,1012.7999877929688,2.3329999446868896,46.25,1948.8599853515625,16351.3798828125,95.83000183105469,1.1293437480926514,2.193000078201294,1.5199999809265137
2015-09-03,1123.699951171875,14.70199966430664,1009.2999877929688,2.390000104904175,46.75,1951.1300048828125,16374.759765625,96.41000366210938,1.121604323387146,2.1679999828338623,1.4880000352859497
2015-09-04,1120.5999755859375,14.543999671936035,991.5999755859375,2.319499969482422,46.04999923706055,1921.219970703125,16102.3798828125,96.2300033569336,1.1125946044921875,2.128000020980835,1.465000033378601
2015-09-08,1120.4000244140625,14.75,1002.0999755859375,2.438499927520752,45.939998626708984,1969.4100341796875,16492.6796875,95.87999725341797,1.1163954734802246,2.194000005722046,1.5219999551773071
2015-09-09,1102.199951171875,14.567999839782715,980.4000244140625,2.442500114440918,44.150001525878906,1942.0400390625,16253.5703125,96.01000213623047,1.1207369565963745,2.180999994277954,1.5160000324249268
2015-09-10,1109.5,14.633999824523926,983.0,2.4544999599456787,45.91999816894531,1952.2900390625,16330.400390625,95.45999908447266,1.1220699548721313,2.2219998836517334,1.5449999570846558
2015-09-11,1103.5,14.489999771118164,965.2000122070312,2.4619998931884766,44.630001068115234,1961.050048828125,16433.08984375,95.19000244140625,1.1290887594223022,2.183000087738037,1.50600004196167
2015-09-14,1107.699951171875,14.357000350952148,955.7000122070312,2.4140000343322754,44.0,1953.030029296875,16370.9599609375,95.25,1.1344043016433716,2.180000066757202,1.5099999904632568
2015-09-15,1102.800048828125,14.319000244140625,958.2999877929688,2.436000108718872,44.59000015258789,1978.0899658203125,16599.849609375,95.61000061035156,1.1307612657546997,2.2809998989105225,1.6009999513626099
2015-09-16,1119.199951171875,14.878000259399414,975.7999877929688,2.4614999294281006,47.150001525878906,1995.31005859375,16739.94921875,95.41999816894531,1.1271796226501465,2.302999973297119,1.6119999885559082
2015-09-17,1117.300048828125,14.975000381469727,968.5,2.4614999294281006,46.900001525878906,1990.199951171875,16674.740234375,94.55000305175781,1.12920343875885,2.2170000076293945,1.5019999742507935
2015-09-18,1138.0999755859375,15.154000282287598,984.5,2.3970000743865967,44.68000030517578,1958.030029296875,16384.580078125,94.86000061035156,1.1400948762893677,2.130000114440918,1.437000036239624
2015-09-21,1133.0999755859375,15.215999603271484,973.7999877929688,2.3984999656677246,46.68000030517578,1966.969970703125,16510.189453125,95.88999938964844,1.12920343875885,2.2139999866485596,1.5019999742507935
2015-09-22,1125.0,14.75,937.5999755859375,2.306999921798706,45.83000183105469,1942.739990234375,16330.4697265625,96.27999877929688,1.1190940141677856,2.125,1.4240000247955322
2015-09-23,1131.5999755859375,14.779999732971191,932.5,2.305500030517578,44.47999954223633,1938.760009765625,16279.8896484375,96.06999969482422,1.1120749711990356,2.1440000534057617,1.4390000104904175
2015-09-24,1153.800048828125,15.125,955.9000244140625,2.312000036239624,44.90999984741211,1932.239990234375,16201.3203125,95.98999786376953,1.1189937591552734,2.119999885559082,1.4450000524520874
2015-09-25,1146.0,15.105999946594238,951.2000122070312,2.2915000915527344,45.70000076293945,1931.3399658203125,16314.669921875,96.2699966430664,1.1178929805755615,2.1679999828338623,1.4789999723434448
2015-09-28,1132.0,14.538000106811523,926.0999755859375,2.25600004196167,44.43000030517578,1881.77001953125,16001.8896484375,96.02999877929688,1.1201720237731934,2.0950000286102295,1.4190000295639038
2015-09-29,1127.0999755859375,14.569000244140625,917.0999755859375,2.253499984741211,45.22999954223633,1884.0899658203125,16049.1298828125,95.88999938964844,1.123103380203247,2.053999900817871,1.375
2015-09-30,1115.5,14.512999534606934,907.2000122070312,2.3454999923706055,45.09000015258789,1920.030029296875,16284.7001953125,96.3499984741211,1.1255937814712524,2.059999942779541,1.375
2015-10-01,1114.199951171875,14.505999565124512,903.2000122070312,2.307499885559082,44.7400016784668,1923.8199462890625,16272.009765625,96.19000244140625,1.11720609664917,2.0420000553131104,1.3700000047683716
2015-10-02,1137.0999755859375,15.256999969482422,907.2999877929688,2.3294999599456787,45.540000915527344,1951.3599853515625,16472.369140625,95.83000183105469,1.1193444728851318,1.9889999628067017,1.2860000133514404
2015-10-05,1138.0999755859375,15.70199966430664,911.0999755859375,2.359999895095825,46.2599983215332,1987.050048828125,16776.4296875,96.11000061035156,1.1226998567581177,2.055999994277954,1.3459999561309814
2015-10-06,1146.800048828125,15.979000091552734,933.0,2.3589999675750732,48.529998779296875,1979.9200439453125,16790.189453125,95.45999908447266,1.1195199489593506,2.0350000858306885,1.3309999704360962
2015-10-07,1149.0,16.08799934387207,944.5,2.371500015258789,47.810001373291016,1995.8299560546875,16912.2890625,95.5,1.1267986297607422,2.062000036239624,1.3650000095367432
2015-10-08,1144.699951171875,15.760000228881836,953.2999877929688,2.3469998836517334,49.43000030517578,2013.4300537109375,17050.75,95.31999969482422,1.1239995956420898,2.1080000400543213,1.3980000019073486
2015-10-09,1156.300048828125,15.809000015258789,979.5,2.4170000553131104,49.630001068115234,2014.8900146484375,17084.490234375,94.80999755859375,1.1286935806274414,2.0989999771118164,1.406000018119812
2015-10-12,1164.9000244140625,15.854999542236328,994.5999755859375,2.4195001125335693,47.099998474121094,2017.4599609375,17131.859375,94.83999633789062,1.1369967460632324,2.0899999141693115,1.399999976158142
2015-10-13,1165.800048828125,15.897000312805176,991.5,2.3914999961853027,46.65999984741211,2003.68994140625,17081.890625,94.76000213623047,1.135550618171692,2.055000066757202,1.3619999885559082
2015-10-14,1180.0999755859375,16.101999282836914,994.2000122070312,2.4200000762939453,46.63999938964844,1994.239990234375,16924.75,93.93000030517578,1.138498306274414,1.9809999465942383,1.2799999713897705
2015-10-15,1187.9000244140625,16.152000427246094,1005.5999755859375,2.4260001182556152,46.380001068115234,2023.8599853515625,17141.75,94.37000274658203,1.147552251815796,2.0230000019073486,1.3329999446868896
2015-10-16,1183.5999755859375,16.101999282836914,1021.2999877929688,2.4070000648498535,47.2599983215332,2033.1099853515625,17215.970703125,94.54000091552734,1.1368157863616943,2.0230000019073486,1.3459999561309814
2015-10-19,1173.300048828125,15.829000473022461,1013.4000244140625,2.371500015258789,45.88999938964844,2033.6600341796875,17230.5390625,94.95999908447266,1.1361054182052612,2.0280001163482666,1.3459999561309814
2015-10-20,1178.0,15.904999732971191,1018.9000244140625,2.369499921798706,45.54999923706055,2030.77001953125,17217.109375,94.8499984741211,1.132900595664978,2.071000099182129,1.3880000114440918
2015-10-21,1167.5999755859375,15.696000099182129,1006.0,2.364000082015991,45.20000076293945,2018.93994140625,17168.609375,95.05000305175781,1.1353960037231445,2.0299999713897705,1.3589999675750732
2015-10-22,1166.5999755859375,15.822999954223633,1012.2000122070312,2.384500026702881,45.380001068115234,2052.510009765625,17489.16015625,96.33999633789062,1.134803295135498,2.0250000953674316,1.3450000286102295
2015-10-23,1163.300048828125,15.817999839782715,1000.0,2.3499999046325684,44.599998474121094,2075.14990234375,17646.69921875,97.06999969482422,1.108094573020935,2.0829999446868896,1.4149999618530273
2015-10-26,1167.0,15.899999618530273,995.7999877929688,2.3564999103546143,43.97999954223633,2071.179931640625,17623.05078125,96.86000061035156,1.1020376682281494,2.058000087738037,1.3980000019073486
2015-10-27,1166.800048828125,15.857999801635742,988.4000244140625,2.3580000400543213,43.20000076293945,2065.889892578125,17581.4296875,96.91000366210938,1.1065986156463623,2.0280001163482666,1.3569999933242798
2015-10-28,1177.0999755859375,16.288000106811523,1011.0,2.3545000553131104,45.939998626708984,2090.35009765625,17779.51953125,97.77999877929688,1.1037039756774902,2.0920000076293945,1.4589999914169312
2015-10-29,1147.199951171875,15.543999671936035,991.7999877929688,2.315500020980835,46.060001373291016,2089.409912109375,17755.80078125,97.27999877929688,1.0928961038589478,2.1730000972747803,1.531999945640564
2015-10-30,1141.5,15.565999984741211,988.5999755859375,2.313499927520752,46.59000015258789,2079.360107421875,17663.5390625,96.94999694824219,1.0993843078613281,2.1510000228881836,1.527999997138977
2015-11-02,1135.800048828125,15.413000106811523,978.4000244140625,2.315500020980835,46.13999938964844,2104.050048828125,17828.759765625,96.93000030517578,1.102596640586853,2.187000036239624,1.5640000104904175
2015-11-03,1114.199951171875,15.244000434875488,961.2000122070312,2.3269999027252197,47.900001525878906,2109.7900390625,17918.150390625,97.16000366210938,1.1016006469726562,2.2200000286102295,1.593999981880188
2015-11-04,1106.5,15.062999725341797,954.0999755859375,2.319499969482422,46.31999969482422,2102.31005859375,17867.580078125,97.94999694824219,1.0963950157165527,2.2300000190734863,1.6369999647140503
2015-11-05,1104.4000244140625,14.98799991607666,952.4000244140625,2.253499984741211,45.20000076293945,2099.929931640625,17863.4296875,97.94000244140625,1.0868029594421387,2.244999885559082,1.6460000276565552
2015-11-06,1087.5999755859375,14.696000099182129,939.5999755859375,2.241499900817871,44.290000915527344,2099.199951171875,17910.330078125,99.16000366210938,1.0883997678756714,2.3329999446868896,1.7389999628067017
2015-11-09,1087.9000244140625,14.418000221252441,914.4000244140625,2.2300000190734863,43.869998931884766,2078.580078125,17730.48046875,98.9800033569336,1.0733413696289062,2.3420000076293945,1.7359999418258667
2015-11-10,1088.199951171875,14.355999946594238,899.5,2.2165000438690186,44.209999084472656,2081.719970703125,17758.2109375,99.29000091552734,1.0759514570236206,2.322000026702881,1.7029999494552612
2015-11-11,1084.699951171875,14.26200008392334,882.7999877929688,2.2165000438690186,42.93000030517578,2075.0,17702.220703125,99.01000213623047,1.0737563371658325,2.3380000591278076,1.718000054359436
2015-11-12,1080.800048828125,14.223999977111816,875.7999877929688,2.1730000972747803,41.75,2045.969970703125,17448.0703125,98.6500015258789,1.0762988328933716,2.319000005722046,1.718000054359436
2015-11-13,1080.800048828125,14.20300006866455,863.5,2.1700000762939453,40.7400016784668,2023.0400390625,17245.240234375,98.98999786376953,1.0815019607543945,2.2799999713897705,1.6699999570846558
2015-11-16,1083.699951171875,14.220999717712402,865.2999877929688,2.118000030517578,41.7400016784668,2053.18994140625,17483.009765625,99.44000244140625,1.06999933719635,2.2730000019073486,1.6519999504089355
2015-11-17,1068.699951171875,14.170000076293945,854.5999755859375,2.1054999828338623,40.66999816894531,2050.43994140625,17489.5,99.62999725341797,1.068798542022705,2.260999917984009,1.6540000438690186
2015-11-18,1068.800048828125,14.079999923706055,847.5,2.078000068664551,40.75,2083.580078125,17737.16015625,99.6500015258789,1.0643846988677979,2.2690000534057617,1.6759999990463257
2015-11-19,1078.0,14.241999626159668,857.5999755859375,2.0764999389648438,40.540000915527344,2081.239990234375,17732.75,98.98999786376953,1.066996693611145,2.247999906539917,1.6710000038146973
2015-11-20,1076.4000244140625,14.105999946594238,855.2999877929688,2.053999900817871,40.38999938964844,2089.169921875,17823.810546875,99.56999969482422,1.0726161003112793,2.26200008392334,1.6859999895095825
2015-11-23,1066.800048828125,14.041999816894531,846.7999877929688,2.0195000171661377,41.75,2086.590087890625,17792.6796875,99.80000305175781,1.0641014575958252,2.25,1.680999994277954
2015-11-24,1074.300048828125,14.168999671936035,840.5,2.053499937057495,42.869998931884766,2089.139892578125,17812.189453125,99.52999877929688,1.0642033815383911,2.243000030517578,1.6679999828338623
2015-11-25,1070.5,14.168000221252441,842.5,2.0445001125335693,43.040000915527344,2088.8701171875,17813.390625,99.80000305175781,1.0643846988677979,2.2320001125335693,1.6640000343322754
2015-11-27,1056.199951171875,14.008000373840332,833.0,2.05049991607666,41.709999084472656,2090.110107421875,17813.390625,100.0199966430664,1.0604453086853027,2.2249999046325684,1.652999997138977
2015-11-30,1065.800048828125,14.050000190734863,832.2999877929688,2.0445001125335693,41.650001525878906,2080.409912109375,17719.919921875,100.16999816894531,1.0583018064498901,2.2179999351501465,1.6540000438690186
2015-12-01,1063.800048828125,14.055000305175781,835.4000244140625,2.066499948501587,41.849998474121094,2102.6298828125,17888.349609375,99.80000305175781,1.0572947263717651,2.1549999713897705,1.5959999561309814
2015-12-02,1054.199951171875,13.979000091552734,832.4000244140625,2.0290000438690186,39.939998626708984,2079.510009765625,17729.6796875,99.98999786376953,1.0625863075256348,2.177999973297119,1.6349999904632568
2015-12-03,1061.699951171875,14.053000450134277,847.5,2.055999994277954,41.08000183105469,2049.6201171875,17477.669921875,97.62000274658203,1.0613007545471191,2.3299999237060547,1.7430000305175781
2015-12-04,1084.5,14.505000114440918,880.5,2.0739998817443848,39.970001220703125,2091.68994140625,17847.630859375,98.3499984741211,1.0915957689285278,2.2750000953674316,1.7120000123977661
2015-12-07,1076.4000244140625,14.307000160217285,863.0999755859375,2.0445001125335693,37.650001525878906,2077.070068359375,17730.509765625,98.66000366210938,1.0883997678756714,2.2249999046325684,1.6740000247955322
2015-12-08,1076.300048828125,14.090999603271484,846.4000244140625,2.0480000972747803,37.5099983215332,2063.590087890625,17568.0,98.47000122070312,1.0834001302719116,2.23799991607666,1.6779999732971191
2015-12-09,1077.5999755859375,14.163999557495117,865.5999755859375,2.059999942779541,37.15999984741211,2047.6199951171875,17492.30078125,97.3499984741211,1.0893957614898682,2.2079999446868896,1.6330000162124634
2015-12-10,1073.0999755859375,14.085000038146973,855.7000122070312,2.065000057220459,36.7599983215332,2052.22998046875,17574.75,97.94000244140625,1.1017948389053345,2.239000082015991,1.680999994277954
2015-12-11,1076.9000244140625,13.859000205993652,843.5,2.1080000400543213,35.619998931884766,2012.3699951171875,17265.2109375,97.56999969482422,1.0948106050491333,2.1389999389648438,1.5709999799728394
2015-12-14,1064.699951171875,13.666000366210938,850.0,2.1040000915527344,36.310001373291016,2021.93994140625,17368.5,97.5999984741211,1.0983941555023193,2.2249999046325684,1.6510000228881836
2015-12-15,1062.9000244140625,13.739999771118164,855.5999755859375,2.0510001182556152,37.349998474121094,2043.4100341796875,17524.91015625,98.22000122070312,1.0992997884750366,2.2679998874664307,1.694000005722046
2015-12-16,1078.0,14.218000411987305,875.7999877929688,2.061000108718872,35.52000045776367,2073.070068359375,17749.08984375,97.87000274658203,1.0936251878738403,2.2869999408721924,1.7369999885559082
2015-12-17,1050.800048828125,13.682999610900879,844.5,2.0344998836517334,34.95000076293945,2041.8900146484375,17495.83984375,99.2699966430664,1.087453007698059,2.23799991607666,1.7209999561309814
2015-12-18,1066.199951171875,14.079999923706055,860.5999755859375,2.1029999256134033,34.72999954223633,2005.550048828125,17128.55078125,98.69999694824219,1.0844104290008545,2.1989998817443848,1.6759999990463257
2015-12-21,1081.9000244140625,14.300999641418457,881.0999755859375,2.128999948501587,34.7400016784668,2021.1500244140625,17251.619140625,98.45999908447266,1.0869920253753662,2.197000026702881,1.6660000085830688
2015-12-22,1074.800048828125,14.302000045776367,872.7999877929688,2.0969998836517334,36.13999938964844,2038.969970703125,17417.26953125,98.23999786376953,1.09129798412323,2.239000082015991,1.7059999704360962
2015-12-23,1069.4000244140625,14.277000427246094,867.9000244140625,2.1115000247955322,37.5,2064.2900390625,17602.609375,98.33999633789062,1.0950024127960205,2.2639999389648438,1.7239999771118164
2015-12-24,1077.199951171875,14.369000434875488,883.4000244140625,2.1115000247955322,38.099998474121094,2060.989990234375,17552.169921875,97.9800033569336,1.0909169912338257,2.243000030517578,1.718000054359436
2015-12-28,1070.5,13.873000144958496,880.0,2.066499948501587,36.810001373291016,2056.5,17528.26953125,97.91999816894531,1.0965994596481323,2.2249999046325684,1.715999960899353
2015-12-29,1077.5,13.916999816894531,890.5999755859375,2.125,37.869998931884766,2078.360107421875,17720.98046875,98.0999984741211,1.0975261926651,2.306999921798706,1.7829999923706055
2015-12-30,1060.0999755859375,13.814000129699707,871.0999755859375,2.13700008392334,36.599998474121094,2063.360107421875,17603.869140625,98.2699966430664,1.0928006172180176,2.302999973297119,1.7990000247955322
2015-12-31,1060.300048828125,13.774999618530273,891.7000122070312,2.125499963760376,37.040000915527344,2043.93994140625,17425.029296875,98.62999725341797,1.093398094177246,2.2690000534057617,1.7580000162124634
2016-01-04,1075.0999755859375,13.817000389099121,883.2000122070312,2.070499897003174,36.7599983215332,2012.6600341796875,17148.939453125,98.87000274658203,1.0853991508483887,2.244999885559082,1.7350000143051147
2016-01-05,1078.4000244140625,13.949000358581543,888.5999755859375,2.0885000228881836,35.970001220703125,2016.7099609375,17158.66015625,99.4000015258789,1.0827549695968628,2.247999906539917,1.7239999771118164
2016-01-06,1091.9000244140625,13.956999778747559,873.7000122070312,2.0804998874664307,33.970001220703125,1990.260009765625,16906.509765625,99.18000030517578,1.0751993656158447,2.177000045776367,1.649999976158142
2016-01-07,1107.699951171875,14.335000038146973,876.4000244140625,2.015500068664551,33.27000045776367,1943.0899658203125,16514.099609375,98.22000122070312,1.0778998136520386,2.1530001163482666,1.6119999885559082
2016-01-08,1097.800048828125,13.907999992370605,877.0999755859375,2.0164999961853027,33.15999984741211,1922.030029296875,16346.4501953125,98.54000091552734,1.0925976037979126,2.130000114440918,1.5779999494552612
2016-01-11,1096.5,13.854999542236328,845.0,1.9674999713897705,31.40999984741211,1923.6700439453125,16398.5703125,98.7300033569336,1.0941038131713867,2.1579999923706055,1.5759999752044678
2016-01-12,1085.5999755859375,13.739999771118164,837.5,1.9529999494552612,30.440000534057617,1938.6800537109375,16516.220703125,98.97000122070312,1.0857999324798584,2.1019999980926514,1.5369999408721924
2016-01-13,1087.5,14.145000457763672,850.2000122070312,1.9505000114440918,30.479999542236328,1890.280029296875,16151.41015625,98.93000030517578,1.0843987464904785,2.065999984741211,1.5089999437332153
2016-01-14,1073.9000244140625,13.737000465393066,834.0,1.9709999561309814,31.200000762939453,1921.8399658203125,16379.0498046875,99.08999633789062,1.0886012315750122,2.0980000495910645,1.5190000534057617
2016-01-15,1091.5,13.883999824523926,825.7000122070312,1.9394999742507935,29.420000076293945,1880.3299560546875,15988.080078125,98.95999908447266,1.085894227027893,2.0329999923706055,1.4529999494552612
2016-01-19,1089.9000244140625,14.109999656677246,828.7000122070312,1.9735000133514404,28.459999084472656,1881.3299560546875,16016.01953125,98.98999786376953,1.0895025730133057,2.0350000858306885,1.4709999561309814
2016-01-20,1107.0999755859375,14.147000312805176,817.9000244140625,1.9559999704360962,26.549999237060547,1859.3299560546875,15766.740234375,99.08999633789062,1.09129798412323,1.9839999675750732,1.4170000553131104
2016-01-21,1099.0999755859375,14.083000183105469,818.0999755859375,1.9930000305175781,29.530000686645508,1868.989990234375,15882.6796875,99.05999755859375,1.0877013206481934,2.0190000534057617,1.434000015258789
2016-01-22,1097.199951171875,14.043000221252441,829.7000122070312,1.9984999895095825,32.189998626708984,1906.9000244140625,16093.509765625,99.56999969482422,1.0862009525299072,2.0480000972747803,1.475000023841858
2016-01-25,1106.199951171875,14.239999771118164,859.7000122070312,1.9954999685287476,30.34000015258789,1877.0799560546875,15885.2197265625,99.36000061035156,1.079901933670044,2.0220000743865967,1.4600000381469727
2016-01-26,1121.699951171875,14.543999671936035,875.2000122070312,2.0339999198913574,31.450000762939453,1903.6300048828125,16167.23046875,99.36000061035156,1.0853049755096436,1.99399995803833,1.4270000457763672
2016-01-27,1116.0999755859375,14.4399995803833,880.4000244140625,2.062999963760376,32.29999923706055,1882.949951171875,15944.4599609375,98.9000015258789,1.0864958763122559,2.000999927520752,1.4199999570846558
2016-01-28,1115.5999755859375,14.215999603271484,865.9000244140625,2.0490000247955322,33.220001220703125,1893.3599853515625,16069.6396484375,98.51000213623047,1.090798020362854,1.9850000143051147,1.4010000228881836
2016-01-29,1116.4000244140625,14.229000091552734,872.2999877929688,2.063999891281128,33.619998931884766,1940.239990234375,16466.30078125,99.61000061035156,1.0936970710754395,1.930999994277954,1.3350000381469727
2016-02-01,1127.9000244140625,14.329000473022461,868.7999877929688,2.051500082015991,31.6200008392334,1939.3800048828125,16449.1796875,99.0,1.0825908184051514,1.965999960899353,1.3830000162124634
2016-02-02,1127.300048828125,14.276000022888184,854.4000244140625,2.052000045776367,29.8799991607666,1903.030029296875,16153.5400390625,98.87000274658203,1.0897282361984253,1.8639999628067017,1.281000018119812
2016-02-03,1141.300048828125,14.720000267028809,878.7999877929688,2.0920000076293945,32.279998779296875,1912.530029296875,16336.66015625,97.29000091552734,1.0922038555145264,1.88100004196167,1.2730000019073486
2016-02-04,1157.5999755859375,14.836000442504883,904.4000244140625,2.128000020980835,31.719999313354492,1915.449951171875,16416.580078125,96.47000122070312,1.1091023683547974,1.8639999628067017,1.25
2016-02-05,1157.800048828125,14.763999938964844,902.0,2.1005001068115234,30.889999389648438,1880.050048828125,16204.9697265625,97.02999877929688,1.119996428489685,1.8480000495910645,1.25
2016-02-08,1197.9000244140625,15.416000366210938,927.0,2.0885000228881836,29.690000534057617,1853.43994140625,16027.0498046875,96.56999969482422,1.114504098892212,1.7350000143051147,1.149999976158142
2016-02-09,1198.699951171875,15.444000244140625,937.7000122070312,2.0385000705718994,27.940000534057617,1852.2099609375,16014.3798828125,96.06999969482422,1.1189812421798706,1.7289999723434448,1.1549999713897705
2016-02-10,1194.699951171875,15.277000427246094,933.2999877929688,2.0250000953674316,27.450000762939453,1851.8599853515625,15914.740234375,95.88999938964844,1.1289994716644287,1.7050000429153442,1.1460000276565552
2016-02-11,1247.9000244140625,15.788999557495117,962.4000244140625,2.003999948501587,26.209999084472656,1829.0799560546875,15660.1796875,95.55999755859375,1.128095269203186,1.6440000534057617,1.1080000400543213
2016-02-12,1239.0999755859375,15.78499984741211,957.2999877929688,2.0269999504089355,29.440000534057617,1864.780029296875,15973.83984375,95.9800033569336,1.1317979097366333,1.7480000257492065,1.1990000009536743
2016-02-16,1207.9000244140625,15.329000473022461,936.7000122070312,2.0490000247955322,29.040000915527344,1895.5799560546875,16196.41015625,96.87000274658203,1.1174057722091675,1.777999997138977,1.218999981880188
2016-02-17,1211.0999755859375,15.371999740600586,948.7999877929688,2.0739998817443848,30.65999984741211,1926.8199462890625,16453.830078125,96.79000091552734,1.1147029399871826,1.819000005722046,1.2640000581741333
2016-02-18,1226.0999755859375,15.427000045776367,944.7000122070312,2.071500062942505,30.770000457763672,1917.8299560546875,16413.4296875,96.94999694824219,1.112297534942627,1.7589999437332153,1.2130000591278076
2016-02-19,1230.4000244140625,15.368000030517578,944.5999755859375,2.075500011444092,29.639999389648438,1917.780029296875,16391.990234375,96.5999984741211,1.1110987663269043,1.7480000257492065,1.2259999513626099
2016-02-22,1209.5,15.178999900817871,926.7999877929688,2.11299991607666,31.479999542236328,1945.5,16620.66015625,97.37999725341797,1.1123965978622437,1.7660000324249268,1.2419999837875366
2016-02-23,1222.300048828125,15.234999656677246,942.7000122070312,2.1045000553131104,31.8700008392334,1921.27001953125,16431.779296875,97.4800033569336,1.102803349494934,1.7450000047683716,1.218000054359436
2016-02-24,1238.699951171875,15.291999816894531,943.4000244140625,2.0950000286102295,32.150001525878906,1929.800048828125,16484.990234375,97.45999908447266,1.1027060747146606,1.7419999837875366,1.215000033378601
2016-02-25,1238.199951171875,15.164999961853027,926.0999755859375,2.065000057220459,33.06999969482422,1951.699951171875,16697.2890625,97.29000091552734,1.1013944149017334,1.6970000267028809,1.1510000228881836
2016-02-26,1219.800048828125,14.689000129699707,914.5,2.118000030517578,32.779998779296875,1948.050048828125,16639.970703125,98.1500015258789,1.1024993658065796,1.7619999647140503,1.2400000095367432
2016-02-29,1233.9000244140625,14.895999908447266,933.7000122070312,2.128499984741211,33.75,1932.22998046875,16516.5,98.20999908447266,1.0923947095870972,1.7400000095367432,1.2200000286102295
2016-03-01,1230.300048828125,14.732999801635742,936.0999755859375,2.1414999961853027,34.400001525878906,1978.3499755859375,16865.080078125,98.3499984741211,1.0888975858688354,1.8339999914169312,1.3179999589920044
2016-03-02,1241.0999755859375,15.003000259399414,935.7000122070312,2.177500009536743,34.65999984741211,1986.449951171875,16899.3203125,98.20999908447266,1.0875948667526245,1.8480000495910645,1.347000002861023
2016-03-03,1257.4000244140625,15.130999565124512,942.2000122070312,2.2044999599456787,34.56999969482422,1993.4000244140625,16943.900390625,97.56999969482422,1.086897373199463,1.8300000429153442,1.3309999704360962
2016-03-04,1269.9000244140625,15.680999755859375,985.7999877929688,2.2709999084472656,35.91999816894531,1999.989990234375,17006.76953125,97.33999633789062,1.094894528388977,1.8830000162124634,1.3839999437332153
2016-03-07,1263.199951171875,15.623000144958496,1001.5,2.2804999351501465,37.900001525878906,2001.760009765625,17073.94921875,97.06999969482422,1.0993964672088623,1.9019999504089355,1.4170000553131104
2016-03-08,1262.0999755859375,15.383999824523926,988.9000244140625,2.2184998989105225,36.5,1979.260009765625,16964.099609375,97.20999908447266,1.1016006469726562,1.8320000171661377,1.350000023841858
2016-03-09,1256.5999755859375,15.354999542236328,982.2999877929688,2.2300000190734863,38.290000915527344,1989.260009765625,17000.359375,97.16999816894531,1.1004005670547485,1.8919999599456787,1.3930000066757202
2016-03-10,1272.0,15.545999526977539,977.2000122070312,2.2174999713897705,37.84000015258789,1989.5699462890625,16995.130859375,96.06999969482422,1.0989010334014893,1.9290000200271606,1.4420000314712524
2016-03-11,1258.699951171875,15.607000350952148,969.2000122070312,2.2385001182556152,38.5,2022.18994140625,17213.310546875,96.16999816894531,1.1178430318832397,1.9769999980926514,1.4819999933242798
2016-03-14,1244.4000244140625,15.517999649047852,964.9000244140625,2.236999988555908,37.18000030517578,2019.6400146484375,17229.130859375,96.62000274658203,1.1167943477630615,1.9630000591278076,1.4780000448226929
2016-03-15,1230.4000244140625,15.255000114440918,959.2999877929688,2.2309999465942383,36.34000015258789,2015.9300537109375,17251.529296875,96.62999725341797,1.1101982593536377,1.9589999914169312,1.4880000352859497
2016-03-16,1229.300048828125,15.21399974822998,958.2000122070312,2.2314999103546143,38.459999084472656,2027.219970703125,17325.759765625,95.88999938964844,1.1109012365341187,1.937999963760376,1.4079999923706055
2016-03-17,1264.5,16.02199935913086,988.5999755859375,2.2890000343322754,40.20000076293945,2040.5899658203125,17481.490234375,94.76000213623047,1.1218937635421753,1.902999997138977,1.378999948501587
2016-03-18,1253.800048828125,15.805999755859375,970.0,2.2795000076293945,39.439998626708984,2049.580078125,17602.30078125,94.98999786376953,1.1317979097366333,1.871000051498413,1.3350000381469727
2016-03-21,1243.800048828125,15.840999603271484,981.2999877929688,2.2894999980926514,39.90999984741211,2051.60009765625,17623.869140625,95.29000091552734,1.1279042959213257,1.9229999780654907,1.378999948501587
2016-03-22,1248.199951171875,15.876999855041504,996.2999877929688,2.2844998836517334,41.45000076293945,2049.800048828125,17582.5703125,95.6500015258789,1.1235954761505127,1.934999942779541,1.409000039100647
2016-03-23,1223.699951171875,15.262999534606934,960.2999877929688,2.2304999828338623,39.790000915527344,2036.7099609375,17502.58984375,96.05000305175781,1.122296690940857,1.875,1.3519999980926514
2016-03-24,1221.4000244140625,15.190999984741211,951.9000244140625,2.2244999408721924,39.459999084472656,2035.93994140625,17515.73046875,96.13999938964844,1.118105411529541,1.899999976158142,1.378999948501587
2016-03-28,1219.9000244140625,15.194000244140625,944.2000122070312,2.241499900817871,39.38999938964844,2037.050048828125,17535.390625,95.94000244140625,1.1159967184066772,1.8700000047683716,1.3539999723434448
2016-03-29,1235.5999755859375,15.237000465393066,964.7000122070312,2.2084999084472656,38.279998779296875,2055.010009765625,17633.109375,95.16000366210938,1.1202723979949951,1.8140000104904175,1.277999997138977
2016-03-30,1226.9000244140625,15.206000328063965,964.2999877929688,2.187000036239624,38.31999969482422,2063.949951171875,17716.66015625,94.83999633789062,1.12920343875885,1.8300000429153442,1.2690000534057617
2016-03-31,1234.199951171875,15.460000038146973,976.5999755859375,2.18149995803833,38.34000015258789,2059.739990234375,17685.08984375,94.58999633789062,1.1334655284881592,1.7860000133514404,1.2239999771118164
2016-04-01,1222.199951171875,15.041999816894531,953.5999755859375,2.1610000133514404,36.790000915527344,2072.780029296875,17792.75,94.62000274658203,1.1379671096801758,1.7920000553131104,1.2419999837875366
2016-04-04,1218.0,14.942000389099121,942.5,2.138000011444092,35.70000076293945,2066.1298828125,17737.0,94.51000213623047,1.1390039920806885,1.7790000438690186,1.2239999771118164
2016-04-05,1228.4000244140625,15.11400032043457,950.0,2.134999990463257,35.88999938964844,2045.1700439453125,17603.3203125,94.62999725341797,1.1389002799987793,1.7269999980926514,1.184000015258789
2016-04-06,1222.5,15.052000045776367,942.9000244140625,2.140500068664551,37.75,2066.659912109375,17716.05078125,94.43000030517578,1.138200283050537,1.7549999952316284,1.2000000476837158
2016-04-07,1236.199951171875,15.156000137329102,953.7999877929688,2.07450008392334,37.2599983215332,2041.9100341796875,17541.9609375,94.4800033569336,1.1404979228973389,1.690999984741211,1.1399999856948853
2016-04-08,1242.5,15.381999969482422,967.5,2.0864999294281006,39.720001220703125,2047.5999755859375,17576.9609375,94.23999786376953,1.1373976469039917,1.7200000286102295,1.159000039100647
2016-04-11,1256.699951171875,15.973999977111816,989.4000244140625,2.0885000228881836,40.36000061035156,2041.989990234375,17556.41015625,93.94999694824219,1.1403028964996338,1.7239999771118164,1.1579999923706055
2016-04-12,1259.4000244140625,16.219999313354492,998.5,2.1449999809265137,42.16999816894531,2061.719970703125,17721.25,93.95999908447266,1.141291856765747,1.781000018119812,1.2130000591278076
2016-04-13,1246.800048828125,16.322999954223633,1002.2000122070312,2.1675000190734863,41.7599983215332,2082.419921875,17908.279296875,94.73999786376953,1.138498306274414,1.7619999647140503,1.2109999656677246
2016-04-14,1225.0,16.16900062561035,992.0999755859375,2.1710000038146973,41.5,2082.780029296875,17926.4296875,94.9000015258789,1.1279042959213257,1.781000018119812,1.2389999628067017
2016-04-15,1233.0999755859375,16.30900001525879,988.5,2.1519999504089355,40.36000061035156,2080.72998046875,17897.4609375,94.69999694824219,1.1270017623901367,1.7519999742507935,1.2089999914169312
2016-04-18,1233.5999755859375,16.249000549316406,976.4000244140625,2.1640000343322754,39.779998779296875,2094.340087890625,18004.16015625,94.48999786376953,1.1299946308135986,1.7730000019073486,1.2269999980926514
2016-04-19,1253.0,16.968000411987305,1014.0,2.2230000495910645,41.08000183105469,2100.800048828125,18053.599609375,93.9800033569336,1.1309019327163696,1.7829999923706055,1.25
2016-04-20,1253.199951171875,17.131000518798828,1026.699951171875,2.242000102996826,42.630001068115234,2102.39990234375,18096.26953125,94.48999786376953,1.1359634399414062,1.8539999723434448,1.3220000267028809
2016-04-21,1249.0,17.086000442504883,1030.5999755859375,2.252000093460083,43.18000030517578,2091.47998046875,17982.51953125,94.5999984741211,1.1305055618286133,1.8700000047683716,1.3389999866485596
2016-04-22,1228.699951171875,16.895999908447266,1010.0,2.2690000534057617,43.72999954223633,2091.580078125,18003.75,95.12000274658203,1.12920343875885,1.8880000114440918,1.3569999933242798
2016-04-25,1238.9000244140625,17.0049991607666,1016.7000122070312,2.258500099182129,42.63999938964844,2087.7900390625,17977.240234375,94.83999633789062,1.123406171798706,1.9019999504089355,1.3700000047683716
2016-04-26,1242.199951171875,17.106000900268555,1018.9000244140625,2.248500108718872,44.040000915527344,2091.699951171875,17990.3203125,94.56999969482422,1.1269001960754395,1.930999994277954,1.3949999809265137
2016-04-27,1249.199951171875,17.285999298095703,1024.0999755859375,2.2204999923706055,45.33000183105469,2095.14990234375,18041.55078125,94.38999938964844,1.1299052238464355,1.8600000143051147,1.3359999656677246
2016-04-28,1265.5,17.55299949645996,1048.9000244140625,2.2244999408721924,46.029998779296875,2075.81005859375,17830.759765625,93.76000213623047,1.132900595664978,1.8380000591278076,1.2999999523162842
2016-04-29,1289.199951171875,17.788999557495117,1077.9000244140625,2.2790000438690186,45.91999816894531,2065.300048828125,17773.640625,93.08000183105469,1.135589361190796,1.819000005722046,1.2790000438690186
2016-05-02,1294.699951171875,17.6560001373291,1084.9000244140625,2.2614998817443848,44.779998779296875,2081.429931640625,17891.16015625,92.62999725341797,1.146302580833435,1.8650000095367432,1.3200000524520874
2016-05-03,1290.699951171875,17.474000930786133,1070.0999755859375,2.2144999504089355,43.650001525878906,2063.3701171875,17750.91015625,92.94000244140625,1.1524986028671265,1.7999999523162842,1.2569999694824219
2016-05-04,1273.300048828125,17.277000427246094,1054.4000244140625,2.183000087738037,43.779998779296875,2051.1201171875,17651.259765625,93.18000030517578,1.1504037380218506,1.784000039100647,1.2410000562667847
2016-05-05,1271.4000244140625,17.302000045776367,1063.199951171875,2.1510000228881836,44.31999969482422,2050.6298828125,17660.7109375,93.77999877929688,1.1493064165115356,1.746999979019165,1.2079999446868896
2016-05-06,1292.9000244140625,17.506999969482422,1083.699951171875,2.1510000228881836,44.65999984741211,2057.139892578125,17740.630859375,93.88999938964844,1.1406019926071167,1.7790000438690186,1.2350000143051147
2016-05-09,1265.5999755859375,17.06999969482422,1045.699951171875,2.1040000915527344,43.439998626708984,2058.68994140625,17705.91015625,94.1500015258789,1.1387965679168701,1.7599999904632568,1.2009999752044678
2016-05-10,1263.9000244140625,17.075000762939453,1048.5,2.0899999141693115,44.65999984741211,2084.389892578125,17928.349609375,94.29000091552734,1.1387965679168701,1.7599999904632568,1.2059999704360962
2016-05-11,1274.5999755859375,17.302000045776367,1064.4000244140625,2.1010000705718994,46.22999954223633,2064.4599609375,17711.119140625,93.81999969482422,1.1374363899230957,1.7369999885559082,1.2000000476837158
2016-05-12,1270.300048828125,17.086999893188477,1052.5,2.072999954223633,46.70000076293945,2064.110107421875,17720.5,94.13999938964844,1.142700433731079,1.7569999694824219,1.2400000095367432
2016-05-13,1271.9000244140625,17.114999771118164,1051.9000244140625,2.075000047683716,46.209999084472656,2046.6099853515625,17535.3203125,94.61000061035156,1.1376951932907104,1.7050000429153442,1.2089999914169312
2016-05-16,1273.4000244140625,17.142000198364258,1053.0999755859375,2.0910000801086426,47.720001220703125,2066.659912109375,17710.7109375,94.56999969482422,1.1316953897476196,1.753000020980835,1.2619999647140503
2016-05-17,1276.199951171875,17.235000610351562,1053.699951171875,2.0920000076293945,48.310001373291016,2047.2099609375,17529.98046875,94.55000305175781,1.1316057443618774,1.7589999437332153,1.284000039100647
2016-05-18,1273.699951171875,17.1200008392334,1042.0,2.0815000534057617,48.189998626708984,2047.6300048828125,17526.619140625,95.08000183105469,1.1316057443618774,1.8799999952316284,1.4079999923706055
2016-05-19,1254.199951171875,16.479000091552734,1012.5,2.062999963760376,48.15999984741211,2040.0400390625,17435.400390625,95.29000091552734,1.122296690940857,1.8450000286102295,1.3730000257492065
2016-05-20,1252.4000244140625,16.518999099731445,1022.5,2.058500051498413,47.75,2052.320068359375,17500.939453125,95.30999755859375,1.1205987930297852,1.8489999771118164,1.371999979019165
2016-05-23,1251.0999755859375,16.40999984741211,1012.2999877929688,2.057499885559082,48.08000183105469,2048.0400390625,17492.9296875,95.2300033569336,1.1221708059310913,1.8380000591278076,1.3730000257492065
2016-05-24,1228.9000244140625,16.238000869750977,1003.7000122070312,2.069499969482422,48.619998931884766,2076.06005859375,17706.05078125,95.56999969482422,1.121604323387146,1.8589999675750732,1.3960000276565552
2016-05-25,1223.5,16.2549991607666,994.2000122070312,2.1050000190734863,49.560001373291016,2090.5400390625,17851.509765625,95.3499984741211,1.113796591758728,1.8700000047683716,1.4049999713897705
2016-05-26,1220.0999755859375,16.33799934387207,995.2999877929688,2.1064999103546143,49.47999954223633,2090.10009765625,17828.2890625,95.16999816894531,1.1158970594406128,1.8229999542236328,1.343000054359436
2016-05-31,1214.800048828125,15.972000122070312,978.7000122070312,2.0975000858306885,49.099998474121094,2096.949951171875,17787.19921875,95.88999938964844,1.1148396730422974,1.8339999914169312,1.3589999675750732
2016-06-01,1211.9000244140625,15.906000137329102,970.2000122070312,2.072499990463257,49.0099983215332,2099.330078125,17789.669921875,95.45999908447266,1.113598108291626,1.8459999561309814,1.3849999904632568
2016-06-02,1209.800048828125,16.0049991607666,958.4000244140625,2.069499969482422,49.16999816894531,2105.260009765625,17838.560546875,95.55999755859375,1.1189061403274536,1.8109999895095825,1.3600000143051147
2016-06-03,1240.0999755859375,16.34600067138672,980.9000244140625,2.111999988555908,48.619998931884766,2099.1298828125,17807.060546875,94.02999877929688,1.115200161933899,1.7039999961853027,1.2319999933242798
2016-06-06,1244.5999755859375,16.42799949645996,995.5,2.117000102996826,49.689998626708984,2109.409912109375,17920.330078125,93.9000015258789,1.1350995302200317,1.7230000495910645,1.2369999885559082
2016-06-07,1244.4000244140625,16.37700080871582,998.4000244140625,2.0510001182556152,50.36000061035156,2112.1298828125,17938.279296875,93.83000183105469,1.1364023685455322,1.7130000591278076,1.2289999723434448
2016-06-08,1259.800048828125,16.968000411987305,1011.2999877929688,2.0625,51.22999954223633,2119.1201171875,18005.05078125,93.58999633789062,1.1357828378677368,1.7059999704360962,1.2339999675750732
2016-06-09,1270.199951171875,17.253000259399414,1003.4000244140625,2.0399999618530273,50.560001373291016,2115.47998046875,17985.189453125,94.0999984741211,1.140706181526184,1.6799999475479126,1.2130000591278076
2016-06-10,1273.4000244140625,17.315000534057617,993.7999877929688,2.0315001010894775,49.06999969482422,2096.070068359375,17865.33984375,94.5999984741211,1.1315033435821533,1.6390000581741333,1.1660000085830688
2016-06-13,1284.4000244140625,17.42799949645996,994.9000244140625,2.057499885559082,48.880001068115234,2079.06005859375,17732.48046875,94.37000274658203,1.1239995956420898,1.6160000562667847,1.13100004196167
2016-06-14,1285.5999755859375,17.40999984741211,971.5,2.0445001125335693,48.4900016784668,2075.320068359375,17674.8203125,94.93000030517578,1.1291015148162842,1.6109999418258667,1.13100004196167
2016-06-15,1285.800048828125,17.48900032043457,974.4000244140625,2.0934998989105225,48.0099983215332,2071.5,17640.169921875,94.61000061035156,1.1213024854660034,1.5959999561309814,1.0989999771118164
2016-06-16,1296.0999755859375,17.5939998626709,977.9000244140625,2.049999952316284,46.209999084472656,2077.989990234375,17733.099609375,94.56999969482422,1.1262656450271606,1.5640000104904175,1.0779999494552612
2016-06-17,1292.5,17.399999618530273,965.7000122070312,2.052500009536743,47.97999954223633,2071.219970703125,17675.16015625,94.20999908447266,1.1252011060714722,1.6180000305175781,1.121000051498413
2016-06-20,1290.0,17.503000259399414,986.7999877929688,2.0934998989105225,49.369998931884766,2083.25,17804.869140625,93.61000061035156,1.13490629196167,1.6699999570846558,1.1629999876022339
2016-06-21,1270.5,17.31100082397461,981.0999755859375,2.116499900817871,48.849998474121094,2088.89990234375,17829.73046875,94.0199966430664,1.1322976350784302,1.6970000267028809,1.194000005722046
2016-06-22,1268.0,17.30500030517578,983.0999755859375,2.135499954223633,49.130001068115234,2085.449951171875,17780.830078125,93.72000122070312,1.1250618696212769,1.684999942779541,1.2029999494552612
2016-06-23,1261.199951171875,17.347999572753906,965.9000244140625,2.1635000705718994,50.11000061035156,2113.320068359375,18011.0703125,93.52999877929688,1.1328235864639282,1.7389999628067017,1.253999948501587
2016-06-24,1320.0,17.78499984741211,986.7000122070312,2.111999988555908,47.63999938964844,2037.4100341796875,17400.75,95.44999694824219,1.1324002742767334,1.5789999961853027,1.093999981880188
2016-06-27,1322.5,17.739999771118164,978.7999877929688,2.126499891281128,46.33000183105469,2000.5400390625,17140.240234375,96.54000091552734,1.103594422340393,1.4600000381469727,1.0010000467300415
2016-06-28,1315.300048828125,17.839000701904297,978.5,2.1700000762939453,47.849998474121094,2036.0899658203125,17409.720703125,96.25,1.1015034914016724,1.4609999656677246,1.0010000467300415
2016-06-29,1323.9000244140625,18.36199951171875,1011.2999877929688,2.183500051498413,49.880001068115234,2070.77001953125,17694.6796875,95.7699966430664,1.1073951721191406,1.4769999980926514,1.0240000486373901
2016-06-30,1318.4000244140625,18.582000732421875,1021.5,2.194499969482422,48.33000183105469,2098.860107421875,17929.990234375,96.13999938964844,1.1128050088882446,1.4880000352859497,1.0110000371932983
2016-07-01,1336.699951171875,19.54400062561035,1054.699951171875,2.2149999141693115,48.9900016784668,2102.949951171875,17949.369140625,95.6500015258789,1.1106051206588745,1.4559999704360962,1.003999948501587
2016-07-05,1356.4000244140625,19.865999221801758,1072.4000244140625,2.18149995803833,46.599998474121094,2088.550048828125,17840.619140625,96.16999816894531,1.1146035194396973,1.3669999837875366,0.9380000233650208
2016-07-06,1364.9000244140625,20.15999984741211,1086.9000244140625,2.1514999866485596,47.43000030517578,2099.72998046875,17918.619140625,96.05999755859375,1.1065007448196411,1.3849999904632568,0.9620000123977661
2016-07-07,1360.0999755859375,19.79800033569336,1091.0999755859375,2.122499942779541,45.13999938964844,2097.89990234375,17895.880859375,96.33000183105469,1.1099025011062622,1.3869999647140503,0.9589999914169312
2016-07-08,1356.5999755859375,20.058000564575195,1097.0,2.118499994277954,45.40999984741211,2129.89990234375,18146.740234375,96.30000305175781,1.1065741777420044,1.3660000562667847,0.9520000219345093
2016-07-11,1355.0,20.263999938964844,1104.699951171875,2.1470000743865967,44.7599983215332,2137.159912109375,18226.9296875,96.56999969482422,1.1043988466262817,1.434000015258789,1.024999976158142
2016-07-12,1334.0999755859375,20.1299991607666,1094.4000244140625,2.2109999656677246,46.79999923706055,2152.139892578125,18347.669921875,96.44000244140625,1.1058032512664795,1.5130000114440918,1.0829999446868896
2016-07-13,1342.4000244140625,20.3700008392334,1096.699951171875,2.23799991607666,44.75,2152.429931640625,18372.119140625,96.22000122070312,1.1062926054000854,1.468000054359436,1.0549999475479126
2016-07-14,1331.300048828125,20.2810001373291,1100.9000244140625,2.240999937057495,45.68000030517578,2163.75,18506.41015625,96.08000183105469,1.1094961166381836,1.531000018119812,1.090999960899353
2016-07-15,1326.5,20.125,1090.5,2.2304999828338623,45.95000076293945,2161.739990234375,18516.55078125,96.58000183105469,1.1106051206588745,1.593999981880188,1.1449999809265137
2016-07-18,1328.4000244140625,20.04400062561035,1098.5,2.2339999675750732,45.2400016784668,2166.889892578125,18533.05078125,96.55999755859375,1.1053143739700317,1.5870000123977661,1.1299999952316284
2016-07-19,1331.5,19.975000381469727,1094.699951171875,2.2614998817443848,44.650001525878906,2163.780029296875,18559.009765625,97.05000305175781,1.1071866750717163,1.5579999685287476,1.1119999885559082
2016-07-20,1318.800048828125,19.582000732421875,1087.5999755859375,2.252000093460083,44.939998626708984,2173.02001953125,18595.029296875,97.19999694824219,1.1013579368591309,1.5800000429153442,1.1380000114440918
2016-07-21,1330.5,19.784000396728516,1105.199951171875,2.25600004196167,44.75,2165.169921875,18517.23046875,97.0,1.1019526720046997,1.565000057220459,1.1019999980926514
2016-07-22,1323.0999755859375,19.656999588012695,1085.5999755859375,2.2339999675750732,44.189998626708984,2175.030029296875,18570.849609375,97.47000122070312,1.1032899618148804,1.5700000524520874,1.1200000047683716
2016-07-25,1319.300048828125,19.614999771118164,1085.0,2.2160000801086426,43.130001068115234,2168.47998046875,18493.060546875,97.29000091552734,1.097044587135315,1.5709999799728394,1.1360000371932983
2016-07-26,1320.699951171875,19.655000686645508,1096.4000244140625,2.2249999046325684,42.91999816894531,2169.179931640625,18473.75,97.16000366210938,1.0991184711456299,1.562999963760376,1.1380000114440918
2016-07-27,1326.5999755859375,19.96500015258789,1125.0,2.184999942779541,41.91999816894531,2166.580078125,18472.169921875,97.05000305175781,1.0987803936004639,1.5149999856948853,1.1009999513626099
2016-07-28,1332.300048828125,20.15999984741211,1135.5999755859375,2.2060000896453857,41.13999938964844,2170.06005859375,18456.349609375,96.73999786376953,1.1073460578918457,1.5110000371932983,1.093999981880188
2016-07-29,1349.0,20.312000274658203,1147.300048828125,2.2204999923706055,41.599998474121094,2173.60009765625,18432.240234375,95.52999877929688,1.108438491821289,1.4579999446868896,1.0329999923706055
2016-08-01,1351.4000244140625,20.46500015258789,1160.0,2.196500062942505,40.060001373291016,2170.840087890625,18404.509765625,95.70999908447266,1.1168068647384644,1.496000051498413,1.0529999732971191
2016-08-02,1364.4000244140625,20.666000366210938,1168.800048828125,2.2065000534057617,39.5099983215332,2157.030029296875,18313.76953125,95.05999755859375,1.1168068647384644,1.5369999408721924,1.0750000476837158
2016-08-03,1356.0999755859375,20.43600082397461,1166.9000244140625,2.196000099182129,40.83000183105469,2163.7900390625,18355.0,95.55999755859375,1.1219062805175781,1.5420000553131104,1.0700000524520874
2016-08-04,1358.800048828125,20.4060001373291,1161.9000244140625,2.1740000247955322,41.93000030517578,2164.25,18352.05078125,95.76000213623047,1.1151504516601562,1.503000020980835,1.027999997138977
2016-08-05,1336.4000244140625,19.780000686645508,1148.0,2.1530001163482666,41.79999923706055,2182.8701171875,18543.529296875,96.19000244140625,1.1134741306304932,1.5820000171661377,1.1299999952316284
2016-08-08,1333.4000244140625,19.76799964904785,1152.0,2.1640000343322754,43.02000045776367,2180.889892578125,18529.2890625,96.4000015258789,1.1089547872543335,1.5829999446868896,1.1380000114440918
2016-08-09,1339.0,19.81399917602539,1156.5,2.1494998931884766,42.77000045776367,2181.739990234375,18533.05078125,96.18000030517578,1.1083648204803467,1.5449999570846558,1.1069999933242798
2016-08-10,1344.300048828125,20.134000778198242,1180.5999755859375,2.1705000400543213,41.709999084472656,2175.489990234375,18495.66015625,95.6500015258789,1.111580491065979,1.5089999437332153,1.0700000524520874
2016-08-11,1342.5,19.983999252319336,1154.199951171875,2.190000057220459,43.4900016784668,2185.7900390625,18613.51953125,95.86000061035156,1.1186434030532837,1.5729999542236328,1.1510000228881836
2016-08-12,1335.800048828125,19.672000885009766,1126.800048828125,2.140500068664551,44.4900016784668,2184.050048828125,18576.470703125,95.72000122070312,1.113908290863037,1.5149999856948853,1.1009999513626099
2016-08-15,1340.300048828125,19.820999145507812,1113.800048828125,2.1514999866485596,45.7400016784668,2190.14990234375,18636.05078125,95.62999725341797,1.1166945695877075,1.5529999732971191,1.1299999952316284
2016-08-16,1350.5,19.847999572753906,1121.800048828125,2.171999931335449,46.58000183105469,2178.14990234375,18552.01953125,94.79000091552734,1.1184055805206299,1.5759999752044678,1.1579999923706055
2016-08-17,1342.699951171875,19.62700080871582,1112.5,2.1519999504089355,46.790000915527344,2182.219970703125,18573.939453125,94.72000122070312,1.1275991201400757,1.5609999895095825,1.1480000019073486
2016-08-18,1351.199951171875,19.719999313354492,1131.0,2.1670000553131104,48.220001220703125,2187.02001953125,18597.69921875,94.16000366210938,1.1298924684524536,1.5360000133514404,1.1139999628067017
2016-08-19,1340.4000244140625,19.301000595092773,1116.199951171875,2.1665000915527344,48.52000045776367,2183.8701171875,18552.5703125,94.51000213623047,1.1349449157714844,1.5779999494552612,1.1629999876022339
2016-08-22,1337.699951171875,18.843000411987305,1106.5,2.140000104904175,47.04999923706055,2182.639892578125,18529.419921875,94.5199966430664,1.1298158168792725,1.5390000343322754,1.1330000162124634
2016-08-23,1340.5999755859375,18.90999984741211,1108.800048828125,2.115000009536743,48.099998474121094,2186.89990234375,18547.30078125,94.54000091552734,1.1319260597229004,1.5529999732971191,1.1430000066757202
2016-08-24,1324.4000244140625,18.545000076293945,1079.699951171875,2.0759999752044678,46.77000045776367,2175.43994140625,18481.48046875,94.79000091552734,1.1300839185714722,1.559000015258789,1.1430000066757202
2016-08-25,1320.0999755859375,18.47800064086914,1074.5,2.075500011444092,47.33000183105469,2172.469970703125,18448.41015625,94.7699966430664,1.1263798475265503,1.5770000219345093,1.156999945640564
2016-08-26,1321.5,18.645000457763672,1075.199951171875,2.075000047683716,47.63999938964844,2169.0400390625,18395.400390625,95.56999969482422,1.1290504932403564,1.6349999904632568,1.2410000562667847
2016-08-29,1322.9000244140625,18.761999130249023,1078.300048828125,2.072499990463257,46.97999954223633,2180.3798828125,18502.990234375,95.58000183105469,1.1199462413787842,1.565999984741211,1.1770000457763672
2016-08-30,1311.699951171875,18.57699966430664,1053.800048828125,2.069000005722046,46.349998474121094,2176.1201171875,18454.30078125,96.05000305175781,1.1192818880081177,1.5700000524520874,1.1820000410079956
2016-08-31,1306.9000244140625,18.621999740600586,1050.800048828125,2.069499969482422,44.70000076293945,2170.949951171875,18400.880859375,96.0199966430664,1.1153244972229004,1.5679999589920044,1.1799999475479126
2016-09-01,1312.199951171875,18.85700035095215,1046.199951171875,2.06850004196167,43.15999984741211,2170.860107421875,18419.30078125,95.6500015258789,1.116071343421936,1.5700000524520874,1.1820000410079956
2016-09-02,1322.0999755859375,19.275999069213867,1059.5,2.071500062942505,44.439998626708984,2179.97998046875,18491.9609375,95.87999725341797,1.1200717687606812,1.5959999561309814,1.190000057220459
2016-09-06,1349.4000244140625,20.048999786376953,1100.0,2.0840001106262207,44.83000183105469,2186.47998046875,18538.119140625,94.81999969482422,1.1153244972229004,1.5429999828338623,1.121999979019165
2016-09-07,1344.300048828125,19.759000778198242,1091.199951171875,2.0929999351501465,45.5,2186.159912109375,18526.140625,94.95999908447266,1.1253657341003418,1.5410000085830688,1.1230000257492065
2016-09-08,1336.800048828125,19.590999603271484,1083.0999755859375,2.0959999561309814,47.619998931884766,2181.300048828125,18479.91015625,95.02999877929688,1.1241008043289185,1.6160000562667847,1.190000057220459
2016-09-09,1330.0999755859375,19.281999588012695,1065.9000244140625,2.0885000228881836,45.880001068115234,2127.81005859375,18085.44921875,95.33999633789062,1.1271415948867798,1.6720000505447388,1.2230000495910645
2016-09-12,1321.0,18.915000915527344,1041.300048828125,2.0959999561309814,46.290000915527344,2159.0400390625,18325.0703125,95.0999984741211,1.1241133213043213,1.6720000505447388,1.2029999494552612
2016-09-13,1319.0,18.889999389648438,1034.4000244140625,2.0954999923706055,44.900001525878906,2127.02001953125,18066.75,95.62999725341797,1.1243535280227661,1.7339999675750732,1.253999948501587
2016-09-14,1321.5,18.98200035095215,1039.300048828125,2.1480000019073486,43.58000183105469,2125.77001953125,18034.76953125,95.33000183105469,1.12186861038208,1.6890000104904175,1.1979999542236328
2016-09-15,1313.5,18.958999633789062,1032.199951171875,2.1519999504089355,43.90999984741211,2147.260009765625,18212.48046875,95.29000091552734,1.1247328519821167,1.7029999494552612,1.1890000104904175
2016-09-16,1305.800048828125,18.7810001373291,1016.0,2.1514999866485596,43.029998779296875,2139.159912109375,18123.80078125,96.11000061035156,1.124593734741211,1.7009999752044678,1.2100000381469727
2016-09-19,1313.5,19.20599937438965,1022.0999755859375,2.1489999294281006,43.29999923706055,2139.1201171875,18120.169921875,95.83999633789062,1.1158473491668701,1.6959999799728394,1.2070000171661377
2016-09-20,1313.699951171875,19.19499969482422,1030.5,2.1554999351501465,43.439998626708984,2139.760009765625,18129.9609375,96.0199966430664,1.118067979812622,1.687999963760376,1.2000000476837158
2016-09-21,1326.9000244140625,19.68600082397461,1047.5,2.1449999809265137,45.34000015258789,2163.1201171875,18293.69921875,95.66000366210938,1.1153992414474487,1.6679999828338623,1.2000000476837158
2016-09-22,1340.4000244140625,20.020000457763672,1062.4000244140625,2.1875,46.31999969482422,2177.179931640625,18392.4609375,95.44999694824219,1.1193194389343262,1.6319999694824219,1.1740000247955322
2016-09-23,1337.199951171875,19.732999801635742,1056.5999755859375,2.192500114440918,44.47999954223633,2164.68994140625,18261.44921875,95.4800033569336,1.1210134029388428,1.6150000095367432,1.152999997138977
2016-09-26,1339.699951171875,19.516000747680664,1042.5,2.190000057220459,45.93000030517578,2146.10009765625,18094.830078125,95.30999755859375,1.123923897743225,1.5889999866485596,1.1269999742507935
2016-09-27,1325.9000244140625,19.086999893188477,1024.800048828125,2.1614999771118164,44.66999816894531,2159.929931640625,18228.30078125,95.44000244140625,1.124985933303833,1.555999994277954,1.1119999885559082
2016-09-28,1319.4000244140625,19.04400062561035,1021.9000244140625,2.179500102996826,47.04999923706055,2171.3701171875,18339.240234375,95.43000030517578,1.121956706047058,1.5670000314712524,1.1299999952316284
2016-09-29,1321.699951171875,19.114999771118164,1030.800048828125,2.180999994277954,47.83000183105469,2151.1298828125,18143.44921875,95.54000091552734,1.1224982738494873,1.5570000410079956,1.1150000095367432
2016-09-30,1313.300048828125,19.138999938964844,1028.5999755859375,2.2019999027252197,48.2400016784668,2168.27001953125,18308.150390625,95.45999908447266,1.121956706047058,1.6080000400543213,1.156000018119812
2016-10-03,1309.0,18.795000076293945,1003.7000122070312,2.183500051498413,48.810001373291016,2161.199951171875,18253.849609375,95.75,1.1234692335128784,1.621999979019165,1.1829999685287476
2016-10-04,1266.300048828125,17.71299934387207,984.7000122070312,2.1584999561309814,48.689998626708984,2150.489990234375,18168.44921875,96.12000274658203,1.121038556098938,1.6829999685287476,1.2269999980926514
2016-10-05,1265.199951171875,17.634000778198242,972.2999877929688,2.1559998989105225,49.83000183105469,2159.72998046875,18281.029296875,96.12999725341797,1.121076226234436,1.715999960899353,1.25600004196167
2016-10-06,1249.800048828125,17.288000106811523,962.2999877929688,2.1480000019073486,50.439998626708984,2160.77001953125,18268.5,96.66000366210938,1.120824933052063,1.7419999837875366,1.2829999923706055
2016-10-07,1248.9000244140625,17.323999404907227,958.7999877929688,2.1565001010894775,49.810001373291016,2153.739990234375,18240.490234375,96.5199966430664,1.1144545078277588,1.7359999418258667,1.2699999809265137
2016-10-11,1253.0,17.45599937438965,945.7999877929688,2.178499937057495,50.790000915527344,2136.72998046875,18128.66015625,97.69999694824219,1.1140819787979126,1.7589999437332153,1.2940000295639038
2016-10-12,1251.0999755859375,17.454999923706055,938.4000244140625,2.1695001125335693,50.18000030517578,2139.179931640625,18144.19921875,97.97000122070312,1.1061947345733643,1.777999997138977,1.3040000200271606
2016-10-13,1255.0,17.40999984741211,928.9000244140625,2.115000009536743,50.439998626708984,2132.550048828125,18098.939453125,97.5199966430664,1.1011881828308105,1.7380000352859497,1.253999948501587
2016-10-14,1253.0999755859375,17.39299964904785,935.9000244140625,2.1034998893737793,50.349998474121094,2132.97998046875,18138.380859375,98.0199966430664,1.1049723625183105,1.7940000295639038,1.281999945640564
2016-10-17,1254.4000244140625,17.426000595092773,932.7000122070312,2.0994999408721924,49.939998626708984,2126.5,18086.400390625,97.88999938964844,1.0967799425125122,1.7660000324249268,1.25600004196167
2016-10-18,1260.800048828125,17.590999603271484,943.0,2.0980000495910645,50.290000915527344,2139.60009765625,18161.939453125,97.9000015258789,1.1015641689300537,1.7489999532699585,1.2339999675750732
2016-10-19,1267.9000244140625,17.615999221801758,940.0999755859375,2.0969998836517334,51.599998474121094,2144.2900390625,18202.619140625,97.87000274658203,1.0976948738098145,1.7519999742507935,1.2339999675750732
2016-10-20,1265.5999755859375,17.50200080871582,931.2000122070312,2.0905001163482666,50.43000030517578,2141.340087890625,18162.349609375,98.31999969482422,1.0975141525268555,1.746999979019165,1.2430000305175781
2016-10-21,1265.9000244140625,17.447999954223633,928.5999755859375,2.0834999084472656,50.849998474121094,2141.159912109375,18145.7109375,98.69999694824219,1.0930395126342773,1.7400000095367432,1.2450000047683716
2016-10-24,1262.0,17.562000274658203,935.4000244140625,2.0875000953674316,50.52000045776367,2151.330078125,18223.029296875,98.66999816894531,1.0882576704025269,1.7630000114440918,1.2690000534057617
2016-10-25,1271.9000244140625,17.736000061035156,961.9000244140625,2.132499933242798,49.959999084472656,2143.159912109375,18169.26953125,98.72000122070312,1.0875475406646729,1.7580000162124634,1.2760000228881836
2016-10-26,1264.800048828125,17.584999084472656,960.5,2.1394999027252197,49.18000030517578,2139.429931640625,18199.330078125,98.62999725341797,1.0887316465377808,1.7899999618530273,1.3020000457763672
2016-10-27,1267.9000244140625,17.604000091552734,961.7000122070312,2.1654999256134033,49.720001220703125,2133.0400390625,18169.6796875,98.88999938964844,1.091202735900879,1.843000054359436,1.3380000591278076
2016-10-28,1275.5,17.761999130249023,978.2000122070312,2.188499927520752,48.70000076293945,2126.409912109375,18161.189453125,98.3499984741211,1.0900371074676514,1.8450000286102295,1.3229999542236328
2016-10-31,1271.5,17.761999130249023,975.7999877929688,2.200500011444092,46.86000061035156,2126.14990234375,18142.419921875,98.44999694824219,1.0984665155410767,1.8339999914169312,1.312999963760376
2016-11-01,1286.4000244140625,18.385000228881836,995.0999755859375,2.2244999408721924,46.66999816894531,2111.719970703125,18037.099609375,97.69999694824219,1.0973334312438965,1.8200000524520874,1.2860000133514404
2016-11-02,1306.800048828125,18.65999984741211,998.2000122070312,2.2260000705718994,45.34000015258789,2097.93994140625,17959.640625,97.4000015258789,1.1057054996490479,1.7990000247955322,1.2610000371932983
2016-11-03,1302.0999755859375,18.382999420166016,991.5999755859375,2.244499921798706,44.65999984741211,2088.659912109375,17930.669921875,97.16000366210938,1.1097548007965088,1.812000036239624,1.2630000114440918
2016-11-04,1303.300048828125,18.341999053955078,1001.7000122070312,2.260999917984009,44.06999969482422,2085.179931640625,17888.279296875,97.06999969482422,1.1102476119995117,1.7829999923706055,1.24399995803833
2016-11-07,1278.300048828125,18.124000549316406,998.5999755859375,2.30649995803833,44.88999938964844,2131.52001953125,18259.599609375,97.77999877929688,1.1101243495941162,1.8279999494552612,1.2910000085830688
2016-11-08,1273.4000244140625,18.329999923706055,1005.7999877929688,2.378999948501587,44.97999954223633,2139.56005859375,18332.740234375,97.86000061035156,1.1052166223526,1.8619999885559082,1.3309999704360962
2016-11-09,1272.5999755859375,18.35700035095215,1000.5,2.4590001106262207,45.27000045776367,2163.260009765625,18589.689453125,98.5,1.1019041538238525,2.072000026702881,1.4739999771118164
2016-11-10,1265.5,18.715999603271484,979.5,2.549499988555908,44.65999984741211,2167.47998046875,18807.880859375,98.79000091552734,1.0920606851577759,2.117000102996826,1.5290000438690186
2016-11-14,1221.199951171875,16.87700080871582,931.7000122070312,2.5185000896453857,43.31999969482422,2164.199951171875,18868.689453125,100.11000061035156,1.0824854373931885,2.2219998836517334,1.6469999551773071
2016-11-15,1224.0,17.02899932861328,932.7999877929688,2.502000093460083,45.810001373291016,2180.389892578125,18923.060546875,100.19000244140625,1.0750375986099243,2.23799991607666,1.6740000247955322
2016-11-16,1223.4000244140625,16.913999557495117,944.5,2.4649999141693115,45.56999969482422,2176.93994140625,18868.140625,100.41000366210938,1.0727311372756958,2.2230000495910645,1.6720000505447388
2016-11-17,1216.5,16.76099967956543,942.5999755859375,2.487499952316284,45.41999816894531,2187.1201171875,18903.8203125,100.88999938964844,1.0706638097763062,2.2760000228881836,1.7130000591278076
2016-11-18,1208.5,16.613000869750977,919.5,2.4639999866485596,45.689998626708984,2181.89990234375,18867.9296875,101.20999908447266,1.062304139137268,2.3350000381469727,1.7769999504089355
2016-11-21,1209.5999755859375,16.511999130249023,933.7000122070312,2.512500047683716,47.4900016784668,2198.179931640625,18956.689453125,101.05000305175781,1.0584250688552856,2.3389999866485596,1.7960000038146973
2016-11-22,1211.0,16.62299919128418,941.4000244140625,2.5425000190734863,48.029998779296875,2202.93994140625,19023.869140625,101.04000091552734,1.0638864040374756,2.321000099182129,1.781000018119812
2016-11-23,1189.0999755859375,16.382999420166016,929.5999755859375,2.6059999465942383,47.959999084472656,2204.719970703125,19083.1796875,101.69999694824219,1.0633772611618042,2.3570001125335693,1.8370000123977661
2016-11-25,1178.199951171875,16.464000701904297,906.7999877929688,2.6670000553131104,46.060001373291016,2213.35009765625,19152.140625,101.48999786376953,1.0561892986297607,2.371999979019165,1.8489999771118164
2016-11-28,1190.5999755859375,16.577999114990234,921.2999877929688,2.6559998989105225,47.08000183105469,2201.719970703125,19097.900390625,101.33000183105469,1.0612331628799438,2.319999933242798,1.8009999990463257
2016-11-29,1187.9000244140625,16.660999298095703,918.9000244140625,2.5950000286102295,45.22999954223633,2204.659912109375,19121.599609375,100.93000030517578,1.062134861946106,2.302000045776367,1.781000018119812
2016-11-30,1170.800048828125,16.4060001373291,908.0999755859375,2.621500015258789,49.439998626708984,2198.81005859375,19123.580078125,101.5,1.0648492574691772,2.368000030517578,1.8339999914169312
2016-12-01,1166.9000244140625,16.427000045776367,909.5999755859375,2.631500005722046,51.060001373291016,2191.080078125,19191.9296875,101.04000091552734,1.0592098236083984,2.440999984741211,1.8930000066757202
2016-12-02,1175.0999755859375,16.753000259399414,931.0,2.615000009536743,51.68000030517578,2191.949951171875,19170.419921875,100.7699966430664,1.0663141012191772,2.390000104904175,1.8289999961853027
2016-12-05,1174.0,16.823999404907227,937.0,2.688999891281128,51.790000915527344,2204.7099609375,19216.240234375,100.13999938964844,1.0582010746002197,2.38700008392334,1.843999981880188
2016-12-06,1167.5999755859375,16.739999771118164,934.0999755859375,2.671999931335449,50.93000030517578,2212.22998046875,19251.779296875,100.48999786376953,1.0757315158843994,2.3959999084472656,1.840999960899353
2016-12-07,1175.0,17.202999114990234,941.7000122070312,2.63700008392334,49.77000045776367,2241.35009765625,19549.619140625,100.2300033569336,1.0720411539077759,2.3469998836517334,1.7979999780654907
2016-12-08,1169.800048828125,17.024999618530273,942.4000244140625,2.619999885559082,50.84000015258789,2246.18994140625,19614.810546875,101.06999969482422,1.0761945247650146,2.38700008392334,1.819000005722046
2016-12-09,1159.4000244140625,16.89699935913086,913.7000122070312,2.6419999599456787,51.5,2259.530029296875,19756.849609375,101.56999969482422,1.062134861946106,2.4639999866485596,1.88100004196167
2016-12-12,1163.5,17.115999221801758,932.5,2.61299991607666,52.83000183105469,2256.9599609375,19796.4296875,100.95999908447266,1.0547411441802979,2.4790000915527344,1.8890000581741333
2016-12-13,1156.699951171875,16.910999298095703,935.5,2.5929999351501465,52.97999954223633,2271.719970703125,19911.2109375,101.02999877929688,1.0641694068908691,2.4809999465942383,1.9119999408721924
2016-12-14,1161.300048828125,17.152000427246094,939.5999755859375,2.5999999046325684,51.040000915527344,2253.280029296875,19792.529296875,102.0,1.062925100326538,2.5250000953674316,1.99399995803833
2016-12-15,1127.800048828125,15.897000312805176,892.4000244140625,2.5959999561309814,50.900001525878906,2262.030029296875,19852.240234375,103.12999725341797,1.051414132118225,2.5799999237060547,2.068000078201294
2016-12-16,1135.300048828125,16.152999877929688,933.0,2.561000108718872,51.900001525878906,2258.070068359375,19843.41015625,102.94999694824219,1.0418837070465088,2.5969998836517334,2.066999912261963
2016-12-19,1140.5,16.025999069213867,916.2000122070312,2.496500015258789,52.119998931884766,2262.530029296875,19883.060546875,103.13999938964844,1.0449975728988647,2.5420000553131104,2.0269999504089355
2016-12-20,1131.5,16.054000854492188,922.9000244140625,2.499500036239624,52.22999954223633,2270.760009765625,19974.619140625,103.29000091552734,1.0405826568603516,2.568000078201294,2.0460000038146973
2016-12-21,1131.0999755859375,15.918000221252441,913.2999877929688,2.491499900817871,52.4900016784668,2265.179931640625,19941.9609375,103.0199966430664,1.039047360420227,2.5460000038146973,2.0290000438690186
2016-12-22,1128.800048828125,15.8149995803833,906.4000244140625,2.494499921798706,52.95000076293945,2260.9599609375,19918.880859375,103.08999633789062,1.0428615808486938,2.552999973297119,2.0360000133514404
2016-12-23,1131.9000244140625,15.704000473022461,892.4000244140625,2.4725000858306885,53.02000045776367,2263.7900390625,19933.810546875,103.01000213623047,1.0437650680541992,2.5429999828338623,2.0299999713897705
2016-12-27,1137.300048828125,15.928999900817871,903.2999877929688,2.507999897003174,53.900001525878906,2268.8798828125,19945.0390625,103.0199966430664,1.0456969738006592,2.562999963760376,2.055000066757202
2016-12-28,1139.4000244140625,15.98799991607666,898.7999877929688,2.494999885559082,54.060001373291016,2249.919921875,19833.6796875,103.26000213623047,1.046233057975769,2.50600004196167,1.9980000257492065
2016-12-29,1156.4000244140625,16.163000106811523,897.7999877929688,2.4790000915527344,53.77000045776367,2249.260009765625,19819.779296875,102.68000030517578,1.0416991710662842,2.4769999980926514,1.9620000123977661
2016-12-30,1150.0,15.935999870300293,901.5999755859375,2.497499942779541,53.720001220703125,2238.830078125,19762.599609375,102.38999938964844,1.0575296878814697,2.446000099182129,1.934000015258789
2017-01-03,1160.4000244140625,16.356000900268555,939.2999877929688,2.4809999465942383,52.33000183105469,2257.830078125,19881.759765625,103.20999908447266,1.0460032224655151,2.450000047683716,1.944000005722046
2017-01-04,1163.800048828125,16.499000549316406,943.2999877929688,2.5480000972747803,53.2599983215332,2270.75,19942.16015625,102.69999694824219,1.0419923067092896,2.4519999027252197,1.9470000267028809
2017-01-05,1179.699951171875,16.583999633789062,972.0999755859375,2.5295000076293945,53.7599983215332,2269.0,19899.2890625,101.5199966430664,1.0500892400741577,2.368000030517578,1.8630000352859497
2017-01-06,1171.9000244140625,16.465999603271484,966.5,2.5380001068115234,53.9900016784668,2276.97998046875,19963.80078125,102.22000122070312,1.0605915784835815,2.4179999828338623,1.9220000505447388
2017-01-09,1183.5,16.6299991607666,978.5,2.5299999713897705,51.959999084472656,2268.89990234375,19887.380859375,101.93000030517578,1.0531858205795288,2.375999927520752,1.88100004196167
2017-01-10,1184.199951171875,16.80299949645996,978.4000244140625,2.6034998893737793,50.81999969482422,2268.89990234375,19855.529296875,102.01000213623047,1.0588620901107788,2.378999948501587,1.878999948501587
2017-01-11,1195.5999755859375,16.783000946044922,972.2000122070312,2.6010000705718994,52.25,2275.320068359375,19954.279296875,101.77999877929688,1.0552419424057007,2.369999885559082,1.8760000467300415
2017-01-12,1198.9000244140625,16.780000686645508,980.9000244140625,2.6605000495910645,53.0099983215332,2270.43994140625,19891.0,101.3499984741211,1.0597710609436035,2.3610000610351562,1.8680000305175781
2017-01-13,1195.300048828125,16.719999313354492,982.4000244140625,2.680500030517578,52.369998931884766,2274.639892578125,19885.73046875,101.18000030517578,1.0616837739944458,2.380000114440918,1.8839999437332153
2017-01-17,1212.0,17.101999282836914,979.0999755859375,2.616499900817871,52.47999954223633,2267.889892578125,19826.76953125,100.33000183105469,1.0602991580963135,2.3269999027252197,1.8259999752044678
2017-01-18,1211.300048828125,17.235000610351562,968.0,2.6080000400543213,51.08000183105469,2271.889892578125,19804.720703125,100.93000030517578,1.0696789026260376,2.3889999389648438,1.8849999904632568
2017-01-19,1200.9000244140625,16.966999053955078,952.7999877929688,2.6015000343322754,51.369998931884766,2263.68994140625,19732.400390625,101.1500015258789,1.062778353691101,2.4590001106262207,1.9529999494552612
2017-01-20,1204.300048828125,16.996999740600586,972.2000122070312,2.617000102996826,52.41999816894531,2271.31005859375,19827.25,100.73999786376953,1.0659730434417725,2.4670000076293945,1.940000057220459
2017-01-23,1215.0,17.149999618530273,976.0999755859375,2.6394999027252197,52.75,2265.199951171875,19799.849609375,100.16000366210938,1.0713750123977661,2.4030001163482666,1.8669999837875366
2017-01-24,1210.300048828125,17.14900016784668,1003.7999877929688,2.700500011444092,53.18000030517578,2280.070068359375,19912.7109375,100.3499984741211,1.0760787725448608,2.4709999561309814,1.937000036239624
2017-01-25,1197.300048828125,16.944000244140625,978.0,2.702500104904175,52.75,2298.3701171875,20068.509765625,100.02999877929688,1.0728693008422852,2.5230000019073486,1.9869999885559082
2017-01-26,1189.5,16.81399917602539,977.9000244140625,2.6659998893737793,53.779998779296875,2296.679931640625,20100.91015625,100.37999725341797,1.0751993656158447,2.507999897003174,1.9620000123977661
2017-01-27,1188.0999755859375,17.100000381469727,979.4000244140625,2.680000066757202,53.16999816894531,2294.68994140625,20093.779296875,100.52999877929688,1.068296194076538,2.4809999465942383,1.940999984741211
2017-01-30,1193.199951171875,17.121999740600586,989.7999877929688,2.6475000381469727,52.630001068115234,2280.89990234375,19971.130859375,100.43000030517578,1.0713980197906494,2.4830000400543213,1.9359999895095825
2017-01-31,1208.5999755859375,17.511999130249023,993.0,2.7214999198913574,52.810001373291016,2278.8701171875,19864.08984375,99.51000213623047,1.0708587169647217,2.4509999752044678,1.9079999923706055
2017-02-01,1205.5999755859375,17.420000076293945,996.2999877929688,2.7044999599456787,53.880001068115234,2279.550048828125,19890.939453125,99.63999938964844,1.0803803205490112,2.4739999771118164,1.9259999990463257
2017-02-02,1216.699951171875,17.402000427246094,996.0999755859375,2.677999973297119,53.540000915527344,2280.85009765625,19884.91015625,99.8499984741211,1.0767391920089722,2.4700000286102295,1.9210000038146973
2017-02-03,1218.5,17.452999114990234,1003.2000122070312,2.609499931335449,53.83000183105469,2297.419921875,20071.4609375,99.87000274658203,1.0761713981628418,2.490999937057495,1.9329999685287476
2017-02-06,1230.0,17.66699981689453,1010.5999755859375,2.6454999446868896,53.0099983215332,2292.56005859375,20052.419921875,99.91000366210938,1.0782949924468994,2.4130001068115234,1.8539999723434448
2017-02-07,1234.199951171875,17.732999801635742,1009.5,2.625999927520752,52.16999816894531,2293.080078125,20090.2890625,100.26000213623047,1.0743216276168823,2.3889999389648438,1.843999981880188
2017-02-08,1237.5999755859375,17.683000564575195,1016.4000244140625,2.6605000495910645,52.34000015258789,2294.669921875,20054.33984375,100.27999877929688,1.0678056478500366,2.3510000705718994,1.815999984741211
2017-02-09,1235.0999755859375,17.719999313354492,1019.2000122070312,2.6480000019073486,53.0,2307.8701171875,20172.400390625,100.6500015258789,1.0692213773727417,2.3949999809265137,1.8700000047683716
2017-02-10,1234.4000244140625,17.91200065612793,1008.7999877929688,2.76200008392334,53.86000061035156,2316.10009765625,20269.369140625,100.80000305175781,1.0658594369888306,2.4089999198913574,1.8869999647140503
2017-02-13,1224.4000244140625,17.804000854492188,998.2000122070312,2.7764999866485596,52.93000030517578,2328.25,20412.16015625,100.95999908447266,1.061954379081726,2.434000015258789,1.9110000133514404
2017-02-14,1223.9000244140625,17.871999740600586,1000.0999755859375,2.7309999465942383,53.20000076293945,2337.580078125,20504.41015625,101.25,1.059849739074707,2.4700000286102295,1.9600000381469727
2017-02-15,1231.699951171875,17.94700050354004,1007.7999877929688,2.7360000610351562,53.11000061035156,2349.25,20611.859375,101.18000030517578,1.0578316450119019,2.502000093460083,2.000999927520752
2017-02-16,1240.0,18.062999725341797,1013.0,2.7160000801086426,53.36000061035156,2347.219970703125,20619.76953125,100.44000244140625,1.0607378482818604,2.450000047683716,1.940999984741211
2017-02-17,1237.5999755859375,18.018999099731445,1003.5,2.7054998874664307,53.400001525878906,2351.159912109375,20624.05078125,100.94999694824219,1.0672245025634766,2.424999952316284,1.909999966621399
2017-02-21,1237.5,17.989999771118164,1003.5,2.745500087738037,54.060001373291016,2365.3798828125,20743.0,101.37000274658203,1.0609403848648071,2.427000045776367,1.9170000553131104
2017-02-22,1232.0,17.941999435424805,1000.5,2.7325000762939453,53.59000015258789,2362.820068359375,20775.599609375,101.33000183105469,1.0542073249816895,2.4179999828338623,1.9119999408721924
2017-02-23,1250.199951171875,18.113000869750977,1009.7999877929688,2.6424999237060547,54.45000076293945,2363.81005859375,20810.3203125,101.05000305175781,1.0554089546203613,2.388000011444092,1.878000020980835
2017-02-24,1256.9000244140625,18.334999084472656,1026.5,2.680000066757202,53.9900016784668,2367.340087890625,20821.759765625,101.08999633789062,1.0584474802017212,2.316999912261963,1.8040000200271606
2017-02-27,1257.4000244140625,18.354000091552734,1037.4000244140625,2.6875,54.04999923706055,2369.75,20837.439453125,101.12999725341797,1.055275321006775,2.36899995803833,1.8700000047683716
2017-02-28,1252.5999755859375,18.420000076293945,1029.5,2.7039999961853027,54.0099983215332,2363.639892578125,20812.240234375,101.12000274658203,1.0584250688552856,2.3580000400543213,1.8799999952316284
2017-03-01,1248.9000244140625,18.44300079345703,1017.4000244140625,2.7265000343322754,53.83000183105469,2395.9599609375,21115.55078125,101.77999877929688,1.0569148063659668,2.4630000591278076,1.9919999837875366
2017-03-02,1231.9000244140625,17.704999923706055,988.4000244140625,2.679500102996826,52.61000061035156,2381.919921875,21002.970703125,102.19999694824219,1.0535852909088135,2.489000082015991,2.0299999713897705
2017-03-03,1225.5,17.69700050354004,992.5999755859375,2.687000036239624,53.33000183105469,2383.1201171875,21005.7109375,101.54000091552734,1.0509721040725708,2.492000102996826,2.0169999599456787
2017-03-06,1224.5,17.725000381469727,976.7000122070312,2.6429998874664307,53.20000076293945,2375.31005859375,20954.33984375,101.63999938964844,1.062044620513916,2.49399995803833,2.0160000324249268
2017-03-07,1215.0999755859375,17.492000579833984,959.5999755859375,2.609499931335449,53.13999938964844,2368.389892578125,20924.759765625,101.80999755859375,1.0579211711883545,2.510999917984009,2.0439999103546143
2017-03-08,1208.5,17.256999969482422,948.2000122070312,2.5920000076293945,50.279998779296875,2362.97998046875,20855.73046875,102.06999969482422,1.0570154190063477,2.552000045776367,2.0810000896453857
2017-03-09,1202.4000244140625,16.993000030517578,935.9000244140625,2.569999933242798,49.279998779296875,2364.8701171875,20858.189453125,101.8499984741211,1.0547411441802979,2.5980000495910645,2.125
2017-03-10,1200.699951171875,16.882999420166016,936.9000244140625,2.5864999294281006,48.4900016784668,2372.60009765625,20902.98046875,101.25,1.0578428506851196,2.5820000171661377,2.1050000190734863
2017-03-13,1202.4000244140625,16.934999465942383,939.9000244140625,2.616499900817871,48.400001525878906,2373.469970703125,20881.48046875,101.37999725341797,1.0690041780471802,2.6080000400543213,2.127000093460083
2017-03-14,1201.9000244140625,16.88800048828125,937.7000122070312,2.624000072479248,47.720001220703125,2365.449951171875,20837.369140625,101.69999694824219,1.0651443004608154,2.5950000286102295,2.124000072479248
2017-03-15,1200.0999755859375,16.88800048828125,935.5999755859375,2.6454999446868896,48.86000061035156,2385.260009765625,20950.099609375,100.73999786376953,1.0612443685531616,2.507999897003174,2.0199999809265137
2017-03-16,1226.5,17.29599952697754,957.2999877929688,2.6654999256134033,48.75,2381.3798828125,20934.55078125,100.2699966430664,1.0737909078598022,2.5220000743865967,2.0299999713897705
2017-03-17,1229.800048828125,17.378999710083008,962.0,2.679500102996826,48.779998779296875,2378.25,20914.619140625,100.30000305175781,1.077470064163208,2.500999927520752,2.0199999809265137
2017-03-20,1233.5999755859375,17.402999877929688,971.4000244140625,2.6554999351501465,48.220001220703125,2373.469970703125,20905.859375,100.41000366210938,1.0742985010147095,2.4730000495910645,1.9930000305175781
2017-03-21,1246.0999755859375,17.549999237060547,970.5999755859375,2.609999895095825,47.34000015258789,2344.02001953125,20668.009765625,99.80999755859375,1.073767900466919,2.436000108718872,1.9630000591278076
2017-03-22,1249.300048828125,17.545000076293945,961.0999755859375,2.621999979019165,48.040000915527344,2348.449951171875,20661.30078125,99.68000030517578,1.081244707107544,2.3959999084472656,1.9299999475479126
2017-03-23,1246.9000244140625,17.562999725341797,963.0999755859375,2.6364998817443848,47.70000076293945,2345.9599609375,20656.580078125,99.76000213623047,1.0790164470672607,2.4179999828338623,1.9429999589920044
2017-03-24,1248.199951171875,17.719999313354492,967.2000122070312,2.623500108718872,47.970001220703125,2343.97998046875,20596.720703125,99.62999725341797,1.0783880949020386,2.4000000953674316,1.9279999732971191
2017-03-27,1255.4000244140625,18.079999923706055,968.4000244140625,2.625,47.72999954223633,2341.590087890625,20550.98046875,99.16999816894531,1.0849517583847046,2.372999906539917,1.9119999408721924
2017-03-28,1255.300048828125,18.225000381469727,956.9000244140625,2.6689999103546143,48.369998931884766,2358.570068359375,20701.5,99.70999908447266,1.0860947370529175,2.4089999198913574,1.9550000429153442
2017-03-29,1253.4000244140625,18.22800064086914,952.0999755859375,2.6700000762939453,49.5099983215332,2361.1298828125,20659.3203125,100.0,1.0817711353302002,2.385999917984009,1.9359999895095825
2017-03-30,1245.0,18.184999465942383,951.5999755859375,2.6649999618530273,50.349998474121094,2368.06005859375,20728.490234375,100.41000366210938,1.0759629011154175,2.4159998893737793,1.9609999656677246
2017-03-31,1247.300048828125,18.235000610351562,948.2000122070312,2.6465001106262207,50.599998474121094,2362.719970703125,20663.220703125,100.3499984741211,1.0687072277069092,2.3959999084472656,1.9290000200271606
2017-04-03,1250.800048828125,18.19099998474121,954.7000122070312,2.5975000858306885,50.2400016784668,2358.840087890625,20650.2109375,100.54000091552734,1.0668829679489136,2.3499999046325684,1.8769999742507935
2017-04-04,1255.0,18.302000045776367,961.2000122070312,2.6059999465942383,51.029998779296875,2360.159912109375,20689.240234375,100.54000091552734,1.067008137702942,2.3499999046325684,1.878000020980835
2017-04-05,1245.4000244140625,18.166000366210938,956.4000244140625,2.67549991607666,51.150001525878906,2352.949951171875,20648.150390625,100.55999755859375,1.0680338144302368,2.3570001125335693,1.8700000047683716
2017-04-06,1250.300048828125,18.225000381469727,955.7000122070312,2.6554999351501465,51.70000076293945,2357.489990234375,20662.94921875,100.66999816894531,1.0672472715377808,2.3429999351501465,1.8630000352859497
2017-04-07,1254.300048828125,18.1299991607666,959.0,2.6449999809265137,52.2400016784668,2355.5400390625,20656.099609375,101.18000030517578,1.0644639730453491,2.372999906539917,1.9110000133514404
2017-04-10,1251.0999755859375,17.893999099731445,937.5,2.6019999980926514,53.08000183105469,2357.159912109375,20658.01953125,101.0199966430664,1.0582010746002197,2.3610000610351562,1.899999976158142
2017-04-11,1271.199951171875,18.232999801635742,965.9000244140625,2.6059999465942383,53.400001525878906,2353.780029296875,20651.30078125,100.70999908447266,1.0597598552703857,2.2980000972747803,1.8320000171661377
2017-04-12,1275.300048828125,18.27899932861328,964.9000244140625,2.5439999103546143,53.11000061035156,2344.929931640625,20591.859375,100.77999877929688,1.0611318349838257,2.2960000038146973,1.8300000429153442
2017-04-13,1285.9000244140625,18.48900032043457,973.7000122070312,2.569499969482422,53.18000030517578,2328.949951171875,20453.25,100.55999755859375,1.0670650005340576,2.2320001125335693,1.7640000581741333
2017-04-17,1289.4000244140625,18.493000030517578,987.5,2.5950000286102295,52.650001525878906,2349.010009765625,20636.919921875,100.30000305175781,1.0610530376434326,2.252000093460083,1.7769999504089355
2017-04-18,1291.699951171875,18.250999450683594,975.7999877929688,2.5290000438690186,52.40999984741211,2342.18994140625,20523.279296875,99.5,1.0644525289535522,2.178999900817871,1.7100000381469727
2017-04-19,1281.4000244140625,18.13599967956543,967.5,2.5334999561309814,50.439998626708984,2338.169921875,20404.490234375,99.73999786376953,1.0728693008422852,2.2019999027252197,1.7289999723434448
2017-04-20,1281.9000244140625,17.992000579833984,978.0,2.5409998893737793,50.27000045776367,2355.840087890625,20578.7109375,99.77999877929688,1.0715012550354004,2.240999937057495,1.7719999551773071
2017-04-21,1287.4000244140625,17.829999923706055,974.5,2.5364999771118164,49.619998931884766,2348.68994140625,20547.759765625,99.9800033569336,1.0714898109436035,2.236999988555908,1.7599999904632568
2017-04-24,1275.800048828125,17.847999572753906,957.2000122070312,2.553499937057495,49.22999954223633,2374.14990234375,20763.890625,99.08999633789062,1.087393879890442,2.2730000019073486,1.8020000457763672
2017-04-25,1265.5999755859375,17.58099937438965,954.5999755859375,2.5820000171661377,49.560001373291016,2388.610107421875,20996.119140625,98.81999969482422,1.0864840745925903,2.3269999027252197,1.850000023841858
2017-04-26,1262.0999755859375,17.35300064086914,945.9000244140625,2.5910000801086426,49.619998931884766,2387.449951171875,20975.08984375,98.95999908447266,1.0928245782852173,2.311000108718872,1.8350000381469727
2017-04-27,1263.699951171875,17.264999389648438,946.4000244140625,2.5799999237060547,48.970001220703125,2388.77001953125,20981.330078125,99.08000183105469,1.090893268585205,2.2960000038146973,1.819000005722046
2017-04-28,1266.0999755859375,17.19099998474121,946.2999877929688,2.5964999198913574,49.33000183105469,2384.199951171875,20940.509765625,99.05000305175781,1.0864251852035522,2.2820000648498535,1.815999984741211
2017-05-01,1253.300048828125,16.780000686645508,929.7999877929688,2.6500000953674316,48.84000015258789,2388.330078125,20913.4609375,99.13999938964844,1.0907504558563232,2.325000047683716,1.847000002861023
2017-05-02,1255.0999755859375,16.768999099731445,923.5999755859375,2.625,47.65999984741211,2391.169921875,20949.890625,98.9800033569336,1.090893268585205,2.2960000038146973,1.812999963760376
2017-05-03,1246.4000244140625,16.48699951171875,902.0,2.5329999923706055,47.81999969482422,2388.1298828125,20957.900390625,99.20999908447266,1.0935654640197754,2.309000015258789,1.8450000286102295
2017-05-04,1226.5,16.243999481201172,905.2999877929688,2.502000093460083,45.52000045776367,2389.52001953125,20951.470703125,98.76000213623047,1.0888975858688354,2.3559999465942383,1.8830000162124634
2017-05-05,1224.800048828125,16.21500015258789,907.7000122070312,2.5195000171661377,46.220001220703125,2399.2900390625,21006.939453125,98.6500015258789,1.098152995109558,2.3519999980926514,1.8830000162124634
2017-05-08,1225.300048828125,16.198999404907227,917.0999755859375,2.4855000972747803,46.43000030517578,2399.3798828125,21012.279296875,99.1500015258789,1.0965152978897095,2.375999927520752,1.899999976158142
2017-05-09,1214.300048828125,16.007999420166016,898.4000244140625,2.490000009536743,45.880001068115234,2396.919921875,20975.779296875,99.58999633789062,1.0927767753601074,2.4070000648498535,1.934999942779541
2017-05-10,1217.300048828125,16.150999069213867,907.4000244140625,2.486999988555908,47.33000183105469,2399.6298828125,20943.109375,99.66999816894531,1.0886842012405396,2.4140000343322754,1.937999963760376
2017-05-11,1222.699951171875,16.208999633789062,915.2000122070312,2.500999927520752,47.83000183105469,2394.43994140625,20919.419921875,99.62000274658203,1.087074637413025,2.4000000953674316,1.9279999732971191
2017-05-12,1226.199951171875,16.34600067138672,915.0,2.5179998874664307,47.84000015258789,2390.89990234375,20896.609375,99.25,1.0864958763122559,2.3350000381469727,1.8530000448226929
2017-05-15,1228.5999755859375,16.56100082397461,926.2000122070312,2.5329999923706055,48.849998474121094,2402.320068359375,20981.939453125,98.91000366210938,1.0927289724349976,2.3380000591278076,1.8580000400543213
2017-05-16,1235.0,16.69300079345703,934.5,2.5445001125335693,48.65999984741211,2400.669921875,20979.75,98.11000061035156,1.0981770753860474,2.3289999961853027,1.850000023841858
2017-05-17,1257.5,16.851999282836914,943.5999755859375,2.5425000190734863,49.06999969482422,2357.030029296875,20606.9296875,97.41999816894531,1.1093976497650146,2.2160000801086426,1.7480000257492065
2017-05-18,1251.699951171875,16.621000289916992,934.2999877929688,2.5264999866485596,49.349998474121094,2365.719970703125,20663.01953125,97.87999725341797,1.115635633468628,2.2330000400543213,1.7740000486373901
2017-05-19,1252.699951171875,16.75,937.7000122070312,2.5739998817443848,50.33000183105469,2381.72998046875,20804.83984375,97.1500015258789,1.1113580465316772,2.244999885559082,1.7869999408721924
2017-05-22,1260.699951171875,17.14299964904785,947.7999877929688,2.5889999866485596,50.72999954223633,2394.02001953125,20894.830078125,96.9800033569336,1.120485782623291,2.253999948501587,1.7970000505447388
2017-05-23,1254.800048828125,17.090999603271484,946.9000244140625,2.5905001163482666,51.470001220703125,2398.419921875,20937.91015625,97.3499984741211,1.123885989189148,2.2850000858306885,1.8320000171661377
2017-05-24,1252.4000244140625,17.07699966430664,944.5999755859375,2.578000068664551,51.36000061035156,2404.389892578125,21012.419921875,97.23999786376953,1.11793053150177,2.2660000324249268,1.8029999732971191
2017-05-25,1255.800048828125,17.152000427246094,949.7999877929688,2.5920000076293945,48.900001525878906,2415.070068359375,21082.94921875,97.25,1.1230907440185547,2.255000114440918,1.7910000085830688
2017-05-26,1267.5999755859375,17.283000946044922,959.7999877929688,2.559499979019165,49.79999923706055,2415.820068359375,21080.279296875,97.4000015258789,1.121076226234436,2.25,1.7910000085830688
2017-05-30,1262.0999755859375,17.38800048828125,939.2999877929688,2.561000108718872,49.65999984741211,2412.909912109375,21029.470703125,97.27999877929688,1.1129041910171509,2.2170000076293945,1.7599999904632568
2017-05-31,1272.0,17.368000030517578,948.5,2.5769999027252197,48.31999969482422,2411.800048828125,21008.650390625,96.91999816894531,1.117168664932251,2.196000099182129,1.7480000257492065
2017-06-01,1267.0,17.243000030517578,927.2999877929688,2.5845000743865967,48.36000061035156,2430.06005859375,21144.1796875,97.19999694824219,1.1243535280227661,2.2170000076293945,1.7649999856948853
2017-06-02,1276.800048828125,17.48699951171875,951.7000122070312,2.571500062942505,47.65999984741211,2439.070068359375,21206.2890625,96.72000122070312,1.1215791702270508,2.1589999198913574,1.718999981880188
2017-06-05,1279.300048828125,17.547000885009766,956.2999877929688,2.554500102996826,47.400001525878906,2436.10009765625,21184.0390625,96.80000305175781,1.128082513809204,2.181999921798706,1.7419999837875366
2017-06-06,1294.4000244140625,17.677000045776367,962.0999755859375,2.5445001125335693,48.189998626708984,2429.330078125,21136.23046875,96.63999938964844,1.1256824731826782,2.1470000743865967,1.7120000123977661
2017-06-07,1290.0999755859375,17.586999893188477,946.4000244140625,2.5490000247955322,45.720001220703125,2433.139892578125,21173.689453125,96.75,1.1271415948867798,2.177999973297119,1.7419999837875366
2017-06-08,1276.300048828125,17.384000778198242,936.9000244140625,2.6070001125335693,45.63999938964844,2433.7900390625,21182.529296875,96.91999816894531,1.125517725944519,2.194000005722046,1.7549999952316284
2017-06-09,1268.5,17.19300079345703,939.0999755859375,2.6459999084472656,45.83000183105469,2431.77001953125,21271.970703125,97.2699966430664,1.1184805631637573,2.1989998817443848,1.7630000114440918
2017-06-12,1266.0999755859375,16.913999557495117,943.2999877929688,2.612499952316284,46.08000183105469,2429.389892578125,21235.669921875,97.13999938964844,1.1201971769332886,2.2130000591278076,1.777999997138977
2017-06-13,1265.800048828125,16.738000869750977,923.0,2.5929999351501465,46.459999084472656,2440.35009765625,21328.470703125,96.9800033569336,1.1196202039718628,2.2070000171661377,1.7799999713897705
2017-06-14,1272.800048828125,17.10700035095215,950.7000122070312,2.570499897003174,44.72999954223633,2437.919921875,21374.560546875,96.94000244140625,1.1208877563476562,2.138000011444092,1.725000023841858
2017-06-15,1252.199951171875,16.69099998474121,920.2999877929688,2.563999891281128,44.459999084472656,2432.4599609375,21359.900390625,97.43000030517578,1.1215791702270508,2.1619999408721924,1.7630000114440918
2017-06-16,1254.0,16.63599967956543,925.9000244140625,2.5625,44.7400016784668,2433.14990234375,21384.279296875,97.16000366210938,1.1146905422210693,2.1570000648498535,1.746999979019165
2017-06-19,1244.199951171875,16.482999801635742,926.0,2.5894999504089355,44.20000076293945,2453.4599609375,21528.990234375,97.52999877929688,1.120824933052063,2.190000057220459,1.7879999876022339
2017-06-20,1241.0,16.398000717163086,920.5999755859375,2.555000066757202,43.22999954223633,2437.030029296875,21467.140625,97.75,1.1144545078277588,2.1530001163482666,1.7580000162124634
2017-06-21,1243.4000244140625,16.354999542236328,926.0999755859375,2.6019999980926514,42.529998779296875,2435.610107421875,21410.029296875,97.55999755859375,1.1136974096298218,2.1549999713897705,1.7680000066757202
2017-06-22,1247.5999755859375,16.489999771118164,924.7000122070312,2.5980000495910645,42.7400016784668,2434.5,21397.2890625,97.54000091552734,1.1167196035385132,2.1530001163482666,1.7619999647140503
2017-06-23,1256.199951171875,16.628000259399414,928.5,2.622999906539917,43.0099983215332,2438.300048828125,21394.759765625,97.30000305175781,1.1149640083312988,2.1440000534057617,1.7569999694824219
2017-06-26,1246.300048828125,16.559999465942383,915.7000122070312,2.625,43.380001068115234,2439.070068359375,21409.55078125,97.43000030517578,1.1198835372924805,2.13700008392334,1.7580000162124634
2017-06-27,1246.4000244140625,16.576000213623047,917.7999877929688,2.6465001106262207,44.2400016784668,2419.3798828125,21310.66015625,96.47000122070312,1.118355631828308,2.197999954223633,1.812000036239624
2017-06-28,1248.0,16.71500015258789,920.7000122070312,2.6619999408721924,44.7400016784668,2440.68994140625,21454.609375,96.05000305175781,1.1339154243469238,2.2209999561309814,1.815999984741211
2017-06-29,1244.199951171875,16.586000442504883,919.0,2.683000087738037,44.93000030517578,2419.699951171875,21287.029296875,95.62999725341797,1.1382650136947632,2.2669999599456787,1.850000023841858
2017-06-30,1240.699951171875,16.56800079345703,923.7000122070312,2.6989998817443848,46.040000915527344,2423.409912109375,21349.630859375,95.66000366210938,1.144164800643921,2.302000045776367,1.8849999904632568
2017-07-03,1217.9000244140625,16.03700065612793,903.7999877929688,2.680999994277954,47.06999969482422,2429.010009765625,21479.26953125,96.19999694824219,1.1423088312149048,2.3459999561309814,1.9299999475479126
2017-07-05,1220.4000244140625,15.842000007629395,905.7000122070312,2.6489999294281006,45.130001068115234,2432.5400390625,21478.169921875,96.29000091552734,1.1360150575637817,2.3340001106262207,1.9249999523162842
2017-07-06,1222.199951171875,15.927000045776367,907.2000122070312,2.6514999866485596,45.52000045776367,2409.75,21320.0390625,95.81999969482422,1.1346874237060547,2.369999885559082,1.9420000314712524
2017-07-07,1208.5999755859375,15.371000289916992,901.0999755859375,2.637500047683716,44.22999954223633,2425.179931640625,21414.33984375,96.01000213623047,1.1424784660339355,2.3929998874664307,1.9570000171661377
2017-07-10,1212.0999755859375,15.57699966430664,899.2999877929688,2.6394999027252197,44.400001525878906,2427.429931640625,21408.51953125,96.05000305175781,1.140380859375,2.371000051498413,1.930999994277954
2017-07-12,1218.0999755859375,15.83899974822998,916.2999877929688,2.677000045776367,45.4900016784668,2443.25,21532.140625,95.79000091552734,1.1473942995071411,2.3269999027252197,1.88100004196167
2017-07-13,1216.300048828125,15.642000198364258,904.5,2.6545000076293945,46.08000183105469,2447.830078125,21553.08984375,95.7300033569336,1.1418914794921875,2.3480000495910645,1.8910000324249268
2017-07-14,1226.5999755859375,15.883999824523926,920.9000244140625,2.684000015258789,46.540000915527344,2459.27001953125,21637.740234375,95.11000061035156,1.140393853187561,2.319000005722046,1.8609999418258667
2017-07-17,1232.800048828125,16.049999237060547,927.5999755859375,2.7170000076293945,46.02000045776367,2459.139892578125,21629.720703125,95.12999725341797,1.1475391387939453,2.309000015258789,1.8530000448226929
2017-07-18,1241.0999755859375,16.222000122070312,927.7000122070312,2.7235000133514404,46.400001525878906,2460.610107421875,21574.73046875,94.66000366210938,1.1474337577819824,2.263000011444092,1.8179999589920044
2017-07-19,1241.199951171875,16.250999450683594,921.5999755859375,2.703000068664551,47.119998931884766,2473.830078125,21640.75,94.80000305175781,1.1549744606018066,2.2679998874664307,1.8209999799728394
2017-07-20,1244.800048828125,16.298999786376953,930.5,2.7084999084472656,46.790000915527344,2473.449951171875,21611.779296875,94.2699966430664,1.1528440713882446,2.2660000324249268,1.8229999542236328
2017-07-21,1254.300048828125,16.40999984741211,934.7000122070312,2.7149999141693115,45.77000045776367,2472.5400390625,21580.0703125,93.94000244140625,1.1628718376159668,2.2320001125335693,1.7999999523162842
2017-07-24,1253.9000244140625,16.398000717163086,929.4000244140625,2.7290000915527344,46.34000015258789,2469.909912109375,21513.169921875,93.9800033569336,1.1681697368621826,2.253999948501587,1.8209999799728394
2017-07-25,1251.699951171875,16.496999740600586,928.9000244140625,2.8405001163482666,47.88999938964844,2477.1298828125,21613.4296875,94.05000305175781,1.1638869047164917,2.3259999752044678,1.8849999904632568
2017-07-26,1249.0,16.415000915527344,919.5,2.86899995803833,48.75,2477.830078125,21711.009765625,93.66999816894531,1.1644561290740967,2.2820000648498535,1.8220000267028809
2017-07-27,1259.5999755859375,16.52899932861328,923.2000122070312,2.874000072479248,49.040000915527344,2475.419921875,21796.55078125,93.86000061035156,1.1728004217147827,2.309999942779541,1.8450000286102295
2017-07-28,1268.4000244140625,16.663999557495117,933.2000122070312,2.870500087738037,49.709999084472656,2472.10009765625,21830.310546875,93.26000213623047,1.1688660383224487,2.2890000343322754,1.8309999704360962
2017-07-31,1266.5999755859375,16.75,937.7000122070312,2.888000011444092,50.16999816894531,2470.300048828125,21891.119140625,92.86000061035156,1.1747292280197144,2.2920000553131104,1.8320000171661377
2017-08-01,1272.5999755859375,16.72800064086914,946.5,2.878999948501587,49.15999984741211,2476.35009765625,21963.919921875,93.02999877929688,1.182410478591919,2.250999927520752,1.7990000247955322
2017-08-02,1271.800048828125,16.69700050354004,950.7999877929688,2.882499933242798,49.59000015258789,2477.570068359375,22016.240234375,92.83000183105469,1.1811256408691406,2.26200008392334,1.819000005722046
2017-08-03,1267.800048828125,16.5939998626709,961.5999755859375,2.877000093460083,49.029998779296875,2472.159912109375,22026.099609375,92.80999755859375,1.1851149797439575,2.2279999256134033,1.7899999618530273
2017-08-04,1258.300048828125,16.222000122070312,966.0,2.884999990463257,49.58000183105469,2476.830078125,22092.810546875,93.54000091552734,1.1884952783584595,2.2669999599456787,1.8220000267028809
2017-08-07,1258.199951171875,16.22100067138672,968.5999755859375,2.9079999923706055,49.38999938964844,2480.909912109375,22118.419921875,93.43000030517578,1.1778424978256226,2.256999969482422,1.812000036239624
2017-08-08,1256.4000244140625,16.360000610351562,971.7000122070312,2.942500114440918,49.16999816894531,2474.919921875,22085.33984375,93.63999938964844,1.1800941228866577,2.2829999923706055,1.8339999914169312
2017-08-09,1273.0,16.833999633789062,973.2999877929688,2.930000066757202,49.560001373291016,2474.02001953125,22048.69921875,93.5199966430664,1.1754610538482666,2.240999937057495,1.7970000505447388
2017-08-10,1283.699951171875,17.035999298095703,983.4000244140625,2.9059998989105225,48.59000015258789,2438.2099609375,21844.009765625,93.4000015258789,1.1761523485183716,2.2119998931884766,1.781000018119812
2017-08-11,1287.699951171875,17.041000366210938,987.2000122070312,2.9140000343322754,48.81999969482422,2441.320068359375,21858.3203125,93.06999969482422,1.177024483680725,2.188999891281128,1.7400000095367432
2017-08-14,1284.199951171875,17.093000411987305,972.4000244140625,2.9065001010894775,47.59000015258789,2465.840087890625,21993.7109375,93.45999908447266,1.182550311088562,2.2190001010894775,1.7710000276565552
2017-08-15,1273.699951171875,16.690000534057617,964.9000244140625,2.884500026702881,47.54999923706055,2464.610107421875,21998.990234375,93.8499984741211,1.1775789260864258,2.2660000324249268,1.8200000524520874
2017-08-16,1276.9000244140625,16.91699981689453,972.0,2.9544999599456787,46.779998779296875,2468.110107421875,22024.869140625,93.48999786376953,1.1741223335266113,2.2260000705718994,1.781000018119812
2017-08-17,1286.4000244140625,17.030000686645508,978.9000244140625,2.937999963760376,47.09000015258789,2430.010009765625,21750.73046875,93.62000274658203,1.1774264574050903,2.1989998817443848,1.7619999647140503
2017-08-18,1285.699951171875,16.979999542236328,979.5999755859375,2.940500020980835,48.5099983215332,2425.550048828125,21674.509765625,93.43000030517578,1.1715501546859741,2.194000005722046,1.7619999647140503
2017-08-21,1290.800048828125,16.9950008392334,982.7000122070312,2.9809999465942383,47.369998931884766,2428.3701171875,21703.75,93.0999984741211,1.1756268739700317,2.180000066757202,1.7510000467300415
2017-08-22,1285.0999755859375,16.961999893188477,978.5,2.9865000247955322,47.63999938964844,2452.510009765625,21899.890625,93.55000305175781,1.1811953783035278,2.2149999141693115,1.784999966621399
2017-08-23,1288.9000244140625,17.031999588012695,978.0999755859375,2.9804999828338623,48.40999984741211,2444.0400390625,21812.08984375,93.1500015258789,1.176221489906311,2.1710000038146973,1.746999979019165
2017-08-24,1286.5,16.95199966430664,979.7999877929688,3.0334999561309814,47.43000030517578,2438.969970703125,21783.400390625,93.27999877929688,1.1816558837890625,2.194000005722046,1.774999976158142
2017-08-25,1292.5,17.038000106811523,976.2999877929688,3.0329999923706055,47.869998931884766,2443.050048828125,21813.669921875,92.73999786376953,1.1802195310592651,2.1689999103546143,1.7569999694824219
2017-08-28,1309.699951171875,17.430999755859375,986.5,3.065000057220459,46.56999969482422,2444.239990234375,21808.400390625,92.20999908447266,1.1951857805252075,2.1589999198913574,1.7419999837875366
2017-08-29,1313.0999755859375,17.422000885009766,1000.7000122070312,3.0810000896453857,46.439998626708984,2446.300048828125,21865.369140625,92.3499984741211,1.1963869333267212,2.135999917984009,1.7100000381469727
2017-08-30,1308.0999755859375,17.40399932861328,993.5,3.064500093460083,45.959999084472656,2457.590087890625,21892.4296875,92.87999725341797,1.1970456838607788,2.1429998874664307,1.725000023841858
2017-08-31,1316.199951171875,17.479999542236328,996.7999877929688,3.0789999961853027,47.22999954223633,2471.64990234375,21948.099609375,92.66999816894531,1.1893434524536133,2.121000051498413,1.7070000171661377
2017-09-01,1324.5,17.7189998626709,1007.2999877929688,3.0980000495910645,47.290000915527344,2476.550048828125,21987.560546875,92.80999755859375,1.1910432577133179,2.1570000648498535,1.7330000400543213
2017-09-05,1339.199951171875,17.844999313354492,1007.4000244140625,3.1075000762939453,48.65999984741211,2457.85009765625,21753.310546875,92.30999755859375,1.1893434524536133,2.069999933242798,1.6460000276565552
2017-09-06,1333.9000244140625,17.81599998474121,1005.5999755859375,3.131500005722046,49.15999984741211,2465.5400390625,21807.640625,92.29000091552734,1.1924067735671997,2.1080000400543213,1.687000036239624
2017-09-07,1345.0999755859375,18.016000747680664,1015.2999877929688,3.122999906539917,49.09000015258789,2465.10009765625,21784.779296875,91.52999877929688,1.1927765607833862,2.061000108718872,1.6410000324249268
2017-09-08,1346.0,18.027000427246094,1011.0999755859375,3.0215001106262207,47.47999954223633,2461.429931640625,21797.7890625,91.33000183105469,1.2029062509536743,2.061000108718872,1.6410000324249268
2017-09-11,1331.0,17.80699920654297,997.9000244140625,3.0460000038146973,48.06999969482422,2488.110107421875,22057.369140625,91.86000061035156,1.2017642259597778,2.125,1.7020000219345093
2017-09-12,1328.0,17.795000076293945,985.5999755859375,3.015500068664551,48.22999954223633,2496.47998046875,22118.859375,91.91000366210938,1.1959433555603027,2.1710000038146973,1.746999979019165
2017-09-13,1323.4000244140625,17.77199935913086,982.2999877929688,2.9609999656677246,49.29999923706055,2498.3701171875,22158.1796875,92.5199966430664,1.1974613666534424,2.194999933242798,1.7740000486373901
2017-09-14,1324.699951171875,17.697999954223633,980.0999755859375,2.936500072479248,49.88999938964844,2495.6201171875,22203.48046875,92.12000274658203,1.1890605688095093,2.197000026702881,1.7869999408721924
2017-09-15,1320.4000244140625,17.611000061035156,971.0,2.927999973297119,49.88999938964844,2500.22998046875,22268.33984375,91.87000274658203,1.1921650171279907,2.2019999027252197,1.8040000200271606
2017-09-18,1306.300048828125,17.070999145507812,960.2999877929688,2.9489998817443848,49.90999984741211,2503.8701171875,22331.349609375,92.05000305175781,1.193716287612915,2.2290000915527344,1.8240000009536743
2017-09-19,1306.199951171875,17.19499969482422,950.4000244140625,2.94950008392334,49.47999954223633,2506.64990234375,22370.80078125,91.79000091552734,1.1959290504455566,2.243000030517578,1.8320000171661377
2017-09-20,1312.0,17.250999450683594,944.9000244140625,2.94950008392334,50.40999984741211,2508.239990234375,22412.58984375,92.51000213623047,1.199256420135498,2.2769999504089355,1.8830000162124634
2017-09-21,1290.5999755859375,16.937000274658203,939.4000244140625,2.9140000343322754,50.54999923706055,2500.60009765625,22359.23046875,92.26000213623047,1.1872113943099976,2.2780001163482666,1.8880000114440918
2017-09-22,1293.300048828125,16.902999877929688,931.7999877929688,2.924499988555908,50.65999984741211,2502.219970703125,22349.58984375,92.16999816894531,1.194557547569275,2.26200008392334,1.871999979019165
2017-09-25,1306.800048828125,17.05900001525879,940.0,2.9175000190734863,52.220001220703125,2496.659912109375,22296.08984375,92.6500015258789,1.1927196979522705,2.2200000286102295,1.8359999656677246
2017-09-26,1297.0,16.804000854492188,924.5,2.8975000381469727,51.880001068115234,2496.840087890625,22284.3203125,92.97000122070312,1.185564637184143,2.2290000915527344,1.850000023841858
2017-09-27,1283.4000244140625,16.74799919128418,921.2999877929688,2.9110000133514404,52.13999938964844,2507.0400390625,22340.7109375,93.36000061035156,1.1786059141159058,2.309000015258789,1.909000039100647
2017-09-28,1285.5,16.773000717163086,921.0,2.9625000953674316,51.560001373291016,2510.06005859375,22381.19921875,93.08999633789062,1.1749638319015503,2.309000015258789,1.8960000276565552
2017-09-29,1281.5,16.60700035095215,910.2999877929688,2.9375,51.66999816894531,2519.360107421875,22405.08984375,93.08000183105469,1.178175449371338,2.3259999752044678,1.9279999732971191
2017-10-02,1272.699951171875,16.584999084472656,911.5999755859375,2.939500093460083,50.58000183105469,2529.1201171875,22557.599609375,93.55999755859375,1.1807351112365723,2.3369998931884766,1.934000015258789
2017-10-03,1271.5,16.58099937438965,911.0999755859375,2.948499917984009,50.41999816894531,2534.580078125,22641.669921875,93.56999969482422,1.173378348350525,2.3340001106262207,1.9249999523162842
2017-10-04,1273.699951171875,16.562999725341797,910.5999755859375,2.944499969482422,49.97999954223633,2537.739990234375,22661.640625,93.45999908447266,1.1747568845748901,2.3299999237060547,1.9249999523162842
2017-10-05,1269.9000244140625,16.582000732421875,914.2000122070312,3.0315001010894775,50.790000915527344,2552.070068359375,22775.390625,93.95999908447266,1.175723671913147,2.3499999046325684,1.9479999542236328
2017-10-06,1271.5999755859375,16.733999252319336,912.9000244140625,3.0144999027252197,49.290000915527344,2549.330078125,22773.669921875,93.80000305175781,1.1712344884872437,2.369999885559082,1.968999981880188
2017-10-09,1281.800048828125,16.916000366210938,914.4000244140625,3.0169999599456787,49.58000183105469,2544.72998046875,22761.0703125,93.73999786376953,1.1742464303970337,2.3610000610351562,1.9579999446868896
2017-10-10,1290.5999755859375,17.155000686645508,933.0999755859375,3.0455000400543213,50.91999816894531,2550.639892578125,22830.6796875,93.29000091552734,1.1741636991500854,2.3450000286102295,1.9450000524520874
2017-10-11,1285.800048828125,17.08099937438965,930.4000244140625,3.0799999237060547,51.29999923706055,2555.239990234375,22872.890625,92.95999908447266,1.1814883947372437,2.3450000286102295,1.9550000429153442
2017-10-12,1293.300048828125,17.211000442504883,939.0999755859375,3.1040000915527344,50.599998474121094,2550.929931640625,22841.009765625,93.12000274658203,1.1865493059158325,2.322999954223633,1.940000057220459
2017-10-13,1301.5,17.354999542236328,945.2000122070312,3.118499994277954,51.45000076293945,2553.169921875,22871.720703125,93.08999633789062,1.1831799745559692,2.2799999713897705,1.906000018119812
2017-10-16,1299.9000244140625,17.315000534057617,939.4000244140625,3.2239999771118164,51.869998931884766,2557.639892578125,22956.9609375,93.27999877929688,1.181404709815979,2.306999921798706,1.9550000429153442
2017-10-17,1283.0,16.98699951171875,932.0999755859375,3.180500030517578,51.880001068115234,2559.360107421875,22997.439453125,93.48999786376953,1.1794538497924805,2.2980000972747803,1.9559999704360962
2017-10-18,1279.9000244140625,16.94300079345703,921.9000244140625,3.1635000705718994,52.040000915527344,2561.260009765625,23157.599609375,93.36000061035156,1.1771907806396484,2.3389999866485596,1.9869999885559082
2017-10-19,1286.9000244140625,17.201000213623047,923.2000122070312,3.1530001163482666,51.290000915527344,2562.10009765625,23163.0390625,93.2699966430664,1.1795234680175781,2.321000099182129,1.975000023841858
2017-10-20,1277.4000244140625,17.02199935913086,924.0999755859375,3.1514999866485596,51.470001220703125,2575.2099609375,23328.630859375,93.69999694824219,1.184805989265442,2.38100004196167,2.0199999809265137
2017-10-23,1277.699951171875,17.02400016784668,924.5,3.1740000247955322,51.900001525878906,2564.97998046875,23273.9609375,93.94000244140625,1.175364375114441,2.375999927520752,2.006999969482422
2017-10-24,1275.0,16.906999588012695,922.7999877929688,3.186500072479248,52.470001220703125,2569.1298828125,23441.759765625,93.95999908447266,1.1759172677993774,2.4059998989105225,2.0269999504089355
2017-10-25,1275.4000244140625,16.868000030517578,924.0,3.1714999675750732,52.18000030517578,2557.14990234375,23329.4609375,93.70999908447266,1.1759034395217896,2.444000005722046,2.055999994277954
2017-10-26,1266.300048828125,16.763999938964844,918.2000122070312,3.1675000190734863,52.63999938964844,2560.39990234375,23400.859375,94.61000061035156,1.182075023651123,2.4519999027252197,2.069000005722046
2017-10-27,1268.5,16.70199966430664,910.5999755859375,3.0934998989105225,53.900001525878906,2581.070068359375,23434.189453125,94.91999816894531,1.163724422454834,2.427999973297119,2.0429999828338623
2017-10-30,1274.0999755859375,16.802000045776367,918.9000244140625,3.1019999980926514,54.150001525878906,2572.830078125,23348.740234375,94.48999786376953,1.1604562997817993,2.369999885559082,1.996999979019165
2017-10-31,1267.0,16.645000457763672,915.7999877929688,3.0920000076293945,54.380001068115234,2575.260009765625,23377.240234375,94.55000305175781,1.1652703285217285,2.375999927520752,2.009999990463257
2017-11-01,1274.0999755859375,17.131999969482422,933.0,3.132999897003174,54.29999923706055,2579.360107421875,23435.009765625,94.81999969482422,1.165175199508667,2.375999927520752,2.0220000743865967
2017-11-02,1274.9000244140625,17.0939998626709,924.0999755859375,3.135499954223633,54.540000915527344,2579.85009765625,23516.259765625,94.69000244140625,1.1628718376159668,2.3469998836517334,2.0
2017-11-03,1266.5,16.79400062561035,918.5,3.1105000972747803,55.63999938964844,2587.840087890625,23539.189453125,94.94000244140625,1.1661807298660278,2.3429999351501465,2.005000114440918
2017-11-06,1279.4000244140625,17.19499969482422,931.0,3.1505000591278076,57.349998474121094,2591.1298828125,23548.419921875,94.72000122070312,1.1614941358566284,2.319999933242798,1.9869999885559082
2017-11-07,1273.699951171875,16.905000686645508,922.0999755859375,3.0824999809265137,57.20000076293945,2590.639892578125,23557.23046875,94.91000366210938,1.1612648963928223,2.306999921798706,1.9830000400543213
2017-11-08,1281.5999755859375,17.106000900268555,934.5999755859375,3.0929999351501465,56.810001373291016,2594.3798828125,23563.359375,94.87000274658203,1.1601063013076782,2.325000047683716,2.002000093460083
2017-11-09,1285.5999755859375,16.94300079345703,937.2999877929688,3.0799999237060547,57.16999816894531,2584.6201171875,23461.939453125,94.44000244140625,1.15968918800354,2.3310000896453857,2.003000020980835
2017-11-10,1272.4000244140625,16.8439998626709,928.9000244140625,3.069499969482422,56.7400016784668,2582.300048828125,23422.2109375,94.38999938964844,1.164686679840088,2.4000000953674316,2.055000066757202
2017-11-13,1277.300048828125,17.023000717163086,932.4000244140625,3.1115000247955322,56.7599983215332,2584.840087890625,23439.69921875,94.48999786376953,1.1661127805709839,2.4000000953674316,2.072000026702881
2017-11-14,1281.5,17.052000045776367,924.0999755859375,3.059999942779541,55.70000076293945,2578.8701171875,23409.470703125,93.83000183105469,1.1664936542510986,2.38100004196167,2.065000057220459
2017-11-15,1276.5,16.950000762939453,929.9000244140625,3.0490000247955322,55.33000183105469,2564.6201171875,23271.279296875,93.80999755859375,1.1792869567871094,2.3350000381469727,2.0380001068115234
2017-11-17,1295.800048828125,17.357999801635742,951.4000244140625,3.0625,56.54999923706055,2578.85009765625,23358.240234375,93.66000366210938,1.1777453422546387,2.3540000915527344,2.062000036239624
2017-11-20,1274.5999755859375,16.82699966430664,920.4000244140625,3.0905001163482666,56.09000015258789,2582.139892578125,23430.330078125,94.08000183105469,1.1731857061386108,2.371999979019165,2.0940001010894775
2017-11-21,1281.0999755859375,16.948999404907227,934.7999877929688,3.125499963760376,56.83000183105469,2599.030029296875,23590.830078125,93.94999694824219,1.1741223335266113,2.36299991607666,2.1070001125335693
2017-11-22,1291.5999755859375,17.10099983215332,937.5999755859375,3.134500026702881,58.02000045776367,2597.080078125,23526.1796875,93.22000122070312,1.173722743988037,2.322000026702881,2.0429999828338623
2017-11-24,1286.699951171875,16.981000900268555,942.2999877929688,3.1659998893737793,58.95000076293945,2602.419921875,23557.990234375,92.76000213623047,1.1853959560394287,2.3399999141693115,2.063999891281128
2017-11-27,1293.800048828125,17.009000778198242,947.9000244140625,3.132499933242798,58.11000061035156,2601.419921875,23580.779296875,92.9000015258789,1.1926485300064087,2.328000068664551,2.046999931335449
2017-11-28,1294.699951171875,16.81100082397461,950.0999755859375,3.070499897003174,57.9900016784668,2627.0400390625,23836.7109375,93.26000213623047,1.1904903650283813,2.3380000591278076,2.068000078201294
2017-11-29,1282.0999755859375,16.457000732421875,940.0,3.0399999618530273,57.29999923706055,2626.070068359375,23940.6796875,93.26000213623047,1.184805989265442,2.375999927520752,2.0929999351501465
2017-11-30,1273.199951171875,16.381999969482422,941.2999877929688,3.0369999408721924,57.400001525878906,2647.580078125,24272.349609375,93.01000213623047,1.18519926071167,2.4170000553131104,2.1440000534057617
2017-12-01,1278.800048828125,16.297000885009766,939.4000244140625,3.065500020980835,58.36000061035156,2642.219970703125,24231.58984375,92.9000015258789,1.1898245811462402,2.361999988555908,2.118000030517578
2017-12-04,1274.300048828125,16.284000396728516,924.7999877929688,3.062999963760376,57.470001220703125,2639.43994140625,24290.05078125,93.19000244140625,1.1859863996505737,2.378999948501587,2.1480000019073486
2017-12-05,1261.5999755859375,15.972999572753906,916.2999877929688,2.9205000400543213,57.619998931884766,2629.570068359375,24180.640625,93.37999725341797,1.1867746114730835,2.3559999465942383,2.1510000228881836
2017-12-06,1262.800048828125,15.868000030517578,901.9000244140625,2.936500072479248,55.959999084472656,2629.27001953125,24140.91015625,93.61000061035156,1.1832919120788574,2.3299999237060547,2.119999885559082
2017-12-07,1249.800048828125,15.71500015258789,893.5999755859375,2.940500020980835,56.689998626708984,2636.97998046875,24211.48046875,93.80000305175781,1.1804285049438477,2.375999927520752,2.1459999084472656
2017-12-08,1245.199951171875,15.736000061035156,882.7999877929688,2.9549999237060547,57.36000061035156,2651.5,24329.16015625,93.9000015258789,1.1772184371948242,2.382999897003174,2.1449999809265137
2017-12-11,1243.699951171875,15.696999549865723,891.9000244140625,2.98799991607666,57.9900016784668,2659.989990234375,24386.029296875,93.87000274658203,1.1769968271255493,2.384999990463257,2.1570000648498535
2017-12-12,1238.5,15.581999778747559,874.7999877929688,2.999500036239624,57.13999938964844,2664.110107421875,24504.80078125,94.0999984741211,1.1777591705322266,2.4030001163482666,2.171999931335449
2017-12-13,1245.4000244140625,15.784000396728516,874.5,3.0295000076293945,56.599998474121094,2662.85009765625,24585.4296875,93.43000030517578,1.1742602586746216,2.3489999771118164,2.109999895095825
2017-12-14,1253.800048828125,15.850000381469727,880.2999877929688,3.0485000610351562,57.040000915527344,2652.010009765625,24508.66015625,93.48999786376953,1.1835860013961792,2.3459999561309814,2.128000020980835
2017-12-15,1254.300048828125,15.977999687194824,888.5,3.109999895095825,57.29999923706055,2675.81005859375,24651.740234375,93.93000030517578,1.1774957180023193,2.3550000190734863,2.1570000648498535
2017-12-18,1262.199951171875,16.1200008392334,912.2999877929688,3.121999979019165,57.15999984741211,2690.159912109375,24792.19921875,93.69999694824219,1.1743566989898682,2.3919999599456787,2.1670000553131104
2017-12-19,1260.699951171875,16.06599998474121,913.2000122070312,3.127500057220459,57.459999084472656,2681.469970703125,24754.75,93.47000122070312,1.1784253120422363,2.4630000591278076,2.2200000286102295
2017-12-20,1266.0999755859375,16.187999725341797,920.5999755859375,3.1714999675750732,58.09000015258789,2679.25,24726.650390625,93.3499984741211,1.1841325759887695,2.496999979019165,2.242000102996826
2017-12-21,1267.300048828125,16.152000427246094,918.7999877929688,3.194499969482422,58.36000061035156,2684.570068359375,24782.2890625,93.27999877929688,1.1878176927566528,2.4809999465942383,2.244999885559082
2017-12-22,1275.4000244140625,16.35700035095215,922.0999755859375,3.2144999504089355,58.470001220703125,2683.340087890625,24754.060546875,93.3499984741211,1.1857331991195679,2.484999895095825,2.250999927520752
2017-12-26,1284.0999755859375,16.520000457763672,922.5999755859375,3.25600004196167,59.970001220703125,2680.5,24746.2109375,93.26000213623047,1.187253713607788,2.4670000076293945,2.236999988555908
2017-12-27,1287.0,16.618999481201172,922.7999877929688,3.256999969482422,59.63999938964844,2682.6201171875,24774.30078125,93.02999877929688,1.1857894659042358,2.4140000343322754,2.1989998817443848
2017-12-28,1294.0999755859375,16.832000732421875,926.9000244140625,3.2860000133514404,59.84000015258789,2687.5400390625,24837.509765625,92.5999984741211,1.1900794506072998,2.431999921798706,2.2339999675750732
2017-12-29,1306.300048828125,17.059999465942383,934.2000122070312,3.2795000076293945,60.41999816894531,2673.610107421875,24719.220703125,92.12000274658203,1.1941723823547363,2.4049999713897705,2.2060000896453857
2018-01-02,1313.699951171875,17.121000289916992,943.7999877929688,3.25600004196167,60.369998931884766,2695.81005859375,24824.009765625,91.8499984741211,1.2011579275131226,2.4649999141693115,2.25
2018-01-03,1316.199951171875,17.184999465942383,957.7999877929688,3.236999988555908,61.630001068115234,2713.06005859375,24922.6796875,92.16000366210938,1.2063454389572144,2.447000026702881,2.246999979019165
2018-01-04,1319.4000244140625,17.18899917602539,966.0999755859375,3.242500066757202,62.0099983215332,2723.989990234375,25075.130859375,91.8499984741211,1.2010425329208374,2.453000068664551,2.2679998874664307
2018-01-05,1320.300048828125,17.204999923706055,971.2000122070312,3.2070000171661377,61.439998626708984,2743.14990234375,25295.869140625,91.94999694824219,1.2068840265274048,2.4760000705718994,2.2850000858306885
2018-01-08,1318.5999755859375,17.06399917602539,972.2999877929688,3.2009999752044678,61.72999954223633,2747.7099609375,25283.0,92.33000183105469,1.2037460803985596,2.4800000190734863,2.2850000858306885
2018-01-09,1311.699951171875,16.93600082397461,967.9000244140625,3.194499969482422,62.959999084472656,2751.2900390625,25385.80078125,92.52999877929688,1.1970456838607788,2.5460000038146973,2.3239998817443848
2018-01-10,1317.4000244140625,16.96299934387207,974.4000244140625,3.2149999141693115,63.56999969482422,2748.22998046875,25369.130859375,92.33000183105469,1.1929330825805664,2.549999952316284,2.328000068664551
2018-01-11,1320.5999755859375,16.893999099731445,986.9000244140625,3.2135000228881836,63.79999923706055,2767.56005859375,25574.73046875,91.8499984741211,1.1956144571304321,2.5309998989105225,2.313999891281128
2018-01-12,1333.4000244140625,17.069000244140625,991.2000122070312,3.200000047683716,64.30000305175781,2786.239990234375,25803.189453125,90.97000122070312,1.2042099237442017,2.552000045776367,2.3469998836517334
2018-01-16,1335.4000244140625,17.121999740600586,1000.2000122070312,3.1989998817443848,63.72999954223633,2776.419921875,25792.859375,90.38999938964844,1.2268433570861816,2.5439999103546143,2.3550000190734863
2018-01-17,1338.0,17.104999542236328,1006.2000122070312,3.1665000915527344,63.970001220703125,2802.56005859375,26115.650390625,90.54000091552734,1.227129340171814,2.578000068664551,2.3940000534057617
2018-01-18,1326.0,16.89299964904785,1005.0,3.177000045776367,63.95000076293945,2798.030029296875,26017.810546875,90.5,1.218397855758667,2.6110000610351562,2.4100000858306885
2018-01-19,1331.9000244140625,16.975000381469727,1016.2000122070312,3.1670000553131104,63.369998931884766,2810.300048828125,26071.720703125,90.56999969482422,1.2236607074737549,2.63700008392334,2.436000108718872
2018-01-22,1330.9000244140625,16.930999755859375,994.2999877929688,3.177500009536743,63.4900016784668,2832.969970703125,26214.599609375,90.4000015258789,1.2255502939224243,2.6649999618530273,2.4609999656677246
2018-01-23,1335.699951171875,16.854999542236328,1005.2999877929688,3.0894999504089355,64.47000122070312,2839.1298828125,26210.810546875,90.12000274658203,1.2256253957748413,2.624000072479248,2.4210000038146973
2018-01-24,1355.9000244140625,17.424999237060547,1013.2999877929688,3.2084999084472656,65.61000061035156,2837.5400390625,26252.119140625,89.20999908447266,1.2310267686843872,2.6540000438690186,2.440999984741211
2018-01-25,1362.4000244140625,17.551000595092773,1029.300048828125,3.1989998817443848,65.51000213623047,2839.25,26392.7890625,89.38999938964844,1.239111304283142,2.621000051498413,2.4200000762939453
2018-01-26,1351.5999755859375,17.381999969482422,1015.0,3.182499885559082,66.13999938964844,2872.8701171875,26616.7109375,89.06999969482422,1.239234209060669,2.6619999408721924,2.4700000286102295
2018-01-30,1335.4000244140625,17.01300048828125,997.4000244140625,3.177000045776367,64.5,2822.429931640625,26076.890625,89.19000244140625,1.2381141185760498,2.7260000705718994,2.506999969482422
2018-01-31,1339.0,17.20400047302246,1001.2999877929688,3.184000015258789,64.7300033569336,2823.81005859375,26149.390625,89.12999725341797,1.2409565448760986,2.7200000286102295,2.5239999294281006
2018-02-01,1344.300048828125,17.118000030517578,1004.7999877929688,3.197000026702881,65.80000305175781,2821.97998046875,26186.7109375,88.66999816894531,1.241865873336792,2.7730000019073486,2.559000015258789
2018-02-02,1333.699951171875,16.676000595092773,996.4000244140625,3.176500082015991,65.44999694824219,2762.1298828125,25520.9609375,89.19999694824219,1.2510008811950684,2.8540000915527344,2.5989999771118164
2018-02-05,1333.0,16.638999938964844,992.5,3.2105000019073486,64.1500015258789,2648.93994140625,24345.75,89.55000305175781,1.244694471359253,2.7939999103546143,2.5209999084472656
2018-02-06,1326.0999755859375,16.54800033569336,991.2999877929688,3.177500009536743,63.38999938964844,2695.139892578125,24912.76953125,89.58999633789062,1.2367818355560303,2.7679998874664307,2.507999897003174
2018-02-07,1311.5999755859375,16.20599937438965,978.7000122070312,3.0764999389648438,61.790000915527344,2681.659912109375,24893.349609375,90.26000213623047,1.2381294965744019,2.8440001010894775,2.565000057220459
2018-02-08,1316.9000244140625,16.31399917602539,975.4000244140625,3.072000026702881,61.150001525878906,2581.0,23860.4609375,90.2300033569336,1.2268133163452148,2.8510000705718994,2.568000078201294
2018-02-09,1313.0999755859375,16.115999221801758,958.5,3.0244998931884766,59.20000076293945,2619.550048828125,24190.900390625,90.44000244140625,1.2260762453079224,2.8289999961853027,2.5160000324249268
2018-02-12,1324.199951171875,16.54800033569336,969.7999877929688,3.077500104904175,59.290000915527344,2656.0,24601.26953125,90.20999908447266,1.2252799272537231,2.8570001125335693,2.555000066757202
2018-02-13,1328.0999755859375,16.506999969482422,972.7000122070312,3.1545000076293945,59.189998626708984,2662.93994140625,24640.44921875,89.69999694824219,1.2303755283355713,2.8399999141693115,2.5490000247955322
2018-02-14,1355.5,16.857999801635742,996.0999755859375,3.2284998893737793,60.599998474121094,2698.6298828125,24893.490234375,89.12000274658203,1.235376238822937,2.9130001068115234,2.640000104904175
2018-02-15,1352.0999755859375,16.777000427246094,998.0999755859375,3.239000082015991,61.34000015258789,2731.199951171875,25200.369140625,88.58999633789062,1.2467273473739624,2.8910000324249268,2.634999990463257
2018-02-16,1353.199951171875,16.69499969482422,1009.2999877929688,3.243000030517578,61.68000030517578,2732.219970703125,25219.380859375,89.0999984741211,1.2503595352172852,2.877000093460083,2.625999927520752
2018-02-20,1328.800048828125,16.424999237060547,1001.0,3.186000108718872,61.900001525878906,2716.260009765625,24964.75,89.72000122070312,1.2398641109466553,2.8929998874664307,2.6480000019073486
2018-02-21,1330.0,16.604000091552734,993.5999755859375,3.2114999294281006,61.68000030517578,2701.330078125,24797.779296875,90.08000183105469,1.233532428741455,2.943000078201294,2.678999900817871
2018-02-22,1330.5999755859375,16.57900047302246,996.4000244140625,3.237499952316284,62.77000045776367,2703.9599609375,24962.48046875,89.75,1.2281843423843384,2.9170000553131104,2.6519999504089355
2018-02-23,1328.199951171875,16.47599983215332,995.7999877929688,3.2084999084472656,63.54999923706055,2747.300048828125,25309.990234375,89.87999725341797,1.2326656579971313,2.871000051498413,2.618000030517578
2018-02-26,1330.699951171875,16.54199981689453,998.7999877929688,3.196000099182129,63.90999984741211,2779.60009765625,25709.26953125,89.81999969482422,1.228712558746338,2.8589999675750732,2.6070001125335693
2018-02-27,1315.5,16.34600067138672,983.0999755859375,3.1575000286102295,63.0099983215332,2744.280029296875,25410.029296875,90.36000061035156,1.2315573692321777,2.9079999923706055,2.6689999103546143
2018-02-28,1315.5,16.323999404907227,986.5999755859375,3.1075000762939453,61.63999938964844,2713.830078125,25029.19921875,90.61000061035156,1.2230321168899536,2.868000030517578,2.6500000953674316
2018-03-01,1302.9000244140625,16.200000762939453,956.2999877929688,3.0994999408721924,60.9900016784668,2677.669921875,24608.98046875,90.31999969482422,1.2191256284713745,2.803999900817871,2.575000047683716
2018-03-02,1321.0999755859375,16.392000198364258,963.5999755859375,3.1010000705718994,61.25,2691.25,24538.060546875,89.94000244140625,1.2270842790603638,2.8570001125335693,2.622999906539917
2018-03-05,1318.0999755859375,16.33799934387207,960.5999755859375,3.1054999828338623,62.56999969482422,2720.93994140625,24874.759765625,90.08000183105469,1.2315422296524048,2.88100004196167,2.6440000534057617
2018-03-06,1333.5999755859375,16.71500015258789,969.0999755859375,3.13700008392334,62.599998474121094,2728.1201171875,24884.119140625,89.62000274658203,1.2336541414260864,2.877000093460083,2.6449999809265137
2018-03-07,1326.0,16.42799949645996,951.7000122070312,3.114000082015991,61.150001525878906,2726.800048828125,24801.359375,89.63999938964844,1.2416653633117676,2.882999897003174,2.6489999294281006
2018-03-08,1319.9000244140625,16.43600082397461,950.7999877929688,3.058500051498413,60.119998931884766,2738.969970703125,24895.2109375,90.12000274658203,1.2414649724960327,2.865999937057495,2.632999897003174
2018-03-09,1322.4000244140625,16.54599952697754,962.7000122070312,3.115999937057495,62.040000915527344,2786.570068359375,25335.740234375,90.08999633789062,1.2306632995605469,2.8940000534057617,2.6540000438690186
2018-03-12,1319.4000244140625,16.47100067138672,961.4000244140625,3.1040000915527344,61.36000061035156,2783.02001953125,25178.609375,89.9000015258789,1.2308752536773682,2.869999885559082,2.634999990463257
2018-03-13,1325.9000244140625,16.55900001525879,965.7999877929688,3.11899995803833,60.709999084472656,2765.31005859375,25007.029296875,89.66000366210938,1.2339584827423096,2.8480000495910645,2.630000114440918
2018-03-14,1324.4000244140625,16.466999053955078,960.0,3.140000104904175,60.959999084472656,2749.47998046875,24758.119140625,89.69999694824219,1.239234209060669,2.816999912261963,2.6059999465942383
2018-03-15,1316.800048828125,16.35300064086914,955.4000244140625,3.1110000610351562,61.189998626708984,2747.330078125,24873.66015625,90.13999938964844,1.2375624179840088,2.8259999752044678,2.621999979019165
2018-03-16,1311.300048828125,16.20199966430664,948.7000122070312,3.0929999351501465,62.34000015258789,2752.010009765625,24946.509765625,90.2300033569336,1.2309207916259766,2.8480000495910645,2.6449999809265137
2018-03-19,1316.800048828125,16.2549991607666,952.9000244140625,3.069499969482422,62.060001373291016,2712.919921875,24610.91015625,89.9000015258789,1.228078842163086,2.8450000286102295,2.6419999599456787
2018-03-20,1311.0999755859375,16.125,943.5,3.0255000591278076,63.400001525878906,2716.93994140625,24727.26953125,90.37000274658203,1.2336845397949219,2.878999948501587,2.680999994277954
2018-03-21,1320.699951171875,16.35700035095215,949.0999755859375,3.0485000610351562,65.16999816894531,2711.929931640625,24682.310546875,89.77999877929688,1.2251899242401123,2.9070000648498535,2.697999954223633
2018-03-22,1326.5999755859375,16.327999114990234,947.5999755859375,3.01200008392334,64.30000305175781,2643.68994140625,23957.890625,89.86000061035156,1.2347661256790161,2.8320000171661377,2.631999969482422
2018-03-23,1349.300048828125,16.530000686645508,946.9000244140625,2.984499931335449,65.87999725341797,2588.260009765625,23533.19921875,89.44000244140625,1.2324985265731812,2.8299999237060547,2.6110000610351562
2018-03-26,1354.4000244140625,16.631999969482422,948.9000244140625,2.9605000019073486,65.55000305175781,2658.550048828125,24202.599609375,89.02999877929688,1.235437273979187,2.8429999351501465,2.634999990463257
2018-03-27,1341.300048828125,16.48900032043457,945.2000122070312,2.991499900817871,65.25,2612.6201171875,23857.7109375,89.37000274658203,1.2457488775253296,2.7860000133514404,2.5789999961853027
2018-03-28,1324.199951171875,16.204999923706055,934.7000122070312,2.99399995803833,64.37999725341797,2605.0,23848.419921875,90.05999755859375,1.240787148475647,2.7750000953674316,2.5889999866485596
2018-03-29,1322.800048828125,16.222999572753906,927.2999877929688,3.0190000534057617,64.94000244140625,2640.8701171875,24103.109375,90.1500015258789,1.2310267686843872,2.740999937057495,2.562000036239624
2018-04-02,1342.0999755859375,16.62700080871582,930.7000122070312,3.0404999256134033,63.0099983215332,2581.8798828125,23644.189453125,90.05000305175781,1.231420874595642,2.7320001125335693,2.5490000247955322
2018-04-03,1332.800048828125,16.347000122070312,925.2999877929688,3.058000087738037,63.5099983215332,2614.449951171875,24033.359375,90.19999694824219,1.229271411895752,2.7839999198913574,2.6040000915527344
2018-04-04,1335.800048828125,16.208999633789062,912.0999755859375,3.006999969482422,63.369998931884766,2644.68994140625,24264.30078125,90.13999938964844,1.2278525829315186,2.7880001068115234,2.6059999465942383
2018-04-05,1324.300048828125,16.31999969482422,909.7999877929688,3.069499969482422,63.540000915527344,2662.840087890625,24505.220703125,90.45999908447266,1.228682279586792,2.8320000171661377,2.640000104904175
2018-04-06,1331.9000244140625,16.332000732421875,912.0,3.053999900817871,62.060001373291016,2604.469970703125,23932.759765625,90.11000061035156,1.2251598834991455,2.7750000953674316,2.5889999866485596
2018-04-09,1336.300048828125,16.499000549316406,933.9000244140625,3.071500062942505,63.41999816894531,2613.159912109375,23979.099609375,89.83999633789062,1.227144479751587,2.7860000133514404,2.6010000705718994
2018-04-10,1342.0,16.56599998474121,927.5999755859375,3.13100004196167,65.51000213623047,2656.8701171875,24408.0,89.58999633789062,1.2322403192520142,2.796999931335449,2.625
2018-04-11,1356.5,16.738000869750977,928.7999877929688,3.111999988555908,66.81999969482422,2642.18994140625,24189.44921875,89.56999969482422,1.2363078594207764,2.7899999618530273,2.619999885559082
2018-04-12,1338.4000244140625,16.44300079345703,929.0,3.059999942779541,67.06999969482422,2663.989990234375,24483.05078125,89.75,1.2371643781661987,2.8340001106262207,2.6710000038146973
2018-04-13,1344.800048828125,16.628000259399414,927.2999877929688,3.067500114440918,67.38999938964844,2656.300048828125,24360.140625,89.80000305175781,1.2329696416854858,2.8289999961853027,2.6760001182556152
2018-04-16,1347.5,16.66200065612793,925.7000122070312,3.0915000438690186,66.22000122070312,2677.840087890625,24573.0390625,89.43000030517578,1.233258605003357,2.8320000171661377,2.683000087738037
2018-04-17,1347.199951171875,16.77199935913086,933.9000244140625,3.075000047683716,66.5199966430664,2706.389892578125,24786.630859375,89.5199966430664,1.2385127544403076,2.813999891281128,2.677999973297119
2018-04-18,1351.199951171875,17.231000900268555,939.5,3.1535000801086426,68.47000122070312,2708.639892578125,24748.0703125,89.62000274658203,1.237317442893982,2.867000102996826,2.7309999465942383
2018-04-19,1346.800048828125,17.222000122070312,933.7000122070312,3.128000020980835,68.29000091552734,2693.1298828125,24664.890625,89.94000244140625,1.237914800643921,2.9140000343322754,2.759999990463257
2018-04-20,1336.699951171875,17.14699935913086,925.5999755859375,3.131500005722046,68.37999725341797,2670.139892578125,24462.939453125,90.31999969482422,1.2345526218414307,2.9509999752044678,2.7929999828338623
2018-04-23,1322.5,16.570999145507812,916.2999877929688,3.1080000400543213,68.63999938964844,2670.2900390625,24448.689453125,90.94000244140625,1.2273402214050293,2.9730000495910645,2.819000005722046
2018-04-24,1331.4000244140625,16.687000274658203,928.9000244140625,3.1384999752044678,67.69999694824219,2634.56005859375,24024.130859375,90.7699966430664,1.22089684009552,2.9830000400543213,2.811000108718872
2018-04-25,1321.199951171875,16.486000061035156,906.5999755859375,3.131999969482422,68.05000305175781,2639.39990234375,24083.830078125,91.16999816894531,1.2241400480270386,3.0239999294281006,2.8350000381469727
2018-04-26,1316.300048828125,16.488000869750977,904.0,3.11299991607666,68.19000244140625,2666.93994140625,24322.33984375,91.55999755859375,1.2171669006347656,2.990000009536743,2.819000005722046
2018-04-27,1320.300048828125,16.4060001373291,911.0,3.0460000038146973,68.0999984741211,2669.909912109375,24311.189453125,91.54000091552734,1.2109616994857788,2.9570000171661377,2.8010001182556152
2018-04-30,1316.199951171875,16.312000274658203,899.0,3.052500009536743,68.56999969482422,2648.050048828125,24163.150390625,91.83999633789062,1.2122827768325806,2.936000108718872,2.7890000343322754
2018-05-01,1303.800048828125,16.038999557495117,888.7999877929688,3.015000104904175,67.25,2654.800048828125,24099.05078125,92.44999694824219,1.2081234455108643,2.9760000705718994,2.821000099182129
2018-05-02,1302.5999755859375,16.291000366210938,888.5,3.047499895095825,67.93000030517578,2635.669921875,23924.98046875,92.51000213623047,1.1991558074951172,2.9639999866485596,2.802000045776367
2018-05-03,1310.699951171875,16.36199951171875,898.7000122070312,3.059000015258789,68.43000030517578,2629.72998046875,23930.150390625,92.41000366210938,1.19510018825531,2.946000099182129,2.7820000648498535
2018-05-04,1312.699951171875,16.43400001525879,905.0,3.065500020980835,69.72000122070312,2663.419921875,24262.509765625,92.56999969482422,1.1989257335662842,2.944000005722046,2.7799999713897705
2018-05-07,1312.199951171875,16.413000106811523,908.0,3.059499979019165,70.7300033569336,2672.6298828125,24357.3203125,92.75,1.195500135421753,2.950000047683716,2.7839999198913574
2018-05-08,1312.0,16.38800048828125,907.0999755859375,3.0404999256134033,69.05999755859375,2671.919921875,24360.2109375,93.12000274658203,1.1933743953704834,2.9690001010894775,2.808000087738037
2018-05-09,1311.300048828125,16.45800018310547,911.5999755859375,3.0394999980926514,71.13999938964844,2697.7900390625,24542.5390625,93.04000091552734,1.1867886781692505,3.003999948501587,2.8380000591278076
2018-05-10,1320.800048828125,16.68000030517578,920.5,3.0924999713897705,71.36000061035156,2723.070068359375,24739.529296875,92.6500015258789,1.184721827507019,2.9709999561309814,2.8329999446868896
2018-05-11,1319.0,16.676000595092773,922.4000244140625,3.0950000286102295,70.69999694824219,2727.719970703125,24831.169921875,92.54000091552734,1.1917530298233032,2.9709999561309814,2.8380000591278076
2018-05-14,1316.5,16.56999969482422,911.5,3.0785000324249268,70.95999908447266,2730.1298828125,24899.41015625,92.58999633789062,1.1952143907546997,2.994999885559082,2.8519999980926514
2018-05-15,1288.9000244140625,16.194000244140625,893.7999877929688,3.0425000190734863,71.30999755859375,2711.449951171875,24706.41015625,93.22000122070312,1.1931180953979492,3.0799999237060547,2.924999952316284
2018-05-16,1290.199951171875,16.297000885009766,886.5,3.058500051498413,71.48999786376953,2722.4599609375,24768.9296875,93.38999938964844,1.1820889711380005,3.0950000286102295,2.934000015258789
2018-05-17,1288.199951171875,16.413000106811523,889.0,3.0769999027252197,71.48999786376953,2720.1298828125,24713.98046875,93.47000122070312,1.1816978454589844,3.1089999675750732,2.931999921798706
2018-05-18,1290.199951171875,16.386999130249023,883.4000244140625,3.0510001182556152,71.27999877929688,2712.969970703125,24715.08984375,93.63999938964844,1.1795234680175781,3.066999912261963,2.8919999599456787
2018-05-21,1290.199951171875,16.45199966430664,896.7000122070312,3.0855000019073486,72.23999786376953,2733.010009765625,25013.2890625,93.68000030517578,1.1766643524169922,3.065000057220459,2.8980000019073486
2018-05-22,1291.699951171875,16.507999420166016,905.7000122070312,3.11899995803833,72.12999725341797,2724.43994140625,24834.41015625,93.61000061035156,1.1792453527450562,3.065000057220459,2.8989999294281006
2018-05-23,1289.300048828125,16.33799934387207,897.7000122070312,3.060499906539917,71.83999633789062,2733.2900390625,24886.810546875,94.01000213623047,1.1788560152053833,3.003000020980835,2.8299999237060547
2018-05-24,1303.699951171875,16.621000289916992,909.5,3.0855000019073486,70.70999908447266,2727.760009765625,24811.759765625,93.77999877929688,1.1710150241851807,2.9809999465942383,2.815999984741211
2018-05-25,1303.300048828125,16.481000900268555,898.2000122070312,3.066999912261963,67.87999725341797,2721.330078125,24753.08984375,94.19000244140625,1.1722642183303833,2.930999994277954,2.7639999389648438
2018-05-29,1298.699951171875,16.30500030517578,902.7999877929688,3.052000045776367,66.7300033569336,2689.860107421875,24361.44921875,94.83000183105469,1.162696123123169,2.7679998874664307,2.5759999752044678
2018-05-30,1301.5,16.479000091552734,906.5,3.059499979019165,68.20999908447266,2724.010009765625,24667.779296875,94.1500015258789,1.1539349555969238,2.8420000076293945,2.6730000972747803
2018-05-31,1300.0999755859375,16.402000427246094,908.0999755859375,3.058000087738037,67.04000091552734,2705.27001953125,24415.83984375,93.98999786376953,1.1667250394821167,2.822000026702881,2.6640000343322754
2018-06-01,1294.800048828125,16.38800048828125,904.7000122070312,3.0915000438690186,65.80999755859375,2734.6201171875,24635.2109375,94.19000244140625,1.1693171262741089,2.8949999809265137,2.73799991607666
2018-06-04,1293.0999755859375,16.378999710083008,901.5,3.126499891281128,64.75,2746.8701171875,24813.689453125,94.0199966430664,1.1668611764907837,2.937000036239624,2.7850000858306885
2018-06-05,1297.5,16.490999221801758,899.2999877929688,3.190999984741211,65.5199966430664,2748.800048828125,24799.98046875,93.88999938964844,1.1700559854507446,2.9189999103546143,2.76200008392334
2018-06-06,1297.0999755859375,16.642000198364258,905.5999755859375,3.254499912261963,64.7300033569336,2772.35009765625,25146.390625,93.66000366210938,1.1726216077804565,2.9749999046325684,2.812999963760376
2018-06-07,1298.699951171875,16.766000747680664,898.2999877929688,3.2679998874664307,65.94999694824219,2770.3701171875,25241.41015625,93.4000015258789,1.178550362586975,2.933000087738037,2.7769999504089355
2018-06-08,1298.0999755859375,16.694000244140625,903.7000122070312,3.2929999828338623,65.73999786376953,2779.030029296875,25316.529296875,93.55000305175781,1.1795234680175781,2.937000036239624,2.7750000953674316
2018-06-11,1298.9000244140625,16.905000686645508,904.4000244140625,3.250499963760376,66.0999984741211,2782.0,25322.310546875,93.58000183105469,1.1783976554870605,2.9570000171661377,2.802000045776367
2018-06-12,1295.0999755859375,16.849000930786133,899.5,3.242500066757202,66.36000061035156,2786.85009765625,25320.73046875,93.80000305175781,1.177412509918213,2.9570000171661377,2.808000087738037
2018-06-13,1296.9000244140625,16.952999114990234,900.5,3.247999906539917,66.63999938964844,2775.6298828125,25201.19921875,93.70999908447266,1.17482590675354,2.9769999980926514,2.8399999141693115
2018-06-14,1304.0,17.22599983215332,908.9000244140625,3.2165000438690186,66.88999938964844,2782.489990234375,25175.310546875,94.7699966430664,1.1807769536972046,2.946000099182129,2.815999984741211
2018-06-15,1274.5999755859375,16.45199966430664,885.7999877929688,3.1410000324249268,65.05999755859375,2779.659912109375,25090.48046875,94.79000091552734,1.1566576957702637,2.9240000247955322,2.7990000247955322
2018-06-18,1276.199951171875,16.41200065612793,881.9000244140625,3.1034998893737793,65.8499984741211,2773.75,24987.470703125,94.75,1.159595012664795,2.9260001182556152,2.7990000247955322
2018-06-19,1275.5999755859375,16.30299949645996,862.9000244140625,3.0464999675750732,65.06999969482422,2762.590087890625,24700.2109375,95.08999633789062,1.1630746126174927,2.8929998874664307,2.7669999599456787
2018-06-20,1271.199951171875,16.288999557495117,872.0999755859375,3.0464999675750732,66.22000122070312,2767.320068359375,24657.80078125,95.05999755859375,1.1588560342788696,2.927999973297119,2.7960000038146973
2018-06-21,1267.199951171875,16.305999755859375,861.2000122070312,3.0250000953674316,65.54000091552734,2749.760009765625,24461.69921875,94.87000274658203,1.1579033136367798,2.8970000743865967,2.7669999599456787
2018-06-22,1267.4000244140625,16.43899917602539,871.2999877929688,3.0325000286102295,68.58000183105469,2754.8798828125,24580.890625,94.5199966430664,1.1605775356292725,2.9000000953674316,2.7739999294281006
2018-06-25,1265.5999755859375,16.308000564575195,866.7999877929688,2.992000102996826,68.08000183105469,2717.070068359375,24252.80078125,94.27999877929688,1.1661399602890015,2.875,2.743000030517578
2018-06-26,1256.5999755859375,16.238000869750977,869.2999877929688,2.996999979019165,70.52999877929688,2723.06005859375,24283.109375,94.68000030517578,1.1702749729156494,2.880000114440918,2.747999906539917
2018-06-27,1252.800048828125,16.138999938964844,856.2999877929688,2.989500045776367,72.76000213623047,2699.6298828125,24117.58984375,95.29000091552734,1.1650259494781494,2.8269999027252197,2.697000026702881
2018-06-28,1247.800048828125,15.951000213623047,850.2999877929688,2.9535000324249268,73.44999694824219,2716.31005859375,24216.05078125,95.38999938964844,1.1563634872436523,2.8469998836517334,2.7260000705718994
2018-06-29,1251.300048828125,16.104000091552734,852.4000244140625,2.9509999752044678,74.1500015258789,2718.3701171875,24271.41015625,94.62999725341797,1.1562966108322144,2.8489999771118164,2.7309999465942383
2018-07-02,1239.800048828125,15.744000434875488,809.0,2.93149995803833,73.94000244140625,2726.7099609375,24307.1796875,94.87000274658203,1.1678558588027954,2.865999937057495,2.753000020980835
2018-07-03,1251.5999755859375,15.95199966430664,841.7999877929688,2.9059998989105225,74.13999938964844,2713.219970703125,24174.8203125,94.58999633789062,1.1642121076583862,2.8380000591278076,2.7300000190734863
2018-07-05,1257.300048828125,16.007999420166016,837.0999755859375,2.813999891281128,72.94000244140625,2736.610107421875,24356.740234375,94.47000122070312,1.166235089302063,2.8399999141693115,2.740999937057495
2018-07-06,1254.300048828125,15.980999946594238,844.2000122070312,2.812999963760376,73.80000305175781,2759.820068359375,24456.48046875,94.04000091552734,1.1695905923843384,2.8310000896453857,2.7230000495910645
2018-07-09,1258.0999755859375,16.05299949645996,849.0,2.8389999866485596,73.8499984741211,2784.169921875,24776.58984375,94.08000183105469,1.1752262115478516,2.859999895095825,2.752000093460083
2018-07-10,1253.800048828125,16.003000259399414,842.0,2.8285000324249268,74.11000061035156,2793.840087890625,24919.66015625,94.11000061035156,1.1756960153579712,2.872999906539917,2.7720000743865967
2018-07-11,1242.800048828125,15.732000350952148,831.0,2.7335000038146973,70.37999725341797,2774.02001953125,24700.44921875,94.72000122070312,1.1727042198181152,2.8420000076293945,2.740000009536743
2018-07-12,1245.0,15.89799976348877,842.2999877929688,2.7679998874664307,70.33000183105469,2798.2900390625,24924.890625,94.80999755859375,1.1676785945892334,2.8529999256134033,2.755000114440918
2018-07-13,1239.5999755859375,15.73900032043457,826.2000122070312,2.7699999809265137,71.01000213623047,2801.31005859375,25019.41015625,94.75,1.1665889024734497,2.8310000896453857,2.7269999980926514
2018-07-16,1238.0999755859375,15.734999656677246,822.2999877929688,2.756999969482422,68.05999755859375,2798.429931640625,25064.359375,94.51000213623047,1.1679104566574097,2.8580000400543213,2.753999948501587
2018-07-17,1225.699951171875,15.545999526977539,815.7999877929688,2.739500045776367,68.08000183105469,2809.550048828125,25119.890625,94.97000122070312,1.170946478843689,2.864000082015991,2.763000011444092
2018-07-18,1226.300048828125,15.503000259399414,813.7000122070312,2.752000093460083,68.76000213623047,2815.6201171875,25199.2890625,95.08000183105469,1.1653246879577637,2.875,2.7679998874664307
2018-07-19,1222.4000244140625,15.34000015258789,800.5999755859375,2.686000108718872,69.45999908447266,2804.489990234375,25064.5,95.16999816894531,1.164564609527588,2.8469998836517334,2.740000009536743
2018-07-20,1229.5,15.489999771118164,823.5999755859375,2.746000051498413,70.45999908447266,2801.830078125,25058.119140625,94.45999908447266,1.1655147075653076,2.8949999809265137,2.7679998874664307
2018-07-23,1224.0,15.368000030517578,825.7999877929688,2.736999988555908,67.88999938964844,2806.97998046875,25044.2890625,94.66999816894531,1.1741912364959717,2.9649999141693115,2.828000068664551
2018-07-24,1223.9000244140625,15.463000297546387,829.5999755859375,2.799999952316284,68.5199966430664,2820.39990234375,25241.939453125,94.61000061035156,1.1694128513336182,2.9489998817443848,2.818000078201294
2018-07-25,1231.4000244140625,15.532999992370605,833.7999877929688,2.805999994277954,69.30000305175781,2846.070068359375,25414.099609375,94.36000061035156,1.1685519218444824,2.936000108718872,2.813999891281128
2018-07-26,1225.300048828125,15.437999725341797,832.4000244140625,2.803999900817871,69.61000061035156,2837.43994140625,25527.0703125,94.75,1.1737502813339233,2.9749999046325684,2.8580000400543213
2018-07-27,1222.5999755859375,15.435999870300293,826.4000244140625,2.7874999046325684,68.69000244140625,2818.820068359375,25451.060546875,94.68000030517578,1.1642934083938599,2.9600000381469727,2.8459999561309814
2018-07-30,1221.300048828125,15.475000381469727,826.5999755859375,2.7790000438690186,70.12999725341797,2802.60009765625,25306.830078125,94.36000061035156,1.16604483127594,2.9749999046325684,2.8499999046325684
2018-07-31,1223.699951171875,15.5,840.9000244140625,2.819000005722046,68.76000213623047,2816.2900390625,25415.189453125,94.48999786376953,1.1707408428192139,2.9639999866485596,2.8480000495910645
2018-08-01,1217.9000244140625,15.394000053405762,812.4000244140625,2.734999895095825,67.66000366210938,2813.360107421875,25333.8203125,94.62000274658203,1.168961763381958,3.003000020980835,2.875
2018-08-02,1210.5999755859375,15.329000473022461,823.4000244140625,2.7269999980926514,68.95999908447266,2827.219970703125,25326.16015625,95.16999816894531,1.1665889024734497,2.9860000610351562,2.8529999256134033
2018-08-03,1214.199951171875,15.406000137329102,832.0999755859375,2.753499984741211,68.48999786376953,2840.35009765625,25462.580078125,95.13999938964844,1.1586008071899414,2.953000068664551,2.815999984741211
2018-08-06,1208.5999755859375,15.291999816894531,821.5,2.7209999561309814,69.01000213623047,2850.39990234375,25502.1796875,95.36000061035156,1.1562297344207764,2.937999963760376,2.805999994277954
2018-08-07,1209.5999755859375,15.317000389099121,826.5999755859375,2.740999937057495,69.16999816894531,2858.449951171875,25628.91015625,95.22000122070312,1.1558021306991577,2.9730000495910645,2.8410000801086426
2018-08-08,1212.5999755859375,15.37600040435791,824.7000122070312,2.740499973297119,66.94000244140625,2857.699951171875,25583.75,95.0999984741211,1.1602946519851685,2.9709999561309814,2.8380000591278076
2018-08-09,1211.9000244140625,15.418999671936035,829.2999877929688,2.755500078201294,66.80999755859375,2853.580078125,25509.23046875,95.5,1.1610760688781738,2.934999942779541,2.812999963760376
2018-08-10,1211.0999755859375,15.265999794006348,824.7999877929688,2.7325000762939453,67.62999725341797,2833.280029296875,25313.140625,96.36000061035156,1.1523923873901367,2.8570001125335693,2.7300000190734863
2018-08-13,1191.300048828125,14.95300006866455,794.5999755859375,2.7219998836517334,67.19999694824219,2821.929931640625,25187.69921875,96.38999938964844,1.1394712924957275,2.877000093460083,2.746999979019165
2018-08-14,1193.0,15.024999618530273,798.5,2.67549991607666,67.04000091552734,2839.9599609375,25299.919921875,96.7300033569336,1.1402509212493896,2.8949999809265137,2.7669999599456787
2018-08-15,1177.5,14.420999526977539,768.7000122070312,2.556999921798706,65.01000213623047,2818.3701171875,25162.41015625,96.69999694824219,1.1345715522766113,2.8519999980926514,2.7239999771118164
2018-08-16,1176.199951171875,14.696999549865723,781.2999877929688,2.6135001182556152,65.45999908447266,2840.68994140625,25558.73046875,96.6500015258789,1.134429931640625,2.871000051498413,2.747999906539917
2018-08-17,1176.5,14.616000175476074,774.0999755859375,2.624500036239624,65.91000366210938,2850.1298828125,25669.3203125,96.0999984741211,1.1371389627456665,2.872999906539917,2.752000093460083
2018-08-20,1186.800048828125,14.654999732971191,790.7000122070312,2.6635000705718994,66.43000030517578,2857.050048828125,25758.689453125,95.9000015258789,1.1437721252441406,2.822999954223633,2.7019999027252197
2018-08-21,1192.5999755859375,14.75100040435791,789.7999877929688,2.689500093460083,67.3499984741211,2862.9599609375,25822.2890625,95.26000213623047,1.149134635925293,2.8440001010894775,2.7260000705718994
2018-08-22,1196.300048828125,14.734999656677246,790.5,2.6684999465942383,67.86000061035156,2861.820068359375,25733.599609375,95.1500015258789,1.1576753854751587,2.822999954223633,2.7060000896453857
2018-08-23,1187.0,14.527000427246094,775.2000122070312,2.6524999141693115,67.83000183105469,2856.97998046875,25656.98046875,95.62000274658203,1.1584800481796265,2.821000099182129,2.7139999866485596
2018-08-24,1206.300048828125,14.779000282287598,786.4000244140625,2.6989998817443848,68.72000122070312,2874.68994140625,25790.349609375,95.1500015258789,1.154334545135498,2.8259999752044678,2.7239999771118164
2018-08-27,1209.0,14.843999862670898,801.2000122070312,2.7049999237060547,68.87000274658203,2896.739990234375,26049.640625,94.77999877929688,1.164890170097351,2.8480000495910645,2.744999885559082
2018-08-28,1207.4000244140625,14.767000198364258,793.5,2.7339999675750732,68.52999877929688,2897.52001953125,26064.01953125,94.72000122070312,1.1683608293533325,2.884000062942505,2.7739999294281006
2018-08-29,1204.5,14.687999725341797,794.7999877929688,2.7090001106262207,69.51000213623047,2914.0400390625,26124.5703125,94.5999984741211,1.1691256761550903,2.884000062942505,2.7799999713897705
2018-08-30,1197.699951171875,14.47700023651123,790.5,2.690500020980835,70.25,2901.1298828125,25986.919921875,94.72000122070312,1.1709738969802856,2.859999895095825,2.755000114440918
2018-08-31,1200.300048828125,14.437999725341797,785.9000244140625,2.6489999294281006,69.80000305175781,2901.52001953125,25964.8203125,95.13999938964844,1.1664663553237915,2.8529999256134033,2.734999895095825
2018-09-04,1192.699951171875,14.060999870300293,777.0,2.5834999084472656,69.87000274658203,2896.719970703125,25952.48046875,95.41999816894531,1.161548137664795,2.9019999504089355,2.7750000953674316
2018-09-05,1194.9000244140625,14.118000030517578,783.0999755859375,2.5924999713897705,68.72000122070312,2888.60009765625,25974.990234375,95.12999725341797,1.1586545705795288,2.9019999504089355,2.7699999809265137
2018-09-06,1197.9000244140625,14.074999809265137,789.7000122070312,2.618499994277954,67.7699966430664,2878.050048828125,25995.869140625,95.0199966430664,1.1635212898254395,2.878999948501587,2.747999906539917
2018-09-07,1193.5999755859375,14.067000389099121,779.2000122070312,2.6034998893737793,67.75,2871.679931640625,25916.5390625,95.37000274658203,1.1620069742202759,2.941999912261963,2.822999954223633
2018-09-10,1193.0,14.079000473022461,788.7999877929688,2.6105000972747803,67.54000091552734,2877.1298828125,25857.0703125,95.1500015258789,1.1561094522476196,2.937000036239624,2.828000068664551
2018-09-11,1195.4000244140625,14.052000045776367,788.0999755859375,2.6040000915527344,69.25,2887.889892578125,25971.060546875,95.05999755859375,1.159595012664795,2.9769999980926514,2.86899995803833
2018-09-12,1204.699951171875,14.192000389099121,798.7000122070312,2.6584999561309814,70.37000274658203,2888.919921875,25998.919921875,94.80000305175781,1.1596084833145142,2.9630000591278076,2.859999895095825
2018-09-13,1202.0,14.142999649047852,802.0999755859375,2.6644999980926514,68.58999633789062,2904.179931640625,26145.990234375,94.54000091552734,1.1629259586334229,2.9630000591278076,2.865999937057495
2018-09-14,1195.0,14.041999816894531,797.4000244140625,2.627500057220459,68.98999786376953,2904.97998046875,26154.669921875,94.9800033569336,1.1691803932189941,2.99399995803833,2.8980000019073486
2018-09-17,1199.699951171875,14.121999740600586,799.7000122070312,2.633500099182129,68.91000366210938,2888.800048828125,26062.119140625,94.51000213623047,1.1628988981246948,3.000999927520752,2.9019999504089355
2018-09-18,1196.800048828125,14.083999633789062,813.7000122070312,2.7119998931884766,69.8499984741211,2904.31005859375,26246.9609375,94.62000274658203,1.1669156551361084,3.0480000972747803,2.936000108718872
2018-09-19,1202.199951171875,14.189000129699707,820.7000122070312,2.7100000381469727,71.12000274658203,2907.949951171875,26405.759765625,94.55000305175781,1.167992353439331,3.0829999446868896,2.9600000381469727
2018-09-20,1206.199951171875,14.21500015258789,833.0999755859375,2.7209999561309814,70.80000305175781,2930.75,26656.98046875,93.91000366210938,1.167460560798645,3.078000068664551,2.9619998931884766
2018-09-21,1196.199951171875,14.269000053405762,828.5,2.8364999294281006,70.77999877929688,2929.669921875,26743.5,94.22000122070312,1.1775927543640137,3.068000078201294,2.9539999961853027
2018-09-24,1199.300048828125,14.25100040435791,828.2000122070312,2.815999984741211,72.08000183105469,2919.3701171875,26562.05078125,94.26000213623047,1.1751019954681396,3.078000068664551,2.9590001106262207
2018-09-25,1200.0,14.39799976348877,821.7999877929688,2.803499937057495,72.27999877929688,2915.56005859375,26492.2109375,94.12999725341797,1.175295352935791,3.1019999980926514,2.9830000400543213
2018-09-26,1194.0,14.305000305175781,824.5,2.806999921798706,71.56999969482422,2905.969970703125,26385.279296875,94.19000244140625,1.1763184070587158,3.061000108718872,2.9579999446868896
2018-09-27,1182.300048828125,14.201000213623047,810.2999877929688,2.7644999027252197,72.12000274658203,2914.0,26439.9296875,95.0,1.1748534440994263,3.055999994277954,2.9600000381469727
2018-09-28,1191.5,14.623000144958496,818.7000122070312,2.7869999408721924,73.25,2913.97998046875,26458.310546875,95.19000244140625,1.1637378931045532,3.055999994277954,2.947999954223633
2018-10-01,1187.0999755859375,14.42199993133545,824.0,2.7739999294281006,75.30000305175781,2924.590087890625,26651.2109375,95.30000305175781,1.1605371236801147,3.0799999237060547,2.9600000381469727
2018-10-02,1202.4000244140625,14.609999656677246,830.0999755859375,2.7950000762939453,75.2300033569336,2923.429931640625,26773.939453125,95.51000213623047,1.157755732536316,3.055999994277954,2.944000005722046
2018-10-03,1198.300048828125,14.59000015258789,832.2000122070312,2.822499990463257,76.41000366210938,2925.510009765625,26828.390625,95.76000213623047,1.1551746129989624,3.1610000133514404,3.0239999294281006
2018-10-04,1197.199951171875,14.510000228881836,821.0,2.765000104904175,74.33000183105469,2901.610107421875,26627.48046875,95.75,1.147631287574768,3.197000026702881,3.053999900817871
2018-10-05,1201.199951171875,14.569000244140625,821.0999755859375,2.750999927520752,74.33999633789062,2885.570068359375,26447.05078125,95.62000274658203,1.1518083810806274,3.2249999046325684,3.071000099182129
2018-10-08,1184.4000244140625,14.258999824523926,814.0999755859375,2.755000114440918,74.29000091552734,2884.429931640625,26486.779296875,95.7699966430664,1.1522595882415771,3.2330000400543213,3.072999954223633
2018-10-09,1187.199951171875,14.329000473022461,825.5999755859375,2.7950000762939453,74.95999908447266,2880.340087890625,26430.5703125,95.68000030517578,1.1494120359420776,3.2079999446868896,3.056999921798706
2018-10-10,1189.300048828125,14.255000114440918,824.0999755859375,2.7690000534057617,73.16999816894531,2785.679931640625,25598.740234375,95.51000213623047,1.1506949663162231,3.2249999046325684,3.059000015258789
2018-10-11,1223.5,14.53499984741211,842.7999877929688,2.796999931335449,70.97000122070312,2728.3701171875,25052.830078125,95.0199966430664,1.1533360481262207,3.132999897003174,2.989000082015991
2018-10-12,1218.0999755859375,14.564000129699707,836.2000122070312,2.7929999828338623,71.33999633789062,2767.1298828125,25339.990234375,95.22000122070312,1.1590440273284912,3.1410000324249268,2.99399995803833
2018-10-15,1226.4000244140625,14.656000137329102,842.5,2.7804999351501465,71.77999877929688,2750.7900390625,25250.55078125,95.06999969482422,1.1551345586776733,3.1630001068115234,3.0179998874664307
2018-10-16,1227.300048828125,14.630000114440918,843.0999755859375,2.7704999446868896,71.91999816894531,2809.919921875,25798.419921875,95.05000305175781,1.1583458185195923,3.1559998989105225,3.0169999599456787
2018-10-17,1223.699951171875,14.592000007629395,836.9000244140625,2.7669999599456787,69.75,2809.2099609375,25706.6796875,95.58000183105469,1.1575279235839844,3.178999900817871,3.0409998893737793
2018-10-18,1226.5,14.532999992370605,827.7999877929688,2.737499952316284,68.6500015258789,2768.780029296875,25379.44921875,95.9000015258789,1.1500862836837769,3.174999952316284,3.0239999294281006
2018-10-19,1225.300048828125,14.579000473022461,832.2999877929688,2.7679998874664307,69.12000274658203,2767.780029296875,25444.33984375,95.70999908447266,1.1460003852844238,3.197999954223633,3.052000045776367
2018-10-22,1221.199951171875,14.522000312805176,819.0,2.7739999294281006,69.16999816894531,2755.8798828125,25317.41015625,96.01000213623047,1.1509466171264648,3.196000099182129,3.0480000972747803
2018-10-23,1233.4000244140625,14.727999687194824,832.4000244140625,2.746999979019165,66.43000030517578,2740.68994140625,25191.4296875,95.95999908447266,1.1467890739440918,3.1659998893737793,3.009000062942505
2018-10-24,1227.800048828125,14.611000061035156,828.7000122070312,2.746500015258789,66.81999969482422,2656.10009765625,24583.419921875,96.43000030517578,1.147315263748169,3.124000072479248,2.9639999866485596
2018-10-25,1229.0999755859375,14.5649995803833,828.7000122070312,2.748500108718872,67.33000183105469,2705.570068359375,24984.55078125,96.68000030517578,1.1399258375167847,3.135999917984009,2.9800000190734863
2018-10-26,1232.5,14.635000228881836,829.5,2.74399995803833,67.58999633789062,2658.68994140625,24688.310546875,96.36000061035156,1.1377859115600586,3.0769999027252197,2.9070000648498535
2018-10-29,1224.5,14.376999855041504,832.0,2.7385001182556152,67.04000091552734,2641.25,24442.919921875,96.58000183105469,1.1398738622665405,3.0869998931884766,2.9189999103546143
2018-10-30,1222.5999755859375,14.402999877929688,834.5999755859375,2.6630001068115234,66.18000030517578,2682.6298828125,24874.640625,97.01000213623047,1.137617588043213,3.109999895095825,2.938999891281128
2018-10-31,1212.300048828125,14.229000091552734,839.4000244140625,2.6635000705718994,65.30999755859375,2711.739990234375,25115.759765625,97.12999725341797,1.1346358060836792,3.1589999198913574,2.986999988555908
2018-11-01,1236.0,14.729000091552734,858.2999877929688,2.7214999198913574,63.689998626708984,2740.3701171875,25380.740234375,96.27999877929688,1.1316697597503662,3.1440000534057617,2.9679999351501465
2018-11-02,1230.9000244140625,14.706999778747559,871.9000244140625,2.802999973297119,63.13999938964844,2723.06005859375,25270.830078125,96.54000091552734,1.1403288841247559,3.2139999866485596,3.0380001068115234
2018-11-05,1229.800048828125,14.604000091552734,865.0,2.755500078201294,63.099998474121094,2738.31005859375,25461.69921875,96.3499984741211,1.1397570371627808,3.2009999752044678,3.0260000228881836
2018-11-06,1223.800048828125,14.458000183105469,867.7000122070312,2.7304999828338623,62.209999084472656,2755.449951171875,25635.009765625,96.31999969482422,1.141291856765747,3.2139999866485596,3.049999952316284
2018-11-07,1226.199951171875,14.527999877929688,875.0999755859375,2.752500057220459,61.66999816894531,2813.889892578125,26180.30078125,96.0,1.1438506841659546,3.2130000591278076,3.061000108718872
2018-11-08,1222.9000244140625,14.38599967956543,866.7000122070312,2.736999988555908,60.66999816894531,2806.830078125,26191.220703125,96.63999938964844,1.1434059143066406,3.2339999675750732,3.0899999141693115
2018-11-09,1206.4000244140625,14.102999687194824,852.4000244140625,2.686500072479248,60.189998626708984,2781.010009765625,25989.30078125,96.91000366210938,1.1368415355682373,3.188999891281128,3.0439999103546143
2018-11-12,1201.300048828125,13.973999977111816,841.7000122070312,2.677999973297119,59.93000030517578,2726.219970703125,25387.1796875,97.54000091552734,1.132502794265747,3.186000108718872,3.0390000343322754
2018-11-13,1199.199951171875,13.95199966430664,837.0999755859375,2.687000036239624,55.689998626708984,2722.179931640625,25286.490234375,97.30000305175781,1.1233429908752441,3.1449999809265137,2.986999988555908
2018-11-14,1207.9000244140625,14.055000305175781,830.7999877929688,2.7095000743865967,56.25,2701.580078125,25080.5,96.80000305175781,1.1311193704605103,3.119999885559082,2.9519999027252197
2018-11-15,1212.800048828125,14.237000465393066,842.2999877929688,2.749000072479248,56.459999084472656,2730.199951171875,25289.26953125,96.93000030517578,1.131183385848999,3.118000030517578,2.944999933242798
2018-11-16,1220.800048828125,14.357999801635742,843.5999755859375,2.803999900817871,56.459999084472656,2736.27001953125,25413.220703125,96.47000122070312,1.1324899196624756,3.0739998817443848,2.8940000534057617
2018-11-19,1223.0999755859375,14.380999565124512,855.5,2.804500102996826,56.7599983215332,2690.72998046875,25017.439453125,96.19000244140625,1.141396164894104,3.056999921798706,2.865999937057495
2018-11-20,1219.0,14.246999740600586,844.9000244140625,2.7664999961853027,53.43000030517578,2641.889892578125,24465.640625,96.80999755859375,1.1455016136169434,3.0480000972747803,2.869999885559082
2018-11-21,1225.800048828125,14.479999542236328,848.0999755859375,2.7945001125335693,54.630001068115234,2649.929931640625,24464.689453125,96.70999908447266,1.1372424364089966,3.061000108718872,2.890000104904175
2018-11-23,1221.0,14.220999717712402,842.9000244140625,2.7704999446868896,50.41999816894531,2632.56005859375,24285.94921875,96.91999816894531,1.1403158903121948,3.053999900817871,2.880000114440918
2018-11-26,1220.199951171875,14.182999610900879,845.7000122070312,2.758500099182129,51.630001068115234,2673.449951171875,24640.240234375,97.06999969482422,1.1337354183197021,3.072000026702881,2.9000000953674316
2018-11-27,1211.199951171875,14.062000274658203,833.2000122070312,2.7105000019073486,51.560001373291016,2682.169921875,24748.73046875,97.37000274658203,1.1333370208740234,3.055000066757202,2.884999990463257
2018-11-28,1221.4000244140625,14.303000450134277,824.2000122070312,2.7960000038146973,50.290000915527344,2743.7900390625,25366.4296875,96.79000091552734,1.1298797130584717,3.0439999103546143,2.8559999465942383
2018-11-29,1224.0999755859375,14.27299976348877,819.0999755859375,2.7780001163482666,51.45000076293945,2737.800048828125,25338.83984375,96.77999877929688,1.1368545293807983,3.0350000858306885,2.8550000190734863
2018-11-30,1220.199951171875,14.093999862670898,798.0,2.7774999141693115,50.93000030517578,2760.169921875,25538.4609375,97.2699966430664,1.1392766237258911,3.013000011444092,2.8450000286102295
2018-12-03,1233.9000244140625,14.380999565124512,808.9000244140625,2.799499988555908,52.95000076293945,2790.3701171875,25826.4296875,97.04000091552734,1.1342240571975708,2.992000102996826,2.8389999866485596
2018-12-04,1241.0999755859375,14.520999908447266,802.4000244140625,2.748500108718872,53.25,2700.06005859375,25027.0703125,96.97000122070312,1.135486125946045,2.9240000247955322,2.7990000247955322
2018-12-06,1238.0999755859375,14.390000343322754,787.7999877929688,2.740499973297119,51.4900016784668,2695.949951171875,24947.669921875,96.80999755859375,1.13490629196167,2.875999927520752,2.747999906539917
2018-12-07,1246.800048828125,14.571999549865723,788.5999755859375,2.757499933242798,52.61000061035156,2633.080078125,24388.94921875,96.51000213623047,1.1374752521514893,2.8499999046325684,2.696000099182129
2018-12-10,1243.699951171875,14.477999687194824,780.2999877929688,2.7184998989105225,51.0,2637.719970703125,24423.259765625,97.22000122070312,1.1400948762893677,2.8559999465942383,2.7090001106262207
2018-12-11,1241.9000244140625,14.49899959564209,783.7000122070312,2.7660000324249268,51.650001525878906,2636.780029296875,24370.240234375,97.38999938964844,1.1356538534164429,2.878999948501587,2.744999885559082
2018-12-12,1244.4000244140625,14.725000381469727,805.2999877929688,2.7685000896453857,51.150001525878906,2651.070068359375,24527.26953125,97.04000091552734,1.1323105096817017,2.9059998989105225,2.765000104904175
2018-12-13,1242.699951171875,14.729000091552734,795.7000122070312,2.762500047683716,52.58000183105469,2650.5400390625,24597.380859375,97.05999755859375,1.1373459100723267,2.9110000133514404,2.75600004196167
2018-12-14,1237.0,14.512999534606934,783.5,2.760499954223633,51.20000076293945,2599.949951171875,24100.509765625,97.44000244140625,1.1363636255264282,2.8910000324249268,2.7290000915527344
2018-12-17,1247.4000244140625,14.638999938964844,794.0999755859375,2.753000020980835,49.880001068115234,2545.93994140625,23592.98046875,97.0999984741211,1.1305949687957764,2.8570001125335693,2.693000078201294
2018-12-18,1249.199951171875,14.585000038146973,793.0,2.6710000038146973,46.2400016784668,2546.159912109375,23675.640625,97.13999938964844,1.1349835395812988,2.825000047683716,2.6559998989105225
2018-12-19,1252.0999755859375,14.70199966430664,794.5999755859375,2.7214999198913574,47.20000076293945,2506.9599609375,23323.66015625,97.04000091552734,1.1375399827957153,2.7780001163482666,2.627000093460083
2018-12-20,1263.5999755859375,14.753000259399414,794.5999755859375,2.7019999027252197,45.880001068115234,2467.419921875,22859.599609375,96.27999877929688,1.1389521360397339,2.7890000343322754,2.6530001163482666
2018-12-21,1253.800048828125,14.583000183105469,794.5999755859375,2.678499937057495,45.59000015258789,2416.6201171875,22445.369140625,96.95999908447266,1.1456853151321411,2.7920000553131104,2.6419999599456787
2018-12-24,1267.5,14.701000213623047,788.7999877929688,2.6684999465942383,42.529998779296875,2351.10009765625,21792.19921875,96.55000305175781,1.1372811794281006,2.749000072479248,2.5810000896453857
2018-12-26,1269.199951171875,15.003999710083008,799.5,2.7084999084472656,46.220001220703125,2467.699951171875,22878.44921875,97.05000305175781,1.1415525674819946,2.796999931335449,2.63700008392334
2018-12-27,1277.300048828125,15.190999984741211,795.5,2.6675000190734863,44.61000061035156,2488.830078125,23138.8203125,96.4800033569336,1.1361312866210938,2.743000030517578,2.5899999141693115
2018-12-28,1279.9000244140625,15.326000213623047,789.5999755859375,2.678999900817871,45.33000183105469,2485.739990234375,23062.400390625,96.38999938964844,1.143105387687683,2.7360000610351562,2.572999954223633
2018-12-31,1278.300048828125,15.432999610900879,795.9000244140625,2.628000020980835,45.40999984741211,2506.85009765625,23327.4609375,96.16999816894531,1.1439945697784424,2.686000108718872,2.509999990463257
2019-01-02,1281.0,15.541999816894531,799.0999755859375,2.625,46.540000915527344,2510.030029296875,23346.240234375,96.81999969482422,1.14617121219635,2.6610000133514404,2.503000020980835
2019-01-03,1291.800048828125,15.706000328063965,794.5,2.570499897003174,47.09000015258789,2447.889892578125,22686.220703125,96.30999755859375,1.1318106651306152,2.553999900817871,2.368000030517578
2019-01-04,1282.699951171875,15.694999694824219,822.0,2.6514999866485596,47.959999084472656,2531.93994140625,23433.16015625,96.19000244140625,1.1391078233718872,2.6589999198913574,2.4820001125335693
2019-01-07,1286.800048828125,15.668999671936035,818.4000244140625,2.6410000324249268,48.52000045776367,2549.68994140625,23531.349609375,95.70999908447266,1.1410444974899292,2.681999921798706,2.5190000534057617
2019-01-08,1283.199951171875,15.62600040435791,816.5,2.6605000495910645,49.779998779296875,2574.409912109375,23787.44921875,95.9000015258789,1.1479737758636475,2.7160000801086426,2.571000099182129
2019-01-09,1289.300048828125,15.652999877929688,820.0,2.6619999408721924,52.36000061035156,2584.9599609375,23879.119140625,95.22000122070312,1.1456066370010376,2.7279999256134033,2.559000015258789
2019-01-10,1284.699951171875,15.560999870300293,821.2999877929688,2.6435000896453857,52.59000015258789,2596.639892578125,24001.919921875,95.54000091552734,1.1554949283599854,2.7309999465942383,2.559000015258789
2019-01-11,1287.0999755859375,15.57699966430664,813.0,2.6695001125335693,51.59000015258789,2596.260009765625,23995.94921875,95.66999816894531,1.151012897491455,2.7009999752044678,2.5250000953674316
2019-01-14,1289.0999755859375,15.609000205993652,798.7999877929688,2.6454999446868896,50.5099983215332,2582.610107421875,23909.83984375,95.58999633789062,1.146013617515564,2.7100000381469727,2.5290000438690186
2019-01-15,1286.199951171875,15.545999526977539,795.5999755859375,2.6505000591278076,52.11000061035156,2610.300048828125,24065.58984375,95.97000122070312,1.1472889184951782,2.7109999656677246,2.5269999504089355
2019-01-16,1291.5999755859375,15.564000129699707,803.4000244140625,2.69350004196167,52.310001373291016,2616.10009765625,24207.16015625,96.05999755859375,1.1416828632354736,2.7309999465942383,2.546999931335449
2019-01-17,1291.0,15.467000007629395,807.7999877929688,2.700000047683716,52.06999969482422,2635.9599609375,24370.099609375,96.06999969482422,1.1398088932037354,2.749000072479248,2.571000099182129
2019-01-18,1281.300048828125,15.329999923706055,797.7999877929688,2.740999937057495,53.79999923706055,2670.7099609375,24706.349609375,96.33999633789062,1.13926362991333,2.7839999198913574,2.618000030517578
2019-01-22,1282.5,15.258999824523926,786.5,2.688999891281128,52.56999969482422,2632.89990234375,24404.48046875,96.30000305175781,1.136932134628296,2.7300000190734863,2.566999912261963
2019-01-23,1283.0999755859375,15.317000389099121,792.2999877929688,2.694000005722046,52.619998931884766,2638.699951171875,24575.619140625,96.12000274658203,1.1364023685455322,2.755000114440918,2.5910000801086426
2019-01-24,1279.0999755859375,15.23799991607666,799.0,2.6735000610351562,53.130001068115234,2642.330078125,24553.240234375,96.5999984741211,1.1388224363327026,2.7119998931884766,2.546999931335449
2019-01-25,1297.4000244140625,15.638999938964844,813.5,2.73799991607666,53.689998626708984,2664.760009765625,24737.19921875,95.79000091552734,1.1313496828079224,2.753000020980835,2.5889999866485596
2019-01-28,1302.4000244140625,15.708999633789062,809.7000122070312,2.6875,51.9900016784668,2643.85009765625,24528.220703125,95.75,1.1413049697875977,2.74399995803833,2.5810000896453857
2019-01-29,1308.199951171875,15.78600025177002,809.9000244140625,2.7320001125335693,53.310001373291016,2640.0,24579.9609375,95.81999969482422,1.143000841140747,2.7119998931884766,2.546999931335449
2019-01-30,1309.9000244140625,15.880000114440918,812.0,2.7730000019073486,54.22999954223633,2681.050048828125,25014.859375,95.33999633789062,1.1435366868972778,2.694999933242798,2.503000020980835
2019-01-31,1319.699951171875,16.02199935913086,820.5,2.7890000343322754,53.790000915527344,2704.10009765625,24999.669921875,95.58000183105469,1.1487650871276855,2.634999990463257,2.440000057220459
2019-02-01,1316.9000244140625,15.880000114440918,822.5999755859375,2.7750000953674316,55.2599983215332,2706.530029296875,25063.890625,95.58000183105469,1.1449507474899292,2.690999984741211,2.507999897003174
2019-02-04,1314.300048828125,15.836999893188477,818.7000122070312,2.7950000762939453,54.560001373291016,2724.8701171875,25239.369140625,95.8499984741211,1.1455278396606445,2.7239999771118164,2.5350000858306885
2019-02-05,1314.199951171875,15.789999961853027,815.7999877929688,2.816999912261963,53.65999984741211,2737.699951171875,25411.51953125,96.0999984741211,1.1436283588409424,2.7019999027252197,2.513000011444092
2019-02-06,1309.5,15.656000137329102,809.7999877929688,2.8355000019073486,54.0099983215332,2731.610107421875,25390.30078125,96.41999816894531,1.140992522239685,2.7019999027252197,2.507999897003174
2019-02-07,1309.4000244140625,15.675000190734863,793.2999877929688,2.8285000324249268,52.63999938964844,2706.050048828125,25169.529296875,96.51000213623047,1.1365960836410522,2.6519999504089355,2.4579999446868896
2019-02-08,1313.699951171875,15.77299976348877,799.2999877929688,2.809999942779541,52.720001220703125,2707.8798828125,25106.330078125,96.63999938964844,1.1338768005371094,2.631999969482422,2.440999984741211
2019-02-11,1307.0,15.656999588012695,782.7000122070312,2.7915000915527344,52.40999984741211,2709.800048828125,25053.109375,97.05999755859375,1.1324259042739868,2.6610000133514404,2.4749999046325684
2019-02-12,1309.199951171875,15.65999984741211,785.7000122070312,2.7744998931884766,53.099998474121094,2744.72998046875,25425.759765625,96.70999908447266,1.1279042959213257,2.684000015258789,2.492000102996826
2019-02-13,1310.800048828125,15.62399959564209,788.0,2.7739999294281006,53.900001525878906,2753.030029296875,25543.26953125,97.12999725341797,1.1334655284881592,2.7079999446868896,2.5269999504089355
2019-02-14,1309.800048828125,15.5,785.7000122070312,2.7760000228881836,54.40999984741211,2745.72998046875,25439.390625,96.9800033569336,1.12649405002594,2.6570000648498535,2.4730000495910645
2019-02-15,1318.0999755859375,15.722999572753906,803.4000244140625,2.802500009536743,55.59000015258789,2775.60009765625,25883.25,96.91999816894531,1.1295350790023804,2.6659998893737793,2.494999885559082
2019-02-19,1340.0999755859375,15.946999549865723,817.2999877929688,2.881500005722046,56.09000015258789,2779.760009765625,25891.3203125,96.5199966430664,1.131196141242981,2.6470000743865967,2.4700000286102295
2019-02-20,1343.300048828125,16.156999588012695,830.5,2.930000066757202,56.91999816894531,2784.699951171875,25954.439453125,96.44999694824219,1.1343011856079102,2.6540000438690186,2.4749999046325684
2019-02-21,1323.5,15.791000366210938,822.5999755859375,2.9024999141693115,56.959999084472656,2774.8798828125,25850.630859375,96.61000061035156,1.1346358060836792,2.687999963760376,2.507999897003174
2019-02-22,1329.199951171875,15.907999992370605,842.2000122070312,2.9609999656677246,57.2599983215332,2792.669921875,26031.810546875,96.51000213623047,1.1343011856079102,2.6549999713897705,2.4679999351501465
2019-02-25,1325.9000244140625,15.824999809265137,850.0,2.950000047683716,55.47999954223633,2796.110107421875,26091.94921875,96.41000366210938,1.1342240571975708,2.6730000972747803,2.4860000610351562
2019-02-26,1325.0999755859375,15.82699966430664,857.0,2.944000005722046,55.5,2793.89990234375,26057.98046875,96.0,1.1367511749267578,2.635999917984009,2.443000078201294
2019-02-27,1317.699951171875,15.67199993133545,867.7999877929688,2.9590001106262207,56.939998626708984,2792.3798828125,25985.16015625,96.1500015258789,1.1393154859542847,2.693000078201294,2.490000009536743
2019-02-28,1312.800048828125,15.538000106811523,873.0,2.950000047683716,57.220001220703125,2784.489990234375,25916.0,96.16000366210938,1.1380189657211304,2.7109999656677246,2.509000062942505
2019-03-01,1296.4000244140625,15.168999671936035,861.5999755859375,2.933500051498413,55.79999923706055,2803.68994140625,26026.3203125,96.52999877929688,1.1373459100723267,2.755000114440918,2.555999994277954
2019-03-04,1284.800048828125,15.017000198364258,836.7999877929688,2.9110000133514404,56.59000015258789,2792.81005859375,25819.650390625,96.68000030517578,1.1375917196273804,2.7219998836517334,2.5309998989105225
2019-03-05,1282.0,15.020000457763672,835.9000244140625,2.936000108718872,56.560001373291016,2789.64990234375,25806.630859375,96.8499984741211,1.1337354183197021,2.7219998836517334,2.5329999923706055
2019-03-06,1284.9000244140625,15.003000259399414,826.2000122070312,2.9184999465942383,56.220001220703125,2771.449951171875,25673.4609375,96.87000274658203,1.1307101249694824,2.691999912261963,2.496999979019165
2019-03-07,1283.800048828125,14.960000038146973,815.2999877929688,2.9114999771118164,56.65999984741211,2748.929931640625,25473.23046875,97.66999816894531,1.1314009428024292,2.635999917984009,2.434999942779541
2019-03-08,1297.0,15.272000312805176,816.0,2.8940000534057617,56.06999969482422,2743.070068359375,25450.240234375,97.37000274658203,1.1198333501815796,2.625,2.424999952316284
2019-03-11,1288.800048828125,15.196999549865723,815.2000122070312,2.9000000953674316,56.790000915527344,2783.300048828125,25650.880859375,97.22000122070312,1.1232421398162842,2.6429998874664307,2.440000057220459
2019-03-12,1296.300048828125,15.338000297546387,831.0,2.927500009536743,56.869998931884766,2791.52001953125,25554.66015625,96.94000244140625,1.1259232759475708,2.6050000190734863,2.4140000343322754
2019-03-13,1307.5,15.380999565124512,840.7999877929688,2.933500051498413,58.2599983215332,2810.919921875,25702.890625,96.55000305175781,1.1287446022033691,2.6110000610351562,2.4140000343322754
2019-03-14,1293.4000244140625,15.10099983215332,825.5999755859375,2.8884999752044678,58.61000061035156,2808.47998046875,25709.939453125,96.79000091552734,1.133105993270874,2.630000114440918,2.430000066757202
2019-03-15,1301.800048828125,15.253000259399414,830.2999877929688,2.9035000801086426,58.52000045776367,2822.47998046875,25848.869140625,96.5999984741211,1.1308379173278809,2.5929999351501465,2.4000000953674316
2019-03-18,1300.300048828125,15.25100040435791,832.5999755859375,2.9035000801086426,59.09000015258789,2832.93994140625,25914.099609375,96.5199966430664,1.1319772005081177,2.6019999980926514,2.4140000343322754
2019-03-19,1305.0,15.300999641418457,851.2000122070312,2.9195001125335693,59.029998779296875,2832.570068359375,25887.380859375,96.37999725341797,1.133619785308838,2.614000082015991,2.424999952316284
2019-03-20,1300.5,15.244999885559082,858.2000122070312,2.9154999256134033,59.83000183105469,2824.22998046875,25745.669921875,95.76000213623047,1.135486125946045,2.5350000858306885,2.3350000381469727
2019-03-21,1306.0999755859375,15.371999740600586,859.7000122070312,2.9000000953674316,59.97999954223633,2854.8798828125,25962.509765625,96.5,1.1427918672561646,2.5369999408721924,2.3410000801086426
2019-03-22,1311.5999755859375,15.345000267028809,847.2000122070312,2.8359999656677246,59.040000915527344,2800.7099609375,25502.3203125,96.6500015258789,1.1375011205673218,2.4549999237060547,2.255000114440918
2019-03-25,1321.9000244140625,15.506999969482422,856.5,2.8494999408721924,58.81999969482422,2798.360107421875,25516.830078125,96.56999969482422,1.129586100578308,2.4200000762939453,2.2019999027252197
2019-03-26,1314.300048828125,15.371000289916992,858.9000244140625,2.8505001068115234,59.939998626708984,2818.4599609375,25657.73046875,96.73999786376953,1.131580114364624,2.4140000343322754,2.193000078201294
2019-03-27,1309.9000244140625,15.23900032043457,855.5999755859375,2.8580000400543213,59.40999984741211,2805.3701171875,25625.58984375,96.7699966430664,1.127484679222107,2.374000072479248,2.1649999618530273
2019-03-28,1289.800048828125,14.920999526977539,838.2000122070312,2.868499994277954,59.29999923706055,2815.43994140625,25717.4609375,97.19999694824219,1.1251758337020874,2.3889999389648438,2.203000068664551
2019-03-29,1293.0,15.0600004196167,848.9000244140625,2.936000108718872,60.13999938964844,2834.39990234375,25928.6796875,97.27999877929688,1.1230024099349976,2.4140000343322754,2.243000030517578
2019-04-01,1288.4000244140625,15.050999641418457,850.0999755859375,2.9205000400543213,61.59000015258789,2867.18994140625,26258.419921875,97.25,1.1223849058151245,2.496999979019165,2.312000036239624
2019-04-02,1290.0,15.017999649047852,848.2000122070312,2.9040000438690186,62.58000183105469,2867.239990234375,26179.130859375,97.36000061035156,1.1205737590789795,2.4809999465942383,2.2920000553131104
2019-04-03,1289.9000244140625,15.059000015258789,869.4000244140625,2.946500062942505,62.459999084472656,2873.39990234375,26218.130859375,97.08999633789062,1.1203854084014893,2.5169999599456787,2.319999933242798
2019-04-04,1289.0,15.041000366210938,900.0,2.9084999561309814,62.099998474121094,2879.389892578125,26384.630859375,97.30999755859375,1.1246949434280396,2.51200008392334,2.316999912261963
2019-04-05,1290.4000244140625,15.043000221252441,901.0,2.8924999237060547,63.08000183105469,2892.739990234375,26424.990234375,97.4000015258789,1.1225864887237549,2.500999927520752,2.312000036239624
2019-04-08,1297.0999755859375,15.17300033569336,907.5999755859375,2.929500102996826,64.4000015258789,2895.77001953125,26341.01953125,97.05000305175781,1.121956706047058,2.5190000534057617,2.3259999752044678
2019-04-09,1303.5,15.168000221252441,893.9000244140625,2.93149995803833,63.97999954223633,2878.199951171875,26150.580078125,97.01000213623047,1.1256444454193115,2.499000072479248,2.303999900817871
2019-04-10,1309.0999755859375,15.201000213623047,903.2000122070312,2.922499895095825,64.61000061035156,2888.2099609375,26157.16015625,96.94999694824219,1.126697063446045,2.4769999980926514,2.2790000438690186
2019-04-11,1288.5999755859375,14.824000358581543,890.2999877929688,2.885999917984009,63.58000183105469,2888.320068359375,26143.05078125,97.18000030517578,1.1276500225067139,2.503999948501587,2.315999984741211
2019-04-12,1290.5999755859375,14.920000076293945,893.2000122070312,2.946000099182129,63.88999938964844,2907.409912109375,26412.30078125,96.97000122070312,1.1260753870010376,2.559999942779541,2.375
2019-04-15,1286.800048828125,14.947999954223633,890.2000122070312,2.934000015258789,63.400001525878906,2905.580078125,26384.76953125,96.94000244140625,1.1305055618286133,2.552999973297119,2.369999885559082
2019-04-16,1272.5999755859375,14.890999794006348,880.2000122070312,2.930500030517578,64.05000305175781,2907.06005859375,26452.66015625,97.04000091552734,1.1304928064346313,2.5920000076293945,2.4079999923706055
2019-04-17,1272.199951171875,14.920999526977539,886.7999877929688,2.9755001068115234,63.7599983215332,2900.449951171875,26449.5390625,97.01000213623047,1.128502607345581,2.5920000076293945,2.4010000228881836
2019-04-18,1271.9000244140625,14.937000274658203,899.7999877929688,2.927500009536743,64.0,2905.030029296875,26559.5390625,97.47000122070312,1.129713773727417,2.559999942779541,2.36899995803833
2019-04-22,1273.5,14.956999778747559,897.5,2.9065001010894775,65.69999694824219,2907.969970703125,26511.05078125,97.27999877929688,1.1244546175003052,2.5899999141693115,2.388000011444092
2019-04-23,1269.300048828125,14.77299976348877,889.0999755859375,2.8984999656677246,66.30000305175781,2933.679931640625,26656.390625,97.56999969482422,1.1258978843688965,2.569999933242798,2.3610000610351562
2019-04-24,1275.5,14.89799976348877,883.9000244140625,2.9175000190734863,65.88999938964844,2927.25,26597.05078125,98.0999984741211,1.122435212135315,2.5220000743865967,2.315000057220459
2019-04-25,1275.800048828125,14.861000061035156,885.2999877929688,2.877500057220459,65.20999908447266,2926.169921875,26462.080078125,98.19999694824219,1.1153494119644165,2.5339999198913574,2.3299999237060547
2019-04-26,1284.9000244140625,15.001999855041504,898.2000122070312,2.9700000286102295,63.29999923706055,2939.8798828125,26543.330078125,98.01000213623047,1.113684892654419,2.505000114440918,2.2950000762939453
2019-04-29,1278.5999755859375,14.843999862670898,897.7000122070312,2.8949999809265137,63.5,2943.030029296875,26554.390625,97.86000061035156,1.1150261163711548,2.5360000133514404,2.318000078201294
2019-04-30,1282.800048828125,14.899999618530273,888.0999755859375,2.9014999866485596,63.90999984741211,2945.830078125,26592.91015625,97.4800033569336,1.1185182332992554,2.509000062942505,2.2820000648498535
2019-05-01,1281.4000244140625,14.645000457763672,874.2000122070312,2.802999973297119,63.599998474121094,2923.72998046875,26430.140625,97.69000244140625,1.121604323387146,2.510999917984009,2.2980000972747803
2019-05-02,1269.699951171875,14.539999961853027,851.0,2.7839999198913574,61.810001373291016,2917.52001953125,26307.7890625,97.83000183105469,1.1200841665267944,2.552000045776367,2.3519999980926514
2019-05-03,1279.199951171875,14.906999588012695,871.5999755859375,2.825000047683716,61.939998626708984,2945.639892578125,26504.94921875,97.5199966430664,1.1173559427261353,2.5309998989105225,2.3299999237060547
2019-05-06,1281.699951171875,14.857000350952148,877.7000122070312,2.8369998931884766,62.25,2932.469970703125,26438.48046875,97.5199966430664,1.1185808181762695,2.5,2.2929999828338623
2019-05-07,1283.5,14.859999656677246,870.2000122070312,2.7939999103546143,61.400001525878906,2884.050048828125,25965.08984375,97.62999725341797,1.1201846599578857,2.447999954223633,2.252000093460083
2019-05-08,1279.4000244140625,14.791999816894531,861.2000122070312,2.7855000495910645,62.119998931884766,2879.419921875,25967.330078125,97.62000274658203,1.1191065311431885,2.4820001125335693,2.2850000858306885
2019-05-09,1283.5,14.706999778747559,848.5999755859375,2.7834999561309814,61.70000076293945,2870.719970703125,25828.359375,97.37000274658203,1.1198333501815796,2.4570000171661377,2.253000020980835
2019-05-10,1285.699951171875,14.72599983215332,862.4000244140625,2.7850000858306885,61.65999984741211,2881.39990234375,25942.369140625,97.33000183105469,1.1222084760665894,2.4549999237060547,2.25
2019-05-13,1300.0999755859375,14.713000297546387,852.2999877929688,2.7295000553131104,61.040000915527344,2811.8701171875,25324.990234375,97.31999969482422,1.1236460208892822,2.4049999713897705,2.186000108718872
2019-05-14,1294.699951171875,14.751999855041504,856.5,2.734499931335449,61.779998779296875,2834.409912109375,25532.05078125,97.52999877929688,1.1232547760009766,2.4189999103546143,2.197999954223633
2019-05-15,1296.300048828125,14.751999855041504,845.0,2.753499984741211,62.02000045776367,2850.9599609375,25648.01953125,97.56999969482422,1.1204482316970825,2.378999948501587,2.1530001163482666
2019-05-16,1285.0,14.479000091552734,830.9000244140625,2.758500099182129,62.869998931884766,2876.320068359375,25862.6796875,97.83999633789062,1.1207244396209717,2.4049999713897705,2.186000108718872
2019-05-17,1274.5,14.347999572753906,818.4000244140625,2.747999906539917,62.7599983215332,2859.530029296875,25764.0,98.0,1.1173559427261353,2.3929998874664307,2.177999973297119
2019-05-20,1276.0999755859375,14.409000396728516,811.5,2.7360000610351562,63.099998474121094,2840.22998046875,25679.900390625,97.93000030517578,1.1165324449539185,2.4159998893737793,2.2049999237060547
2019-05-21,1272.0,14.373000144958496,812.7000122070312,2.7235000133514404,62.9900016784668,2864.360107421875,25877.330078125,98.05999755859375,1.1168566942214966,2.4260001182556152,2.2279999256134033
2019-05-23,1284.800048828125,14.57699966430664,797.2000122070312,2.686500072479248,57.90999984741211,2822.239990234375,25490.470703125,97.8499984741211,1.1155484914779663,2.2960000038146973,2.0880000591278076
2019-05-24,1283.0,14.520000457763672,800.5999755859375,2.7065000534057617,58.630001068115234,2826.06005859375,25585.689453125,97.61000061035156,1.1184556484222412,2.3239998817443848,2.121999979019165
2019-05-28,1276.5,14.281000137329102,795.0,2.7035000324249268,59.13999938964844,2802.389892578125,25347.76953125,97.95999908447266,1.1193821430206299,2.2679998874664307,2.0739998817443848
2019-05-29,1280.5999755859375,14.371999740600586,789.5999755859375,2.672499895095825,58.810001373291016,2783.02001953125,25126.41015625,98.13999938964844,1.1170687675476074,2.2360000610351562,2.0360000133514404
2019-05-30,1287.0999755859375,14.460000038146973,792.5,2.6605000495910645,56.59000015258789,2788.860107421875,25169.880859375,98.13999938964844,1.1137346029281616,2.2269999980926514,2.0309998989105225
2019-05-31,1305.800048828125,14.529999732971191,792.5999755859375,2.6459999084472656,53.5,2752.06005859375,24815.0390625,97.75,1.1131147146224976,2.1419999599456787,1.9270000457763672
2019-06-03,1322.699951171875,14.70300006866455,819.2000122070312,2.6554999351501465,53.25,2744.449951171875,24819.779296875,97.13999938964844,1.1174057722091675,2.0810000896453857,1.847000002861023
2019-06-04,1323.4000244140625,14.732000350952148,817.4000244140625,2.6735000610351562,53.47999954223633,2803.27001953125,25332.1796875,97.06999969482422,1.124631643295288,2.11899995803833,1.88100004196167
2019-06-05,1328.300048828125,14.753999710083008,801.0999755859375,2.627000093460083,51.68000030517578,2826.14990234375,25539.5703125,97.37000274658203,1.1254037618637085,2.122999906539917,1.8630000352859497
2019-06-06,1337.5999755859375,14.868000030517578,802.2000122070312,2.6540000438690186,52.59000015258789,2843.489990234375,25720.66015625,97.02999877929688,1.1229015588760376,2.124000072479248,1.8839999437332153
2019-06-07,1341.199951171875,14.994000434875488,804.5999755859375,2.630500078201294,53.9900016784668,2873.340087890625,25983.939453125,96.61000061035156,1.1276500225067139,2.0840001106262207,1.8509999513626099
2019-06-10,1324.699951171875,14.604999542236328,803.7000122070312,2.6640000343322754,53.2599983215332,2886.72998046875,26062.6796875,96.76000213623047,1.1320157051086426,2.1429998874664307,1.9119999408721924
2019-06-11,1326.4000244140625,14.706000328063965,812.7999877929688,2.67549991607666,53.27000045776367,2885.719970703125,26048.509765625,96.69000244140625,1.1318106651306152,2.140000104904175,1.909000039100647
2019-06-12,1331.9000244140625,14.722000122070312,809.0999755859375,2.6589999198913574,51.13999938964844,2879.840087890625,26004.830078125,97.0,1.1329518556594849,2.127000093460083,1.88100004196167
2019-06-13,1339.199951171875,14.871000289916992,808.0,2.6610000133514404,52.279998779296875,2891.639892578125,26106.76953125,97.01000213623047,1.1295605897903442,2.0910000801086426,1.8300000429153442
2019-06-14,1340.0999755859375,14.781999588012695,803.2999877929688,2.634500026702881,52.5099983215332,2886.97998046875,26089.609375,97.56999969482422,1.1280443668365479,2.0929999351501465,1.8459999561309814
2019-06-17,1338.699951171875,14.814000129699707,793.9000244140625,2.6510000228881836,51.93000030517578,2889.669921875,26112.529296875,97.55999755859375,1.1217050552368164,2.0859999656677246,1.847000002861023
2019-06-18,1346.5999755859375,14.979999542236328,801.4000244140625,2.7070000171661377,53.900001525878906,2917.75,26465.5390625,97.63999938964844,1.1224603652954102,2.059999942779541,1.8320000171661377
2019-06-19,1344.5999755859375,14.944999694824219,805.0999755859375,2.684499979019165,53.7599983215332,2926.4599609375,26504.0,97.12000274658203,1.1198208332061768,2.0290000438690186,1.7680000066757202
2019-06-20,1392.9000244140625,15.468999862670898,804.5999755859375,2.7155001163482666,56.650001525878906,2954.179931640625,26753.169921875,96.62999725341797,1.1238480806350708,2.000999927520752,1.7380000352859497
2019-06-21,1396.199951171875,15.27299976348877,811.5,2.7060000896453857,57.43000030517578,2950.4599609375,26719.130859375,96.22000122070312,1.1295605897903442,2.068000078201294,1.8070000410079956
2019-06-24,1414.300048828125,15.368000030517578,812.2000122070312,2.7054998874664307,57.900001525878906,2945.35009765625,26727.5390625,95.9800033569336,1.1384724378585815,2.0209999084472656,1.753000020980835
2019-06-25,1414.9000244140625,15.291000366210938,810.2999877929688,2.7355000972747803,57.83000183105469,2917.3798828125,26548.220703125,96.16000366210938,1.140029788017273,1.99399995803833,1.7330000400543213
2019-06-26,1411.5999755859375,15.282999992370605,817.0999755859375,2.7109999656677246,59.380001068115234,2913.780029296875,26536.8203125,96.20999908447266,1.1369967460632324,2.0490000247955322,1.7999999523162842
2019-06-27,1408.4000244140625,15.204999923706055,812.5999755859375,2.7125000953674316,59.43000030517578,2924.919921875,26526.580078125,96.19000244140625,1.1374752521514893,2.005000114440918,1.7630000114440918
2019-06-28,1409.699951171875,15.253000259399414,835.5,2.7054998874664307,58.470001220703125,2941.760009765625,26599.9609375,96.12999725341797,1.1372941732406616,2.0,1.7580000162124634
2019-07-01,1385.5999755859375,15.105999946594238,831.0999755859375,2.679500102996826,59.09000015258789,2964.330078125,26717.4296875,96.83999633789062,1.1364928483963013,2.0339999198913574,1.7960000038146973
2019-07-02,1404.5999755859375,15.154000282287598,827.2000122070312,2.6575000286102295,56.25,2973.010009765625,26786.6796875,96.7300033569336,1.1287446022033691,1.9759999513626099,1.746999979019165
2019-07-03,1417.699951171875,15.251999855041504,837.2000122070312,2.679500102996826,57.34000015258789,2995.820068359375,26966.0,96.7699966430664,1.1293054819107056,1.9529999494552612,1.7369999885559082
2019-07-05,1396.699951171875,14.918000221252441,805.2000122070312,2.6584999561309814,57.5099983215332,2990.409912109375,26922.119140625,97.25,1.128579020500183,2.0480000972747803,1.8420000076293945
2019-07-08,1397.0,14.972000122070312,814.2999877929688,2.6559998989105225,57.65999984741211,2975.949951171875,26806.140625,97.37999725341797,1.1227376461029053,2.0339999198913574,1.843999981880188
2019-07-09,1397.5,15.067999839782715,809.0999755859375,2.624500036239624,57.83000183105469,2979.6298828125,26783.490234375,97.48999786376953,1.121604323387146,2.053999900817871,1.8669999837875366
2019-07-10,1410.0999755859375,15.147000312805176,824.0999755859375,2.693000078201294,60.43000030517578,2993.070068359375,26860.19921875,97.0999984741211,1.120824933052063,2.061000108718872,1.8279999494552612
2019-07-11,1404.300048828125,15.067000389099121,825.0,2.682499885559082,60.20000076293945,2999.909912109375,27088.080078125,97.05000305175781,1.125885248184204,2.119999885559082,1.8769999742507935
2019-07-12,1409.9000244140625,15.16100025177002,828.4000244140625,2.691499948501587,60.209999084472656,3013.77001953125,27332.029296875,96.80999755859375,1.1252391338348389,2.1059999465942383,1.8580000400543213
2019-07-15,1411.4000244140625,15.289999961853027,839.5,2.7074999809265137,59.58000183105469,3014.300048828125,27359.16015625,96.93000030517578,1.1272051334381104,2.0920000076293945,1.8489999771118164
2019-07-16,1409.199951171875,15.600000381469727,841.5,2.69350004196167,57.619998931884766,3004.0400390625,27335.630859375,97.4000015258789,1.1261768341064453,2.121999979019165,1.8830000162124634
2019-07-17,1421.300048828125,15.892999649047852,841.7000122070312,2.7100000381469727,56.779998779296875,2984.419921875,27219.849609375,97.22000122070312,1.1212271451950073,2.061000108718872,1.8300000429153442
2019-07-18,1426.0999755859375,16.1200008392334,843.7000122070312,2.7039999961853027,55.29999923706055,2995.110107421875,27222.970703125,96.79000091552734,1.12296462059021,2.0380001068115234,1.7860000133514404
2019-07-19,1425.0999755859375,16.117000579833984,845.9000244140625,2.744499921798706,55.630001068115234,2976.610107421875,27154.19921875,97.1500015258789,1.1261515617370605,2.0480000972747803,1.8049999475479126
2019-07-22,1425.300048828125,16.34000015258789,847.2999877929688,2.7144999504089355,56.220001220703125,2985.030029296875,27171.900390625,97.26000213623047,1.1218308210372925,2.0429999828338623,1.7979999780654907
2019-07-23,1420.0999755859375,16.405000686645508,855.7999877929688,2.694000005722046,56.77000045776367,3005.469970703125,27349.189453125,97.70999908447266,1.1206114292144775,2.0739998817443848,1.8250000476837158
2019-07-24,1422.800048828125,16.554000854492188,875.2000122070312,2.7039999961853027,55.880001068115234,3019.56005859375,27269.970703125,97.7300033569336,1.1151255369186401,2.049999952316284,1.8200000524520874
2019-07-25,1413.9000244140625,16.339000701904297,868.4000244140625,2.695499897003174,56.02000045776367,3003.669921875,27140.98046875,97.81999969482422,1.1142433881759644,2.0739998817443848,1.8539999723434448
2019-07-26,1418.5,16.325000762939453,862.7000122070312,2.676500082015991,56.20000076293945,3025.860107421875,27192.44921875,98.01000213623047,1.1146159172058105,2.0810000896453857,1.8619999885559082
2019-07-29,1419.5999755859375,16.368000030517578,876.7999877929688,2.7095000743865967,56.869998931884766,3020.969970703125,27221.349609375,98.04000091552734,1.1132138967514038,2.055000066757202,1.8339999914169312
2019-07-30,1429.699951171875,16.4950008392334,869.7999877929688,2.6705000400543213,58.04999923706055,3013.179931640625,27198.01953125,98.05000305175781,1.1143054962158203,2.061000108718872,1.843999981880188
2019-07-31,1426.0999755859375,16.34600067138672,876.0999755859375,2.6579999923706055,58.58000183105469,2980.3798828125,26864.26953125,98.5199966430664,1.1157974004745483,2.0209999084472656,1.843999981880188
2019-08-01,1420.9000244140625,16.121000289916992,848.5,2.6600000858306885,53.95000076293945,2953.56005859375,26583.419921875,98.38999938964844,1.1071745157241821,1.8940000534057617,1.6779999732971191
2019-08-02,1445.5999755859375,16.222000122070312,850.2000122070312,2.565000057220459,55.65999984741211,2932.050048828125,26485.009765625,98.0999984741211,1.1078859567642212,1.8550000190734863,1.6679999828338623
2019-08-05,1464.5999755859375,16.344999313354492,855.2000122070312,2.5369999408721924,54.689998626708984,2844.739990234375,25717.740234375,97.5,1.1108025312423706,1.7350000143051147,1.534000039100647
2019-08-06,1472.4000244140625,16.405000686645508,850.5,2.5510001182556152,53.630001068115234,2881.77001953125,26029.51953125,97.62999725341797,1.1243788003921509,1.7389999628067017,1.5460000038146973
2019-08-07,1507.300048828125,17.1560001373291,868.2999877929688,2.565000057220459,51.09000015258789,2883.97998046875,26007.0703125,97.54000091552734,1.1206992864608765,1.684000015258789,1.5019999742507935
2019-08-08,1497.699951171875,16.900999069213867,864.7999877929688,2.6019999980926514,52.540000915527344,2938.090087890625,26378.189453125,97.62000274658203,1.1204355955123901,1.715999960899353,1.5369999408721924
2019-08-09,1496.5999755859375,16.89699935913086,861.0999755859375,2.5840001106262207,54.5,2918.64990234375,26287.439453125,97.48999786376953,1.1187183856964111,1.7339999675750732,1.562999963760376
2019-08-12,1505.300048828125,17.038999557495117,861.0,2.5799999237060547,54.93000030517578,2882.699951171875,25896.439453125,97.37999725341797,1.1208499670028687,1.6390000581741333,1.4830000400543213
2019-08-13,1502.199951171875,16.95599937438965,857.0,2.624500036239624,57.099998474121094,2926.320068359375,26279.91015625,97.80999755859375,1.1218308210372925,1.6799999475479126,1.569000005722046
2019-08-14,1515.9000244140625,17.253000259399414,845.2999877929688,2.5864999294281006,55.22999954223633,2840.60009765625,25479.419921875,97.98999786376953,1.1177055835723877,1.5809999704360962,1.4880000352859497
2019-08-15,1519.5999755859375,17.187999725341797,839.2999877929688,2.5894999504089355,54.470001220703125,2847.60009765625,25579.390625,98.13999938964844,1.1143302917480469,1.5290000438690186,1.4220000505447388
2019-08-16,1512.5,17.09600067138672,848.7999877929688,2.5899999141693115,54.869998931884766,2888.679931640625,25886.009765625,98.13999938964844,1.1113580465316772,1.5390000343322754,1.4119999408721924
2019-08-19,1500.4000244140625,16.913999557495117,854.0999755859375,2.5969998836517334,56.209999084472656,2923.64990234375,26135.7890625,98.3499984741211,1.109385371208191,1.5980000495910645,1.4639999866485596
2019-08-20,1504.5999755859375,17.121999740600586,850.0999755859375,2.5739998817443848,56.34000015258789,2900.510009765625,25962.439453125,98.19000244140625,1.1083157062530518,1.5609999895095825,1.4329999685287476
2019-08-21,1504.5999755859375,17.125,854.0999755859375,2.5815000534057617,55.68000030517578,2924.429931640625,26202.73046875,98.30000305175781,1.1097793579101562,1.5770000219345093,1.4670000076293945
2019-08-22,1497.300048828125,17.013999938964844,859.2999877929688,2.553499937057495,55.349998474121094,2922.949951171875,26252.240234375,98.16999816894531,1.10907781124115,1.6100000143051147,1.4930000305175781
2019-08-23,1526.5999755859375,17.395000457763672,852.5,2.5260000228881836,54.16999816894531,2847.110107421875,25628.900390625,97.63999938964844,1.1084016561508179,1.527999997138977,1.4110000133514404
2019-08-26,1526.300048828125,17.624000549316406,855.0,2.5399999618530273,53.63999938964844,2878.3798828125,25898.830078125,98.08000183105469,1.1143054962158203,1.5449999570846558,1.4299999475479126
2019-08-27,1541.0,18.138999938964844,865.4000244140625,2.5434999465942383,54.93000030517578,2869.159912109375,25777.900390625,98.0,1.1103708744049072,1.4900000095367432,1.3940000534057617
2019-08-28,1537.800048828125,18.304000854492188,906.0999755859375,2.5510001182556152,55.779998779296875,2887.93994140625,26036.099609375,98.20999908447266,1.109004020690918,1.465999960899353,1.3739999532699585
2019-08-29,1526.5,18.16699981689453,917.5,2.559499979019165,56.709999084472656,2924.580078125,26362.25,98.51000213623047,1.1085859537124634,1.5160000324249268,1.4110000133514404
2019-08-30,1519.0999755859375,18.184999465942383,929.5999755859375,2.5329999923706055,55.099998474121094,2926.4599609375,26403.279296875,98.91999816894531,1.1061947345733643,1.50600004196167,1.3910000324249268
2019-09-03,1545.9000244140625,19.07900047302246,953.5999755859375,2.512500047683716,53.939998626708984,2906.27001953125,26118.01953125,98.94999694824219,1.0968520641326904,1.465999960899353,1.3389999866485596
2019-09-04,1550.300048828125,19.391000747680664,982.5999755859375,2.5789999961853027,56.2599983215332,2937.780029296875,26355.470703125,98.44999694824219,1.0974539518356323,1.4589999914169312,1.315000057220459
2019-09-05,1515.4000244140625,18.6560001373291,962.0999755859375,2.624500036239624,56.29999923706055,2976.0,26728.150390625,98.41000366210938,1.10349702835083,1.565000057220459,1.434000015258789
2019-09-06,1506.199951171875,17.968000411987305,956.9000244140625,2.615499973297119,56.52000045776367,2978.7099609375,26797.4609375,98.38999938964844,1.1036310195922852,1.5499999523162842,1.4179999828338623
2019-09-09,1502.199951171875,18.018999099731445,951.0999755859375,2.6105000972747803,57.849998474121094,2978.429931640625,26835.509765625,98.27999877929688,1.1020619869232178,1.621999979019165,1.4789999723434448
2019-09-10,1490.300048828125,18.041000366210938,935.2000122070312,2.6105000972747803,57.400001525878906,2979.389892578125,26909.4296875,98.33000183105469,1.1048381328582764,1.7020000219345093,1.565000057220459
2019-09-11,1494.4000244140625,18.0310001373291,938.7999877929688,2.5975000858306885,55.75,3000.929931640625,27137.0390625,98.6500015258789,1.1050333976745605,1.7330000400543213,1.5920000076293945
2019-09-12,1498.699951171875,18.041000366210938,951.7000122070312,2.623500108718872,55.09000015258789,3009.570068359375,27182.44921875,98.30999755859375,1.1013457775115967,1.7910000085830688,1.6519999504089355
2019-09-13,1490.9000244140625,17.43600082397461,951.2999877929688,2.680999994277954,54.849998474121094,3007.389892578125,27219.51953125,98.26000213623047,1.1058276891708374,1.902999997138977,1.7519999742507935
2019-09-16,1503.0999755859375,17.900999069213867,938.2999877929688,2.621000051498413,62.900001525878906,2997.9599609375,27076.8203125,98.6500015258789,1.1083402633666992,1.840999960899353,1.7009999752044678
2019-09-17,1505.0999755859375,18.016000747680664,943.2999877929688,2.609499931335449,59.34000015258789,3005.699951171875,27110.80078125,98.26000213623047,1.100594401359558,1.812000036239624,1.6660000085830688
2019-09-18,1507.5,17.795000076293945,933.7000122070312,2.5954999923706055,58.11000061035156,3006.72998046875,27147.080078125,98.5999984741211,1.1074687242507935,1.7860000133514404,1.6610000133514404
2019-09-19,1498.4000244140625,17.773000717163086,941.5,2.5910000801086426,58.130001068115234,3006.7900390625,27094.7890625,98.2699966430664,1.1031439304351807,1.7740000486373901,1.6480000019073486
2019-09-20,1507.300048828125,17.738000869750977,941.7999877929688,2.5899999141693115,58.09000015258789,2992.070068359375,26935.0703125,98.51000213623047,1.1048502922058105,1.7549999952316284,1.6339999437332153
2019-09-23,1523.699951171875,18.600000381469727,952.2999877929688,2.5945000648498535,58.63999938964844,2991.780029296875,26949.990234375,98.5999984741211,1.1019041538238525,1.7079999446868896,1.5820000171661377
2019-09-24,1532.0999755859375,18.517000198364258,953.7999877929688,2.5894999504089355,57.290000915527344,2966.60009765625,26807.76953125,98.33999633789062,1.0993722677230835,1.6349999904632568,1.5110000371932983
2019-09-25,1504.5999755859375,17.961999893188477,926.2999877929688,2.5950000286102295,56.4900016784668,2984.8701171875,26970.7109375,99.04000091552734,1.1016855239868164,1.7319999933242798,1.6069999933242798
2019-09-26,1507.5,17.801000595092773,935.0,2.559999942779541,56.40999984741211,2977.6201171875,26891.119140625,99.20999908447266,1.0952903032302856,1.684999942779541,1.5729999542236328
2019-09-27,1499.0999755859375,17.552000045776367,931.0,2.5829999446868896,55.90999984741211,2961.7900390625,26820.25,99.11000061035156,1.0922753810882568,1.6749999523162842,1.5509999990463257
2019-09-30,1465.699951171875,16.898000717163086,883.4000244140625,2.564500093460083,54.06999969482422,2976.739990234375,26916.830078125,99.37999725341797,1.0942714214324951,1.6749999523162842,1.5509999990463257
2019-10-01,1482.0,17.20199966430664,879.5999755859375,2.552000045776367,53.619998931884766,2940.25,26573.0390625,99.12999725341797,1.0899657011032104,1.6440000534057617,1.4980000257492065
2019-10-02,1501.0,17.591999053955078,888.2999877929688,2.561500072479248,52.63999938964844,2887.610107421875,26078.619140625,99.04000091552734,1.0934937000274658,1.5959999561309814,1.4299999475479126
2019-10-03,1507.0999755859375,17.584999084472656,889.0,2.5455000400543213,52.45000076293945,2910.6298828125,26201.0390625,98.86000061035156,1.0963709354400635,1.5360000133514404,1.3420000076293945
2019-10-04,1506.199951171875,17.540000915527344,881.7000122070312,2.555500030517578,52.810001373291016,2952.010009765625,26573.720703125,98.80999755859375,1.0975382328033447,1.5149999856948853,1.3309999704360962
2019-10-07,1497.699951171875,17.457000732421875,883.2000122070312,2.572000026702881,52.75,2938.7900390625,26478.01953125,98.98999786376953,1.098659634590149,1.5529999732971191,1.3860000371932983
2019-10-08,1497.199951171875,17.617000579833984,885.2999877929688,2.563499927520752,52.630001068115234,2893.06005859375,26164.0390625,99.13999938964844,1.0972130298614502,1.5369999408721924,1.3580000400543213
2019-10-09,1506.0999755859375,17.72800064086914,891.9000244140625,2.562000036239624,52.59000015258789,2919.39990234375,26346.009765625,99.12000274658203,1.0960105657577515,1.5889999866485596,1.409000039100647
2019-10-10,1494.800048828125,17.520000457763672,903.0999755859375,2.6050000190734863,53.54999923706055,2938.1298828125,26496.669921875,98.70999908447266,1.0987803936004639,1.6579999923706055,1.4769999980926514
2019-10-11,1482.699951171875,17.461999893188477,895.5,2.618499994277954,54.70000076293945,2970.27001953125,26816.58984375,98.30000305175781,1.1011033058166504,1.7519999742507935,1.5759999752044678
2019-10-14,1491.699951171875,17.634000778198242,894.5999755859375,2.623500108718872,53.59000015258789,2966.14990234375,26787.359375,98.44999694824219,1.1030004024505615,1.7330000400543213,1.559000015258789
2019-10-15,1477.5999755859375,17.308000564575195,884.4000244140625,2.6040000915527344,52.810001373291016,2995.679931640625,27024.80078125,98.29000091552734,1.1029006242752075,1.7710000276565552,1.5989999771118164
2019-10-16,1488.0,17.35099983215332,886.5,2.5794999599456787,53.36000061035156,2989.68994140625,27001.98046875,98.01000213623047,1.1034727096557617,1.7480000257492065,1.569000005722046
2019-10-17,1492.300048828125,17.535999298095703,889.0,2.5869998931884766,53.93000030517578,2997.949951171875,27025.880859375,97.61000061035156,1.107493281364441,1.7569999694824219,1.5789999961853027
2019-10-18,1488.199951171875,17.50200080871582,892.2999877929688,2.625,53.779998779296875,2986.199951171875,26770.19921875,97.27999877929688,1.1127183437347412,1.746999979019165,1.5579999685287476
2019-10-21,1482.4000244140625,17.525999069213867,888.5,2.634999990463257,53.310001373291016,3006.719970703125,26827.640625,97.33000183105469,1.1155734062194824,1.7920000553131104,1.6019999980926514
2019-10-22,1481.699951171875,17.437000274658203,892.2999877929688,2.621999979019165,54.15999984741211,2995.989990234375,26788.099609375,97.52999877929688,1.1151753664016724,1.7680000066757202,1.5920000076293945
2019-10-23,1489.9000244140625,17.517000198364258,918.4000244140625,2.6624999046325684,55.970001220703125,3004.52001953125,26833.94921875,97.47000122070312,1.112928867340088,1.7589999437332153,1.5859999656677246
2019-10-24,1498.9000244140625,17.73900032043457,921.5999755859375,2.6589999198913574,56.22999954223633,3010.2900390625,26805.529296875,97.62999725341797,1.1132385730743408,1.7660000324249268,1.5870000123977661
2019-10-25,1499.5,17.861000061035156,929.0999755859375,2.6665000915527344,56.65999984741211,3022.550048828125,26958.060546875,97.83000183105469,1.1103955507278442,1.8009999990463257,1.6260000467300415
2019-10-28,1490.0,17.81599998474121,914.7000122070312,2.672499895095825,55.810001373291016,3039.419921875,27090.720703125,97.76000213623047,1.1084262132644653,1.8530000448226929,1.6699999570846558
2019-10-29,1487.0,17.770999908447266,920.7000122070312,2.682499885559082,55.540000915527344,3036.889892578125,27071.4609375,97.69000244140625,1.1099148988723755,1.8350000381469727,1.659000039100647
2019-10-30,1493.199951171875,17.815000534057617,926.5999755859375,2.680500030517578,55.060001373291016,3046.77001953125,27186.689453125,97.6500015258789,1.1114816665649414,1.7979999780654907,1.6369999647140503
2019-10-31,1511.4000244140625,18.013999938964844,930.0,2.632999897003174,54.18000030517578,3037.56005859375,27046.23046875,97.3499984741211,1.1154489517211914,1.690999984741211,1.5230000019073486
2019-11-01,1508.0,18.003999710083008,950.2999877929688,2.6510000228881836,56.20000076293945,3066.909912109375,27347.359375,97.23999786376953,1.1157102584838867,1.7280000448226929,1.5540000200271606
2019-11-04,1508.0,18.013999938964844,935.0999755859375,2.6670000553131104,56.540000915527344,3078.27001953125,27462.109375,97.51000213623047,1.1166571378707886,1.7860000133514404,1.6030000448226929
2019-11-05,1480.800048828125,17.516000747680664,926.7999877929688,2.694999933242798,57.22999954223633,3074.6201171875,27492.630859375,97.9800033569336,1.1128545999526978,1.8660000562667847,1.6710000038146973
2019-11-06,1490.199951171875,17.558000564575195,928.2999877929688,2.6610000133514404,56.349998474121094,3076.780029296875,27492.560546875,97.94999694824219,1.107419729232788,1.8140000104904175,1.628000020980835
2019-11-07,1464.199951171875,16.969999313354492,910.5999755859375,2.7239999771118164,57.150001525878906,3085.179931640625,27674.80078125,98.13999938964844,1.1070396900177002,1.9259999990463257,1.7400000095367432
2019-11-08,1461.300048828125,16.783000946044922,889.4000244140625,2.677999973297119,57.2400016784668,3093.080078125,27681.240234375,98.3499984741211,1.1019697189331055,1.9329999685287476,1.7339999675750732
2019-11-11,1455.5,16.761999130249023,877.2999877929688,2.6600000858306885,56.86000061035156,3087.010009765625,27691.490234375,98.19999694824219,1.102244257926941,1.9429999589920044,1.7510000467300415
2019-11-12,1452.0999755859375,16.677000045776367,866.5999755859375,2.6419999599456787,56.79999923706055,3091.840087890625,27691.490234375,98.30999755859375,1.1035456657409668,1.909000039100647,1.718000054359436
2019-11-13,1461.699951171875,16.898000717163086,871.5,2.6364998817443848,57.119998931884766,3094.0400390625,27783.58984375,98.37000274658203,1.1012367010116577,1.8700000047683716,1.6779999732971191
2019-11-14,1471.800048828125,17.01300048828125,879.7999877929688,2.618499994277954,56.77000045776367,3096.6298828125,27781.9609375,98.16000366210938,1.1013215780258179,1.815000057220459,1.6230000257492065
2019-11-15,1467.300048828125,16.933000564575195,891.5,2.634999990463257,57.720001220703125,3120.4599609375,28004.890625,98.0,1.1020498275756836,1.8339999914169312,1.649999976158142
2019-11-18,1470.9000244140625,16.985000610351562,892.2000122070312,2.617500066757202,57.04999923706055,3122.030029296875,28036.220703125,97.79000091552734,1.105509877204895,1.8079999685287476,1.625
2019-11-19,1473.300048828125,17.10300064086914,909.0999755859375,2.6535000801086426,55.209999084472656,3120.179931640625,27934.01953125,97.86000061035156,1.1072357892990112,1.7860000133514404,1.621999979019165
2019-11-20,1473.300048828125,17.100000381469727,917.2000122070312,2.6465001106262207,57.11000061035156,3108.4599609375,27821.08984375,97.93000030517578,1.1080001592636108,1.7380000352859497,1.5839999914169312
2019-11-21,1463.0999755859375,17.049999237060547,914.7000122070312,2.621000051498413,58.58000183105469,3103.5400390625,27766.2890625,97.98999786376953,1.1078859567642212,1.7719999551773071,1.6139999628067017
2019-11-22,1463.0999755859375,16.985000610351562,889.7999877929688,2.6475000381469727,57.77000045776367,3110.2900390625,27875.619140625,98.2699966430664,1.1065863370895386,1.7740000486373901,1.628999948501587
2019-11-25,1456.5999755859375,16.871000289916992,897.5,2.6475000381469727,58.0099983215332,3133.639892578125,28066.470703125,98.31999969482422,1.1022562980651855,1.7640000581741333,1.6160000562667847
2019-11-26,1459.800048828125,17.030000686645508,908.7999877929688,2.674499988555908,58.40999984741211,3140.52001953125,28121.6796875,98.25,1.1014429330825806,1.7400000095367432,1.5959999561309814
2019-11-27,1453.4000244140625,16.91200065612793,892.9000244140625,2.674499988555908,58.11000061035156,3153.6298828125,28164.0,98.41000366210938,1.1022562980651855,1.7669999599456787,1.6260000467300415
2019-11-29,1465.5999755859375,16.9689998626709,897.9000244140625,2.6419999599456787,55.16999816894531,3140.97998046875,28051.41015625,98.2699966430664,1.101176142692566,1.7760000228881836,1.621000051498413
2019-12-02,1462.300048828125,16.836000442504883,897.2999877929688,2.632499933242798,55.959999084472656,3113.8701171875,27783.0390625,97.86000061035156,1.1019041538238525,1.8359999656677246,1.659000039100647
2019-12-03,1478.199951171875,17.125,909.2000122070312,2.6080000400543213,56.099998474121094,3093.199951171875,27502.810546875,97.73999786376953,1.1079105138778687,1.7089999914169312,1.534000039100647
2019-12-04,1474.0,16.797000885009766,899.5,2.6440000534057617,58.43000030517578,3112.760009765625,27649.779296875,97.6500015258789,1.1085245609283447,1.781000018119812,1.6059999465942383
2019-12-05,1476.9000244140625,16.941999435424805,898.5,2.6484999656677246,58.43000030517578,3117.429931640625,27677.7890625,97.41000366210938,1.108303427696228,1.7970000505447388,1.6230000257492065
2019-12-06,1459.0999755859375,16.481000900268555,896.7999877929688,2.7109999656677246,59.20000076293945,3145.909912109375,28015.060546875,97.69999694824219,1.1105434894561768,1.8420000076293945,1.6690000295639038
2019-12-09,1459.300048828125,16.531999588012695,896.4000244140625,2.746500015258789,59.02000045776367,3135.9599609375,27909.599609375,97.63999938964844,1.105888843536377,1.8289999961853027,1.6679999828338623
2019-12-10,1462.5999755859375,16.59600067138672,920.5,2.755500078201294,59.2400016784668,3132.52001953125,27881.720703125,97.41000366210938,1.106499433517456,1.8329999446868896,1.680999994277954
2019-12-11,1469.4000244140625,16.743999481201172,937.4000244140625,2.7825000286102295,58.7599983215332,3141.6298828125,27911.30078125,97.16000366210938,1.1092746257781982,1.7899999618530273,1.6399999856948853
2019-12-12,1466.699951171875,16.844999313354492,942.7000122070312,2.7894999980926514,59.18000030517578,3168.570068359375,28132.05078125,97.4000015258789,1.1135857105255127,1.8969999551773071,1.7339999675750732
2019-12-13,1475.5999755859375,16.91200065612793,926.7000122070312,2.7804999351501465,60.06999969482422,3168.800048828125,28135.380859375,97.16999816894531,1.1186057329177856,1.819000005722046,1.652999997138977
2019-12-16,1475.0,17.018999099731445,929.2999877929688,2.820499897003174,60.209999084472656,3191.449951171875,28235.890625,97.06999969482422,1.1124460697174072,1.8919999599456787,1.7209999561309814
2019-12-17,1474.5999755859375,16.97800064086914,927.7999877929688,2.819499969482422,60.939998626708984,3192.52001953125,28267.16015625,97.20999908447266,1.1136974096298218,1.8890000581741333,1.7130000591278076
2019-12-18,1472.5999755859375,16.952999114990234,933.7000122070312,2.816999912261963,60.93000030517578,3191.139892578125,28239.279296875,97.41000366210938,1.115138053894043,1.9240000247955322,1.7380000352859497
2019-12-19,1478.199951171875,17.058000564575195,933.5,2.8315000534057617,61.220001220703125,3205.3701171875,28376.9609375,97.41999816894531,1.1115927696228027,1.9079999923706055,1.7200000286102295
2019-12-20,1474.699951171875,17.128000259399414,912.0999755859375,2.811000108718872,60.439998626708984,3221.219970703125,28455.08984375,97.70999908447266,1.1125946044921875,1.9170000553131104,1.7289999723434448
2019-12-23,1482.5,17.402999877929688,936.7000122070312,2.816999912261963,60.52000045776367,3224.010009765625,28551.529296875,97.66000366210938,1.1079840660095215,1.934999942779541,1.753999948501587
2019-12-24,1499.0999755859375,17.756999969482422,941.2999877929688,2.8385000228881836,61.11000061035156,3223.3798828125,28515.44921875,97.6500015258789,1.109385371208191,1.909999966621399,1.7239999771118164
2019-12-26,1509.300048828125,17.893999099731445,952.0999755859375,2.864500045776367,61.68000030517578,3239.909912109375,28621.390625,97.58999633789062,1.1095454692840576,1.9049999713897705,1.725000023841858
2019-12-27,1513.800048828125,17.849000930786133,949.2999877929688,2.8364999294281006,61.720001220703125,3240.02001953125,28645.259765625,96.91999816894531,1.110111951828003,1.8739999532699585,1.6779999732971191
2019-12-30,1514.5,17.908000946044922,957.7000122070312,2.827500104904175,61.68000030517578,3221.2900390625,28462.140625,96.73999786376953,1.1182304620742798,1.8949999809265137,1.680999994277954
2019-12-31,1519.5,17.827999114990234,971.4000244140625,2.7939999103546143,61.060001373291016,3230.780029296875,28538.439453125,96.38999938964844,1.120229721069336,1.9190000295639038,1.6929999589920044
2020-01-02,1524.5,17.965999603271484,978.5999755859375,2.8329999446868896,61.18000030517578,3257.85009765625,28868.80078125,96.8499984741211,1.1220825910568237,1.8819999694824219,1.6710000038146973
2020-01-03,1549.199951171875,18.06800079345703,984.5,2.7985000610351562,63.04999923706055,3234.85009765625,28634.880859375,96.83999633789062,1.1171437501907349,1.7879999876022339,1.5859999656677246
2020-01-06,1566.199951171875,18.097000122070312,960.4000244140625,2.80049991607666,63.27000045776367,3246.280029296875,28703.380859375,96.66999816894531,1.1161960363388062,1.8109999895095825,1.6109999418258667
2020-01-07,1571.800048828125,18.31599998474121,966.0,2.803999900817871,62.70000076293945,3237.179931640625,28583.6796875,96.9800033569336,1.1197994947433472,1.8270000219345093,1.61899995803833
2020-01-08,1557.4000244140625,18.08799934387207,959.0,2.819000005722046,59.61000061035156,3253.050048828125,28745.08984375,97.30000305175781,1.1154738664627075,1.8739999532699585,1.6649999618530273
2020-01-09,1551.699951171875,17.860000610351562,967.0999755859375,2.810499906539917,59.560001373291016,3274.699951171875,28956.900390625,97.44999694824219,1.1113210916519165,1.8580000400543213,1.6549999713897705
2020-01-10,1557.5,18.033000946044922,981.2000122070312,2.81850004196167,59.040000915527344,3265.35009765625,28823.76953125,97.36000061035156,1.1111111640930176,1.8250000476837158,1.6360000371932983
2020-01-13,1548.4000244140625,17.926000595092773,977.2999877929688,2.8615000247955322,58.08000183105469,3288.1298828125,28907.05078125,97.3499984741211,1.1116669178009033,1.8480000495910645,1.6510000228881836
2020-01-14,1542.4000244140625,17.673999786376953,982.2000122070312,2.875999927520752,58.22999954223633,3283.14990234375,28939.669921875,97.37000274658203,1.1135733127593994,1.8179999589920044,1.6269999742507935
2020-01-15,1552.0999755859375,17.92300033569336,1020.4000244140625,2.869999885559082,57.810001373291016,3289.2900390625,29030.220703125,97.2300033569336,1.113089919090271,1.7879999876022339,1.6019999980926514
2020-01-16,1549.0,17.875,995.7000122070312,2.8519999980926514,58.52000045776367,3316.81005859375,29297.640625,97.31999969482422,1.1154004335403442,1.809000015258789,1.625
2020-01-17,1558.800048828125,18.01300048828125,1019.4000244140625,2.8494999408721924,58.540000915527344,3329.6201171875,29348.099609375,97.61000061035156,1.1139578819274902,1.8359999656677246,1.63100004196167
2020-01-21,1556.4000244140625,17.750999450683594,1002.0,2.7985000610351562,58.34000015258789,3320.7900390625,29196.0390625,97.52999877929688,1.109693169593811,1.7690000534057617,1.5729999542236328
2020-01-22,1555.300048828125,17.770999908447266,1015.7999877929688,2.7669999599456787,56.7400016784668,3321.75,29186.26953125,97.52999877929688,1.108561396598816,1.7690000534057617,1.5729999542236328
2020-01-23,1564.5999755859375,17.773000717163086,1001.7000122070312,2.7260000705718994,55.59000015258789,3325.5400390625,29160.08984375,97.69000244140625,1.1096439361572266,1.7400000095367432,1.5549999475479126
2020-01-24,1571.0999755859375,18.05699920654297,1005.2000122070312,2.685499906539917,54.189998626708984,3295.469970703125,28989.73046875,97.8499984741211,1.1055220365524292,1.680999994277954,1.5010000467300415
2020-01-27,1576.800048828125,18.0,985.9000244140625,2.5964999198913574,53.13999938964844,3243.6298828125,28535.80078125,97.95999908447266,1.1025358438491821,1.6050000190734863,1.434999942779541
2020-01-28,1569.199951171875,17.402000427246094,990.0999755859375,2.5794999599456787,53.47999954223633,3276.239990234375,28722.849609375,98.0199966430664,1.101976990699768,1.6410000324249268,1.465999960899353
2020-01-29,1569.800048828125,17.430999755859375,968.5999755859375,2.553499937057495,53.33000183105469,3273.39990234375,28734.44921875,97.98999786376953,1.1022562980651855,1.593999981880188,1.4170000553131104
2020-01-30,1583.5,17.95199966430664,977.0999755859375,2.5234999656677246,52.13999938964844,3283.659912109375,28859.439453125,97.87000274658203,1.1016855239868164,1.5579999685287476,1.3799999952316284
2020-01-31,1582.9000244140625,17.972000122070312,959.2000122070312,2.5199999809265137,51.560001373291016,3225.52001953125,28256.029296875,97.38999938964844,1.1029127836227417,1.5199999809265137,1.3259999752044678
2020-02-03,1577.199951171875,17.639999389648438,968.0,2.513000011444092,50.11000061035156,3248.919921875,28399.810546875,97.80000305175781,1.1089794635772705,1.5199999809265137,1.343000054359436
2020-02-04,1550.4000244140625,17.527999877929688,963.4000244140625,2.547499895095825,49.61000061035156,3297.590087890625,28807.630859375,97.95999908447266,1.1062926054000854,1.6030000448226929,1.4240000247955322
2020-02-05,1557.800048828125,17.569000244140625,984.4000244140625,2.5789999961853027,50.75,3334.68994140625,29290.849609375,98.2699966430664,1.1047282218933105,1.6490000486373901,1.4600000381469727
2020-02-06,1565.0999755859375,17.788999557495117,964.7000122070312,2.5985000133514404,50.95000076293945,3345.780029296875,29379.76953125,98.5,1.1002310514450073,1.6440000534057617,1.4600000381469727
2020-02-07,1568.5999755859375,17.665000915527344,966.5999755859375,2.559000015258789,50.31999969482422,3327.7099609375,29102.509765625,98.68000030517578,1.0982975959777832,1.5779999494552612,1.4010000228881836
2020-02-10,1574.699951171875,17.757999420166016,964.2999877929688,2.557499885559082,49.56999969482422,3352.090087890625,29276.8203125,98.83000183105469,1.0949305295944214,1.5470000505447388,1.3669999837875366
2020-02-11,1565.5999755859375,17.572999954223633,970.9000244140625,2.5885000228881836,49.939998626708984,3357.75,29276.33984375,98.72000122070312,1.0913456678390503,1.590000033378601,1.4110000133514404
2020-02-12,1567.4000244140625,17.47800064086914,964.5,2.6059999465942383,51.16999816894531,3379.449951171875,29551.419921875,99.05000305175781,1.091941475868225,1.6299999952316284,1.4450000524520874
2020-02-13,1575.0999755859375,17.600000381469727,971.9000244140625,2.619499921798706,51.41999816894531,3373.93994140625,29423.310546875,99.06999969482422,1.0875948667526245,1.6169999837875366,1.4390000104904175
2020-02-14,1582.699951171875,17.71500015258789,966.0,2.6054999828338623,52.04999923706055,3380.159912109375,29398.080078125,99.12000274658203,1.0845986604690552,1.5880000591278076,1.4140000343322754
2020-02-18,1600.0,18.131000518798828,991.2999877929688,2.609999895095825,52.04999923706055,3370.2900390625,29232.189453125,99.45999908447266,1.0840108394622803,1.555999994277954,1.3930000066757202
2020-02-19,1607.5,18.29199981689453,1001.7000122070312,2.612499952316284,53.290000915527344,3386.14990234375,29348.029296875,99.5999984741211,1.079540491104126,1.5700000524520874,1.409000039100647
2020-02-20,1616.5999755859375,18.30900001525879,976.2000122070312,2.5950000286102295,53.779998779296875,3373.22998046875,29219.98046875,99.87000274658203,1.081009864807129,1.524999976158142,1.3700000047683716
2020-02-21,1644.5999755859375,18.520999908447266,973.4000244140625,2.618000030517578,53.380001068115234,3337.75,28992.41015625,99.26000213623047,1.078799843788147,1.4709999561309814,1.3179999589920044
2020-02-24,1672.4000244140625,18.868000030517578,971.7000122070312,2.5924999713897705,51.43000030517578,3225.889892578125,27960.80078125,99.29000091552734,1.0839051008224487,1.3769999742507935,1.218000054359436
2020-02-25,1646.9000244140625,18.183000564575195,929.7999877929688,2.5964999198913574,49.900001525878906,3128.2099609375,27081.359375,98.97000122070312,1.0849199295043945,1.3300000429153442,1.156000018119812
2020-02-26,1640.0,17.826000213623047,912.2999877929688,2.5764999389648438,48.72999954223633,3116.389892578125,26957.58984375,99.0,1.0881996154785156,1.309999942779541,1.1330000162124634
2020-02-27,1640.0,17.658000946044922,903.5999755859375,2.571500062942505,47.09000015258789,2978.760009765625,25766.640625,98.44000244140625,1.0885894298553467,1.2990000247955322,1.1069999933242798
2020-02-28,1564.0999755859375,16.386999130249023,862.7999877929688,2.5460000038146973,44.7599983215332,2954.219970703125,25409.359375,98.12999725341797,1.0997228622436523,1.1269999742507935,0.9129999876022339
2020-03-02,1592.300048828125,16.679000854492188,858.2999877929688,2.6010000705718994,46.75,3090.22998046875,26703.3203125,97.36000061035156,1.1051311492919922,1.0880000591278076,0.8650000095367432
2020-03-03,1642.0999755859375,17.128999710083008,868.2000122070312,2.5794999599456787,47.18000030517578,3003.3701171875,25917.41015625,97.1500015258789,1.1144047975540161,1.0099999904632568,0.7680000066757202
2020-03-04,1641.0999755859375,17.187000274658203,874.0999755859375,2.5929999351501465,46.779998779296875,3130.1201171875,27090.859375,97.33999633789062,1.118067979812622,0.9919999837875366,0.7289999723434448
2020-03-05,1666.4000244140625,17.341999053955078,864.5999755859375,2.5824999809265137,45.900001525878906,3023.93994140625,26121.279296875,96.81999969482422,1.113908290863037,0.9259999990463257,0.6729999780654907
2020-03-06,1670.800048828125,17.214000701904297,895.2999877929688,2.572999954223633,41.279998779296875,2972.3701171875,25864.779296875,95.94999694824219,1.1223849058151245,0.7059999704360962,0.5569999814033508
2020-03-09,1674.5,17.000999450683594,861.7000122070312,2.5239999294281006,31.1299991607666,2746.56005859375,23851.01953125,94.9000015258789,1.1386020183563232,0.49900001287460327,0.42899999022483826
2020-03-10,1659.0999755859375,16.9060001373291,868.5,2.5339999198913574,34.36000061035156,2882.22998046875,25018.16015625,96.41000366210938,1.1397960186004639,0.7480000257492065,0.6140000224113464
2020-03-11,1641.4000244140625,16.729000091552734,867.2999877929688,2.51200008392334,32.97999954223633,2741.3798828125,23553.220703125,96.51000213623047,1.1316505670547485,0.8199999928474426,0.6570000052452087
2020-03-12,1589.300048828125,15.961000442504883,780.9000244140625,2.4809999465942383,31.5,2480.639892578125,21200.619140625,97.47000122070312,1.1261515617370605,0.8489999771118164,0.6489999890327454
2020-03-13,1515.699951171875,14.456000328063965,743.0,2.4739999771118164,31.729999542236328,2711.02001953125,23185.619140625,98.75,1.1184931993484497,0.9509999752044678,0.7170000076293945
2020-03-16,1485.9000244140625,12.772000312805176,656.7000122070312,2.3984999656677246,28.700000762939453,2386.1298828125,20188.51953125,98.08999633789062,1.115536093711853,0.7279999852180481,0.492000013589859
2020-03-17,1524.9000244140625,12.468999862670898,664.4000244140625,2.315500020980835,26.950000762939453,2529.18994140625,21237.380859375,99.58000183105469,1.1163206100463867,0.996999979019165,0.6499999761581421
2020-03-18,1477.300048828125,11.734999656677246,604.0999755859375,2.1605000495910645,20.3700008392334,2398.10009765625,19898.919921875,101.16000366210938,1.101552128791809,1.2660000324249268,0.8199999928474426
2020-03-19,1478.5999755859375,12.097000122070312,595.9000244140625,2.200000047683716,25.219999313354492,2409.389892578125,20087.189453125,102.76000213623047,1.0961546897888184,1.11899995803833,0.6480000019073486
2020-03-20,1484.0,12.348999977111816,621.5999755859375,2.190500020980835,22.43000030517578,2304.919921875,19173.98046875,102.81999969482422,1.0657345056533813,0.9380000233650208,0.5199999809265137
2020-03-23,1567.0,13.225000381469727,627.5,2.119499921798706,23.360000610351562,2237.39990234375,18591.9296875,102.48999786376953,1.0694386959075928,0.7639999985694885,0.39500001072883606
2020-03-24,1660.199951171875,14.229000091552734,701.7000122070312,2.197499990463257,24.010000228881836,2447.330078125,20704.91015625,101.73999786376953,1.0764610767364502,0.8159999847412109,0.4959999918937683
2020-03-25,1632.300048828125,14.836999893188477,745.5,2.2339999675750732,24.489999771118164,2475.56005859375,21200.55078125,101.05000305175781,1.080263614654541,0.8579999804496765,0.5210000276565552
2020-03-26,1650.0999755859375,14.640000343322754,737.0,2.2079999446868896,22.600000381469727,2630.070068359375,22552.169921875,99.41999816894531,1.0889569520950317,0.8109999895095825,0.4779999852180481
2020-03-27,1623.9000244140625,14.498000144958496,740.0,2.197000026702881,21.510000228881836,2541.469970703125,21636.779296875,98.37000274658203,1.1048258543014526,0.7490000128746033,0.4259999990463257
2020-03-30,1622.0,14.074000358581543,723.9000244140625,2.1619999408721924,20.09000015258789,2626.64990234375,22327.48046875,99.18000030517578,1.113908290863037,0.6700000166893005,0.3779999911785126
2020-03-31,1583.4000244140625,14.097999572753906,724.4000244140625,2.240000009536743,20.479999542236328,2584.590087890625,21917.16015625,99.05000305175781,1.1030466556549072,0.6980000138282776,0.375
2020-04-01,1578.199951171875,13.925999641418457,712.2999877929688,2.191999912261963,20.309999465942383,2470.5,20943.509765625,99.66999816894531,1.102657437324524,0.6349999904632568,0.36899998784065247
2020-04-02,1625.699951171875,14.595999717712402,726.0,2.2330000400543213,25.31999969482422,2526.89990234375,21413.439453125,100.18000030517578,1.0953621864318848,0.6269999742507935,0.38600000739097595
2020-04-03,1633.699951171875,14.435999870300293,714.0999755859375,2.2100000381469727,28.34000015258789,2488.64990234375,21052.529296875,100.58000183105469,1.0847399234771729,0.5870000123977661,0.367000013589859
2020-04-06,1677.0,15.111000061035156,728.0,2.234999895095825,26.079999923706055,2663.679931640625,22679.990234375,100.69000244140625,1.0806955099105835,0.6759999990463257,0.4440000057220459
2020-04-07,1664.800048828125,15.42199993133545,741.0,2.2885000705718994,23.6299991607666,2659.409912109375,22653.859375,99.9800033569336,1.0803803205490112,0.7360000014305115,0.4830000102519989
2020-04-08,1665.4000244140625,15.147000312805176,729.5999755859375,2.2780001163482666,25.09000015258789,2749.97998046875,23433.5703125,100.12000274658203,1.0895144939422607,0.7639999985694885,0.46700000762939453
2020-04-09,1736.199951171875,15.994999885559082,744.5999755859375,2.2774999141693115,22.760000228881836,2789.820068359375,23719.369140625,99.5199966430664,1.0863661766052246,0.7289999723434448,0.41100001335144043
2020-04-13,1744.800048828125,15.479000091552734,745.7999877929688,2.320499897003174,22.40999984741211,2761.6298828125,23390.76953125,99.3499984741211,1.0932666063308716,0.7490000128746033,0.4300000071525574
2020-04-14,1756.699951171875,16.07200050354004,815.7000122070312,2.3469998836517334,20.110000610351562,2846.06005859375,23949.759765625,98.88999938964844,1.0922993421554565,0.7519999742507935,0.4189999997615814
2020-04-15,1727.199951171875,15.446999549865723,800.5999755859375,2.3125,19.8700008392334,2783.360107421875,23504.349609375,99.45999908447266,1.098538875579834,0.6380000114440918,0.33899998664855957
2020-04-16,1720.4000244140625,15.564000129699707,789.2999877929688,2.304500102996826,19.8700008392334,2799.550048828125,23537.6796875,100.02999877929688,1.0905101299285889,0.609000027179718,0.3409999907016754
2020-04-17,1689.199951171875,15.237000465393066,781.2999877929688,2.3534998893737793,18.270000457763672,2874.56005859375,24242.490234375,99.77999877929688,1.0858471393585205,0.6539999842643738,0.36399999260902405
2020-04-20,1701.5999755859375,15.555999755859375,792.0,2.3345000743865967,-37.630001068115234,2823.159912109375,23650.439453125,99.95999908447266,1.0866966247558594,0.6259999871253967,0.35199999809265137
2020-04-21,1678.199951171875,14.817999839782715,758.0,2.2669999599456787,10.010000228881836,2736.56005859375,23018.880859375,100.26000213623047,1.0864840745925903,0.5709999799728394,0.33399999141693115
2020-04-22,1728.699951171875,15.277000427246094,764.9000244140625,2.317500114440918,13.779999732971191,2799.31005859375,23475.8203125,100.38999938964844,1.0856467485427856,0.6190000176429749,0.36399999260902405
2020-04-23,1733.300048828125,15.347999572753906,787.5999755859375,2.3239998817443848,16.5,2797.800048828125,23515.259765625,100.43000030517578,1.080964207649231,0.6129999756813049,0.36899998784065247
2020-04-24,1723.5,15.253999710083008,773.4000244140625,2.3480000495910645,16.940000534057617,2836.739990234375,23775.26953125,100.37999725341797,1.077702283859253,0.5960000157356262,0.36399999260902405
2020-04-27,1711.9000244140625,15.201000213623047,776.5999755859375,2.381999969482422,12.779999732971191,2878.47998046875,24133.779296875,100.04000091552734,1.08236825466156,0.656000018119812,0.4009999930858612
2020-04-28,1710.5,15.161999702453613,792.0,2.378999948501587,12.34000015258789,2863.389892578125,24101.55078125,99.87000274658203,1.0824854373931885,0.6100000143051147,0.36899998784065247
2020-04-29,1703.4000244140625,15.15999984741211,795.4000244140625,2.374500036239624,15.0600004196167,2939.510009765625,24633.859375,99.56999969482422,1.0836584568023682,0.6269999742507935,0.3619999885559082
2020-04-30,1684.199951171875,14.89799976348877,809.5,2.3540000915527344,18.84000015258789,2912.429931640625,24345.720703125,99.0199966430664,1.087725043296814,0.621999979019165,0.3449999988079071
2020-05-01,1694.5,14.86299991607666,769.9000244140625,2.31850004196167,19.780000686645508,2830.7099609375,23723.689453125,98.80000305175781,1.094546914100647,0.6420000195503235,0.36899998784065247
2020-05-04,1706.9000244140625,14.722000122070312,774.2000122070312,2.3239998817443848,20.389999389648438,2842.739990234375,23749.759765625,99.4800033569336,1.0959625244140625,0.6370000243186951,0.3580000102519989
2020-05-05,1704.4000244140625,15.057000160217285,780.0999755859375,2.3410000801086426,24.559999465942383,2868.43994140625,23883.08984375,99.70999908447266,1.0904293060302734,0.6570000052452087,0.36899998784065247
2020-05-06,1684.199951171875,14.987000465393066,760.9000244140625,2.3524999618530273,23.989999771118164,2848.419921875,23664.640625,100.08999633789062,1.0838581323623657,0.7110000252723694,0.37700000405311584
2020-05-07,1721.800048828125,15.562000274658203,777.5,2.385499954223633,23.549999237060547,2881.18994140625,23875.890625,99.88999938964844,1.0798553228378296,0.6309999823570251,0.29600000381469727
2020-05-08,1709.9000244140625,15.739999771118164,784.7000122070312,2.4084999561309814,24.739999771118164,2929.800048828125,24331.3203125,99.7300033569336,1.0837171077728271,0.6819999814033508,0.32600000500679016
2020-05-11,1695.300048828125,15.63599967956543,776.7000122070312,2.381999969482422,24.139999389648438,2930.18994140625,24221.990234375,100.23999786376953,1.0839520692825317,0.7260000109672546,0.3580000102519989
2020-05-12,1704.4000244140625,15.687000274658203,772.7999877929688,2.3605000972747803,25.780000686645508,2870.1201171875,23764.779296875,99.93000030517578,1.080940842628479,0.6779999732971191,0.33500000834465027
2020-05-13,1713.9000244140625,15.663000106811523,765.2000122070312,2.3489999771118164,25.290000915527344,2820.0,23247.970703125,100.23999786376953,1.0846810340881348,0.6489999890327454,0.3149999976158142
2020-05-14,1738.0999755859375,16.13599967956543,770.4000244140625,2.3510000705718994,27.559999465942383,2852.5,23625.33984375,100.47000122070312,1.08236825466156,0.6190000176429749,0.30000001192092896
2020-05-15,1753.4000244140625,17.04599952697754,812.5,2.3334999084472656,29.43000030517578,2863.699951171875,23685.419921875,100.4000015258789,1.0806955099105835,0.6399999856948853,0.30799999833106995
2020-05-18,1731.800048828125,17.464000701904297,864.7000122070312,2.4049999713897705,31.81999969482422,2953.909912109375,24597.369140625,99.66999816894531,1.0821340084075928,0.7440000176429749,0.3779999911785126
2020-05-19,1744.199951171875,17.892000198364258,885.0,2.4230000972747803,32.5,2922.93994140625,24206.859375,99.37000274658203,1.0915124416351318,0.7110000252723694,0.3479999899864197
2020-05-20,1750.5999755859375,18.00200080871582,929.9000244140625,2.4674999713897705,33.4900016784668,2971.610107421875,24575.900390625,99.12000274658203,1.0927767753601074,0.6800000071525574,0.33000001311302185
2020-05-21,1720.5,17.334999084472656,861.9000244140625,2.4519999027252197,33.91999816894531,2948.510009765625,24474.119140625,99.37000274658203,1.0982975959777832,0.6769999861717224,0.3400000035762787
2020-05-22,1734.5999755859375,17.663999557495117,881.7000122070312,2.4089999198913574,33.25,2955.449951171875,24465.16015625,99.86000061035156,1.0952903032302856,0.6570000052452087,0.3330000042915344
2020-05-26,1704.800048828125,17.565000534057617,868.7000122070312,2.438499927520752,34.349998474121094,2991.77001953125,24995.109375,98.91000366210938,1.0902997255325317,0.6980000138282776,0.35100001096725464
2020-05-27,1710.300048828125,17.68600082397461,873.5,2.4024999141693115,32.810001373291016,3036.1298828125,25548.26953125,99.05999755859375,1.0981770753860474,0.6800000071525574,0.34299999475479126
2020-05-28,1713.300048828125,17.895000457763672,864.0,2.4130001068115234,33.709999084472656,3029.72998046875,25400.640625,98.37999725341797,1.1016855239868164,0.7049999833106995,0.34599998593330383
2020-05-29,1736.9000244140625,18.440000534057617,870.5,2.426500082015991,35.4900016784668,3044.31005859375,25383.109375,98.33999633789062,1.1079105138778687,0.6480000019073486,0.30399999022483826
2020-06-01,1737.800048828125,18.76799964904785,897.0,2.4744999408721924,35.439998626708984,3055.72998046875,25475.01953125,97.83000183105469,1.1118524074554443,0.6620000004768372,0.3019999861717224
2020-06-02,1725.199951171875,18.207000732421875,864.5999755859375,2.494499921798706,36.810001373291016,3080.820068359375,25742.650390625,97.66999816894531,1.1125946044921875,0.6800000071525574,0.3199999928474426
2020-06-03,1697.800048828125,17.92099952697754,857.7999877929688,2.496500015258789,37.290000915527344,3122.8701171875,26269.890625,97.27999877929688,1.118943691253662,0.7609999775886536,0.37700000405311584
2020-06-04,1718.9000244140625,18.02400016784668,862.7999877929688,2.493000030517578,37.40999984741211,3112.35009765625,26281.8203125,96.68000030517578,1.1235954761505127,0.8199999928474426,0.40400001406669617
2020-06-05,1676.199951171875,17.44300079345703,830.0999755859375,2.556999921798706,39.54999923706055,3193.929931640625,27110.98046875,96.94000244140625,1.1337867975234985,0.9039999842643738,0.47600001096725464
2020-06-08,1698.300048828125,17.868000030517578,860.7000122070312,2.569999933242798,38.189998626708984,3232.389892578125,27572.439453125,96.62000274658203,1.1319515705108643,0.8840000033378601,0.45399999618530273
2020-06-09,1714.699951171875,17.77400016784668,862.2999877929688,2.6005001068115234,38.939998626708984,3207.179931640625,27272.30078125,96.31999969482422,1.1305567026138306,0.8289999961853027,0.4059999883174896
2020-06-10,1713.300048828125,17.775999069213867,849.5,2.6570000648498535,39.599998474121094,3190.139892578125,26989.990234375,95.95999908447266,1.1332215070724487,0.7480000257492065,0.3370000123977661
2020-06-11,1732.0,17.868999481201172,826.0999755859375,2.5864999294281006,36.34000015258789,3002.10009765625,25128.169921875,96.7300033569336,1.1365444660186768,0.652999997138977,0.3019999861717224
2020-06-12,1729.300048828125,17.461999893188477,820.5999755859375,2.6015000343322754,36.2599983215332,3041.31005859375,25605.5390625,97.31999969482422,1.1288082599639893,0.6990000009536743,0.328000009059906
2020-06-15,1720.300048828125,17.378999710083008,823.2999877929688,2.56850004196167,37.119998931884766,3066.590087890625,25763.16015625,96.68000030517578,1.1252011060714722,0.7020000219345093,0.328000009059906
2020-06-16,1729.5999755859375,17.631999969482422,845.5,2.565999984741211,38.380001068115234,3124.739990234375,26289.98046875,96.95999908447266,1.1337740421295166,0.7559999823570251,0.3499999940395355
2020-06-17,1729.199951171875,17.756999969482422,839.7999877929688,2.5920000076293945,37.959999084472656,3113.489990234375,26119.609375,97.16000366210938,1.1265701055526733,0.7329999804496765,0.33899998664855957
2020-06-18,1724.800048828125,17.493000030517578,813.7999877929688,2.5910000801086426,38.84000015258789,3115.340087890625,26080.099609375,97.41999816894531,1.1242902278900146,0.6940000057220459,0.328000009059906
2020-06-19,1745.9000244140625,17.832000732421875,828.9000244140625,2.615000009536743,39.75,3097.739990234375,25871.4609375,97.62000274658203,1.1211000680923462,0.6970000267028809,0.3269999921321869
2020-06-22,1756.699951171875,17.886999130249023,845.2999877929688,2.6554999351501465,40.459999084472656,3117.860107421875,26024.9609375,97.04000091552734,1.1177555322647095,0.7039999961853027,0.33500000834465027
2020-06-23,1772.0999755859375,18.051000595092773,847.5999755859375,2.6600000858306885,40.369998931884766,3131.2900390625,26156.099609375,96.69000244140625,1.1279679536819458,0.7089999914169312,0.32499998807907104
2020-06-24,1765.800048828125,17.658000946044922,805.7999877929688,2.6505000591278076,38.0099983215332,3050.330078125,25445.939453125,97.1500015258789,1.1312345266342163,0.6840000152587891,0.3160000145435333
2020-06-25,1762.0999755859375,17.882999420166016,803.9000244140625,2.6624999046325684,38.720001220703125,3083.760009765625,25745.599609375,97.43000030517578,1.1250872611999512,0.6740000247955322,0.3269999921321869
2020-06-26,1772.5,18.023000717163086,811.0999755859375,2.671999931335449,38.4900016784668,3009.050048828125,25015.55078125,97.5,1.1222084760665894,0.6359999775886536,0.29899999499320984
2020-06-29,1774.800048828125,17.979999542236328,816.7999877929688,2.679500102996826,39.70000076293945,3053.239990234375,25595.80078125,97.54000091552734,1.1225864887237549,0.6359999775886536,0.28200000524520874
2020-06-30,1793.0,18.541000366210938,840.7000122070312,2.7135000228881836,39.27000045776367,3100.2900390625,25812.880859375,97.38999938964844,1.1247202157974243,0.652999997138977,0.289000004529953
2020-07-01,1773.199951171875,18.132999420166016,825.2999877929688,2.7170000076293945,39.81999969482422,3115.860107421875,25734.970703125,97.19999694824219,1.1235954761505127,0.6819999814033508,0.31299999356269836
2020-07-02,1784.0,18.243999481201172,822.5,2.7335000038146973,40.650001525878906,3130.010009765625,25827.359375,97.31999969482422,1.1251378059387207,0.6690000295639038,0.2939999997615814
2020-07-06,1788.5,18.503999710083008,827.7999877929688,2.7660000324249268,40.630001068115234,3179.719970703125,26287.029296875,96.79000091552734,1.1247202157974243,0.6840000152587891,0.3070000112056732
2020-07-07,1804.199951171875,18.628000259399414,853.7999877929688,2.7874999046325684,40.619998931884766,3145.320068359375,25890.1796875,96.87999725341797,1.1312856674194336,0.6499999761581421,0.2930000126361847
2020-07-08,1815.5,19.08099937438965,874.0,2.814500093460083,40.900001525878906,3169.93994140625,26067.279296875,96.43000030517578,1.1275228261947632,0.652999997138977,0.29100000858306885
2020-07-09,1799.199951171875,18.881999969482422,836.5999755859375,2.828000068664551,39.619998931884766,3152.050048828125,25706.08984375,96.69999694824219,1.1339154243469238,0.6050000190734863,0.27399998903274536
2020-07-10,1798.199951171875,18.982999801635742,836.5999755859375,2.88700008392334,40.54999923706055,3185.0400390625,26075.30078125,96.6500015258789,1.1287955045700073,0.6330000162124634,0.2980000078678131
2020-07-13,1811.0,19.708999633789062,854.0999755859375,2.941999912261963,40.099998474121094,3155.219970703125,26085.80078125,96.45999908447266,1.1310042142868042,0.6399999856948853,0.2980000078678131
2020-07-14,1810.5999755859375,19.451000213623047,828.2000122070312,2.9159998893737793,40.290000915527344,3197.52001953125,26642.58984375,96.26000213623047,1.134549617767334,0.6150000095367432,0.28200000524520874
2020-07-15,1811.4000244140625,19.684999465942383,835.0,2.870500087738037,41.20000076293945,3226.56005859375,26870.099609375,96.08000183105469,1.1410704851150513,0.6299999952316284,0.2849999964237213
2020-07-16,1798.699951171875,19.496999740600586,828.7999877929688,2.885999917984009,40.75,3215.570068359375,26734.7109375,96.3499984741211,1.1417193412780762,0.6119999885559082,0.2750000059604645
2020-07-17,1808.300048828125,19.684999465942383,841.9000244140625,2.887500047683716,40.59000015258789,3224.72998046875,26671.94921875,95.94000244140625,1.139211654663086,0.628000020980835,0.28200000524520874
2020-07-20,1815.9000244140625,20.124000549316406,850.7000122070312,2.8984999656677246,40.810001373291016,3251.840087890625,26680.869140625,95.83000183105469,1.1442956924438477,0.6200000047683716,0.2849999964237213
2020-07-21,1842.4000244140625,21.496999740600586,911.4000244140625,2.940999984741211,41.959999084472656,3257.300048828125,26840.400390625,95.12000274658203,1.1458691358566284,0.6069999933242798,0.2709999978542328
2020-07-22,1864.0999755859375,23.08300018310547,949.2999877929688,2.9084999561309814,41.900001525878906,3276.02001953125,27005.83984375,94.97000122070312,1.15340256690979,0.5950000286102295,0.26899999380111694
2020-07-23,1889.0999755859375,22.94499969482422,955.0999755859375,2.924499988555908,41.06999969482422,3235.659912109375,26652.330078125,94.69000244140625,1.1568717956542969,0.5820000171661377,0.26600000262260437
2020-07-24,1897.300048828125,22.808000564575195,947.9000244140625,2.881999969482422,41.290000915527344,3215.6298828125,26469.890625,94.44000244140625,1.1596084833145142,0.5889999866485596,0.27399998903274536
2020-07-27,1931.0,24.47599983215332,958.5999755859375,2.888000011444092,41.599998474121094,3239.409912109375,26584.76953125,93.66999816894531,1.1652567386627197,0.609000027179718,0.2849999964237213
2020-07-28,1944.699951171875,24.266000747680664,977.9000244140625,2.9049999713897705,41.040000915527344,3218.43994140625,26379.279296875,93.76000213623047,1.1769275665283203,0.5809999704360962,0.26600000262260437
2020-07-29,1953.5,24.292999267578125,950.5999755859375,2.9054999351501465,41.27000045776367,3258.43994140625,26539.5703125,93.26000213623047,1.171879529953003,0.5789999961853027,0.2529999911785126
2020-07-30,1942.300048828125,23.34000015258789,905.9000244140625,2.9045000076293945,39.91999816894531,3246.219970703125,26313.650390625,93.0199966430664,1.1782865524291992,0.5410000085830688,0.23000000417232513
2020-07-31,1962.800048828125,24.18899917602539,912.2000122070312,2.8589999675750732,40.27000045776367,3271.1201171875,26428.3203125,93.48999786376953,1.1872254610061646,0.5360000133514404,0.2150000035762787
2020-08-03,1966.0,24.389999389648438,924.9000244140625,2.9079999923706055,41.0099983215332,3294.610107421875,26664.400390625,93.5,1.1782310009002686,0.5630000233650208,0.22499999403953552
2020-08-04,2001.199951171875,26.011999130249023,949.0999755859375,2.8894999027252197,41.70000076293945,3306.510009765625,26828.470703125,93.37999725341797,1.1763322353363037,0.5149999856948853,0.19499999284744263
2020-08-05,2031.0999755859375,26.87700080871582,983.4000244140625,2.9114999771118164,42.189998626708984,3327.77001953125,27201.51953125,92.83000183105469,1.181544303894043,0.5429999828338623,0.21799999475479126
2020-08-06,2051.5,28.386999130249023,1009.5999755859375,2.9054999351501465,41.95000076293945,3349.159912109375,27386.98046875,92.79000091552734,1.187281847000122,0.5360000133514404,0.21400000154972076
2020-08-07,2010.0999755859375,27.533000946044922,965.0999755859375,2.7904999256134033,41.220001220703125,3351.280029296875,27433.48046875,93.44000244140625,1.1876484155654907,0.5619999766349792,0.2290000021457672
2020-08-10,2024.4000244140625,29.249000549316406,997.5,2.8585000038146973,41.939998626708984,3360.469970703125,27791.439453125,93.58000183105469,1.1782727241516113,0.5740000009536743,0.23399999737739563
2020-08-11,1932.5999755859375,26.03700065612793,966.5999755859375,2.871999979019165,41.61000061035156,3333.68994140625,27686.91015625,93.62999725341797,1.1737778186798096,0.6579999923706055,0.29100000858306885
2020-08-12,1934.9000244140625,25.954999923706055,954.4000244140625,2.88700008392334,42.66999816894531,3380.35009765625,27976.83984375,93.44000244140625,1.1736538410186768,0.6700000166893005,0.29600000381469727
2020-08-13,1956.699951171875,27.694000244140625,978.0999755859375,2.803999900817871,42.2400016784668,3373.429931640625,27896.720703125,93.33999633789062,1.179380178451538,0.7160000205039978,0.3179999887943268
2020-08-14,1937.0,26.065000534057617,954.4000244140625,2.8559999465942383,42.0099983215332,3372.85009765625,27931.01953125,93.0999984741211,1.1816558837890625,0.7089999914169312,0.29899999499320984
2020-08-17,1985.0,27.64299964904785,963.2999877929688,2.8980000019073486,42.88999938964844,3381.989990234375,27844.91015625,92.8499984741211,1.1852554082870483,0.6830000281333923,0.2849999964237213
2020-08-18,1999.4000244140625,28.048999786376953,971.0999755859375,2.9709999561309814,42.88999938964844,3389.780029296875,27778.0703125,92.2699966430664,1.1876484155654907,0.6690000295639038,0.27900001406669617
2020-08-19,1958.699951171875,27.315000534057617,952.0,3.0190000534057617,42.93000030517578,3374.85009765625,27692.880859375,92.88999938964844,1.1947859525680542,0.675000011920929,0.2770000100135803
2020-08-20,1933.800048828125,27.121999740600586,923.0999755859375,2.9700000286102295,42.58000183105469,3385.510009765625,27739.73046875,92.79000091552734,1.1843500137329102,0.6439999938011169,0.2680000066757202
2020-08-21,1934.5999755859375,26.707000732421875,922.2999877929688,2.9135000705718994,42.34000015258789,3397.159912109375,27930.330078125,93.25,1.1873664855957031,0.6399999856948853,0.2720000147819519
2020-08-24,1927.699951171875,26.58799934387207,920.7999877929688,2.922499895095825,42.619998931884766,3431.280029296875,28308.4609375,93.30000305175781,1.1798018217086792,0.6460000276565552,0.2800000011920929
2020-08-25,1911.800048828125,26.253999710083008,930.5999755859375,2.930999994277954,43.349998474121094,3443.6201171875,28248.439453125,93.0199966430664,1.1794538497924805,0.6819999814033508,0.2919999957084656
2020-08-26,1940.699951171875,27.43000030517578,936.4000244140625,2.9595000743865967,43.38999938964844,3478.72998046875,28331.919921875,93.01000213623047,1.183501958847046,0.6869999766349792,0.28999999165534973
2020-08-27,1921.5999755859375,27.010000228881836,925.5999755859375,2.9649999141693115,43.040000915527344,3484.550048828125,28492.26953125,93.01000213623047,1.1842728853225708,0.7459999918937683,0.3100000023841858
2020-08-28,1964.5999755859375,27.610000610351562,937.5,2.994999885559082,42.970001220703125,3508.010009765625,28653.869140625,92.37000274658203,1.1819632053375244,0.7289999723434448,0.2750000059604645
2020-08-31,1967.5999755859375,28.437000274658203,935.7000122070312,3.0409998893737793,42.61000061035156,3500.31005859375,28430.05078125,92.13999938964844,1.1918240785598755,0.6930000185966492,0.2639999985694885
2020-09-01,1968.199951171875,28.486000061035156,950.5,3.009500026702881,42.7599983215332,3526.64990234375,28645.66015625,92.33999633789062,1.193901538848877,0.671999990940094,0.2549999952316284
2020-09-02,1934.4000244140625,27.249000549316406,902.0,3.003000020980835,41.5099983215332,3580.840087890625,29100.5,92.8499984741211,1.1923214197158813,0.6510000228881836,0.25600001215934753
2020-09-03,1927.5999755859375,26.735000610351562,887.5999755859375,2.9579999446868896,41.369998931884766,3455.06005859375,28292.73046875,92.73999786376953,1.184735894203186,0.621999979019165,0.2370000034570694
2020-09-04,1923.9000244140625,26.576000213623047,896.2999877929688,3.0464999675750732,39.77000045776367,3426.9599609375,28133.310546875,92.72000122070312,1.1839784383773804,0.7210000157356262,0.30399999022483826
2020-09-08,1933.0,26.86400032043457,908.4000244140625,3.012500047683716,36.7599983215332,3331.840087890625,27500.890625,93.4800033569336,1.1821727752685547,0.6840000152587891,0.2720000147819519
2020-09-09,1944.699951171875,26.954999923706055,923.0999755859375,3.0399999618530273,38.04999923706055,3398.9599609375,27940.470703125,93.26000213623047,1.177024483680725,0.703000009059906,0.27900001406669617
2020-09-10,1954.199951171875,27.163000106811523,939.4000244140625,2.986999988555908,37.29999923706055,3339.18994140625,27534.580078125,93.33999633789062,1.1806375980377197,0.6850000023841858,0.26600000262260437
2020-09-11,1937.800048828125,26.73900032043457,938.0,3.0339999198913574,37.33000183105469,3340.969970703125,27665.640625,93.33000183105469,1.1824384927749634,0.6690000295639038,0.2529999911785126
2020-09-14,1953.0999755859375,27.229000091552734,957.0999755859375,3.066499948501587,37.2599983215332,3383.5400390625,27993.330078125,93.06999969482422,1.1842728853225708,0.6710000038146973,0.2630000114440918
2020-09-15,1956.300048828125,27.34600067138672,980.7999877929688,3.062999963760376,38.279998779296875,3401.199951171875,27995.599609375,93.05000305175781,1.187000036239624,0.6790000200271606,0.26899999380111694
2020-09-16,1960.199951171875,27.354999542236328,972.2999877929688,3.058000087738037,40.15999984741211,3385.489990234375,28032.380859375,93.20999908447266,1.1844412088394165,0.6869999766349792,0.27399998903274536
2020-09-17,1940.0,26.985000610351562,930.0,3.066499948501587,40.970001220703125,3357.010009765625,27901.98046875,92.97000122070312,1.1803449392318726,0.6840000152587891,0.2709999978542328
2020-09-18,1952.0999755859375,27.027999877929688,937.5,3.1135001182556152,41.11000061035156,3319.469970703125,27657.419921875,92.93000030517578,1.1848200559616089,0.6940000057220459,0.27900001406669617
2020-09-21,1901.199951171875,24.298999786376953,875.0999755859375,3.0295000076293945,39.310001373291016,3281.06005859375,27147.69921875,93.54000091552734,1.1845533847808838,0.6710000038146973,0.2680000066757202
2020-09-22,1898.5999755859375,24.441999435424805,856.5,3.059000015258789,39.599998474121094,3315.570068359375,27288.1796875,93.98999786376953,1.176800012588501,0.6639999747276306,0.25999999046325684
2020-09-23,1859.9000244140625,23.013999938964844,842.2999877929688,2.993499994277954,39.93000030517578,3236.919921875,26763.130859375,94.38999938964844,1.1708368062973022,0.6759999990463257,0.2709999978542328
2020-09-24,1868.300048828125,23.118000030517578,837.0999755859375,2.9690001010894775,40.310001373291016,3246.590087890625,26815.439453125,94.3499984741211,1.1658544540405273,0.6660000085830688,0.2750000059604645
2020-09-25,1857.699951171875,23.017000198364258,841.0999755859375,2.9730000495910645,40.25,3298.4599609375,27173.9609375,94.58000183105469,1.1673243045806885,0.6589999794960022,0.2669999897480011
2020-09-28,1872.800048828125,23.527999877929688,881.9000244140625,2.989500045776367,40.599998474121094,3351.60009765625,27584.060546875,94.26000213623047,1.1635348796844482,0.6629999876022339,0.26600000262260437
2020-09-29,1894.300048828125,24.3799991607666,887.5,2.9835000038146973,39.290000915527344,3335.469970703125,27452.66015625,93.88999938964844,1.167883276939392,0.6449999809265137,0.25
2020-09-30,1887.5,23.433000564575195,901.0,3.0285000801086426,40.220001220703125,3363.0,27781.69921875,93.88999938964844,1.1742050647735596,0.6769999861717224,0.2720000147819519
2020-10-01,1908.4000244140625,24.19300079345703,898.2000122070312,2.8635001182556152,38.720001220703125,3380.800048828125,27816.900390625,93.70999908447266,1.1726078987121582,0.6769999861717224,0.2720000147819519
2020-10-02,1900.199951171875,23.97100067138672,883.4000244140625,2.9784998893737793,37.04999923706055,3348.419921875,27682.810546875,93.83999633789062,1.1744946241378784,0.6959999799728394,0.2849999964237213
2020-10-05,1912.5,24.50200080871582,897.2000122070312,2.9649999141693115,39.220001220703125,3408.60009765625,28148.640625,93.51000213623047,1.1720443964004517,0.7620000243186951,0.3240000009536743
2020-10-06,1901.0999755859375,23.8700008392334,863.9000244140625,2.9655001163482666,40.66999816894531,3360.969970703125,27772.759765625,93.83000183105469,1.1792453527450562,0.7419999837875366,0.3160000145435333
2020-10-07,1883.5999755859375,23.847999572753906,861.2000122070312,3.0344998836517334,39.95000076293945,3419.43994140625,28303.4609375,93.62999725341797,1.1737639904022217,0.7850000262260437,0.3440000116825104
2020-10-08,1888.5999755859375,23.836999893188477,858.2000122070312,3.0420000553131104,41.189998626708984,3446.830078125,28425.509765625,93.61000061035156,1.176747441291809,0.7649999856948853,0.32600000500679016
2020-10-09,1919.5,25.069000244140625,887.9000244140625,3.0794999599456787,40.599998474121094,3477.139892578125,28586.900390625,93.05999755859375,1.1767003536224365,0.7749999761581421,0.335999995470047
2020-10-12,1922.5,25.22599983215332,870.0,3.061000108718872,39.43000030517578,3534.219970703125,28837.51953125,93.06999969482422,1.181683897972107,0.7770000100135803,0.33899998664855957
2020-10-13,1888.5,24.086000442504883,867.2000122070312,3.0425000190734863,40.20000076293945,3511.929931640625,28679.810546875,93.52999877929688,1.1816140413284302,0.7269999980926514,0.3019999861717224
2020-10-14,1901.300048828125,24.36400032043457,858.0999755859375,3.047499895095825,41.040000915527344,3488.669921875,28514.0,93.37999725341797,1.1742188930511475,0.722000002861023,0.3019999861717224
2020-10-15,1903.199951171875,24.19300079345703,856.2999877929688,3.0829999446868896,40.959999084472656,3483.340087890625,28494.19921875,93.86000061035156,1.1743981838226318,0.7310000061988831,0.3140000104904175
2020-10-16,1900.800048828125,24.368999481201172,864.2999877929688,3.065000057220459,40.880001068115234,3483.81005859375,28606.310546875,93.68000030517578,1.1707134246826172,0.7440000176429749,0.3190000057220459
2020-10-19,1906.4000244140625,24.656999588012695,858.5999755859375,3.0810000896453857,40.83000183105469,3426.919921875,28195.419921875,93.43000030517578,1.1715501546859741,0.7609999775886536,0.33000001311302185
2020-10-20,1910.4000244140625,24.937000274658203,872.4000244140625,3.1435000896453857,41.459999084472656,3443.1201171875,28308.7890625,93.06999969482422,1.176885962486267,0.796999990940094,0.34299999475479126
2020-10-21,1924.5999755859375,25.19700050354004,889.0999755859375,3.194499969482422,40.029998779296875,3435.56005859375,28210.8203125,92.61000061035156,1.1829839944839478,0.8159999847412109,0.35100001096725464
2020-10-22,1901.0999755859375,24.665000915527344,879.0,3.1500000953674316,40.63999938964844,3453.489990234375,28363.66015625,92.94999694824219,1.1853959560394287,0.8479999899864197,0.375
2020-10-23,1902.0,24.62700080871582,901.7000122070312,3.125499963760376,39.849998474121094,3465.389892578125,28335.5703125,92.7699966430664,1.1815024614334106,0.8410000205039978,0.3700000047683716
2020-10-26,1902.699951171875,24.375999450683594,872.5,3.0885000228881836,38.560001373291016,3400.969970703125,27685.380859375,93.05000305175781,1.1848480701446533,0.8009999990463257,0.3490000069141388
2020-10-27,1908.800048828125,24.525999069213867,882.0999755859375,3.0899999141693115,39.56999969482422,3390.679931640625,27463.189453125,92.94000244140625,1.1809443235397339,0.777999997138977,0.33500000834465027
2020-10-28,1876.199951171875,23.323999404907227,870.2999877929688,3.056999921798706,37.38999938964844,3271.030029296875,26519.94921875,93.41000366210938,1.1784114837646484,0.781000018119812,0.3330000042915344
2020-10-29,1865.5999755859375,23.339000701904297,845.4000244140625,3.052000045776367,36.16999816894531,3310.110107421875,26659.109375,93.95999908447266,1.1748672723770142,0.8349999785423279,0.3720000088214874
2020-10-30,1877.4000244140625,23.617000579833984,844.5999755859375,3.0434999465942383,35.790000915527344,3269.9599609375,26501.599609375,94.04000091552734,1.1678695678710938,0.8600000143051147,0.38100001215934753
2020-11-02,1890.4000244140625,24.006000518798828,855.7999877929688,3.073499917984009,36.810001373291016,3310.239990234375,26925.05078125,94.05000305175781,1.1642121076583862,0.8489999771118164,0.37700000405311584
2020-11-03,1908.5,24.30500030517578,871.4000244140625,3.0869998931884766,37.65999984741211,3369.159912109375,27480.029296875,93.55000305175781,1.1642799377441406,0.8820000290870667,0.3930000066757202
2020-11-04,1894.5999755859375,23.86400032043457,866.7000122070312,3.1010000705718994,39.150001525878906,3443.43994140625,27847.66015625,93.41000366210938,1.176221489906311,0.7680000066757202,0.3230000138282776
2020-11-05,1945.300048828125,25.17099952697754,896.7999877929688,3.1045000553131104,38.790000915527344,3510.449951171875,28390.1796875,92.52999877929688,1.17326819896698,0.7760000228881836,0.33500000834465027
2020-11-06,1950.300048828125,25.645999908447266,896.0,3.1489999294281006,37.13999938964844,3509.43994140625,28323.400390625,92.2300033569336,1.1817537546157837,0.8199999928474426,0.3630000054836273
2020-11-09,1853.199951171875,23.684999465942383,864.5999755859375,3.1514999866485596,40.290000915527344,3550.5,29157.970703125,92.7300033569336,1.1893010139465332,0.9580000042915344,0.44699999690055847
2020-11-10,1875.4000244140625,24.445999145507812,890.0,3.1505000591278076,41.36000061035156,3545.530029296875,29420.919921875,92.75,1.182732105255127,0.972000002861023,0.46000000834465027
2020-11-11,1860.699951171875,24.250999450683594,865.0999755859375,3.128999948501587,41.45000076293945,3572.659912109375,29397.630859375,93.04000091552734,1.1818794012069702,0.9580000042915344,0.45399999618530273
2020-11-12,1872.5999755859375,24.290000915527344,881.0999755859375,3.1429998874664307,41.119998931884766,3537.010009765625,29080.169921875,92.95999908447266,1.1780297756195068,0.8849999904632568,0.3959999978542328
2020-11-13,1885.699951171875,24.759000778198242,893.4000244140625,3.17549991607666,40.130001068115234,3585.14990234375,29479.810546875,92.76000213623047,1.1803393363952637,0.8930000066757202,0.40299999713897705
2020-11-16,1887.300048828125,24.785999298095703,925.0,3.2200000286102295,41.34000015258789,3626.909912109375,29950.439453125,92.56999969482422,1.1845253705978394,0.906000018119812,0.40799999237060547
2020-11-17,1884.5,24.635000228881836,934.5999755859375,3.196500062942505,41.43000030517578,3609.530029296875,29783.349609375,92.41999816894531,1.1859441995620728,0.871999979019165,0.38600000739097595
2020-11-18,1873.5,24.433000564575195,946.7000122070312,3.197999954223633,41.81999969482422,3567.7900390625,29438.419921875,92.31999969482422,1.186366319656372,0.8820000290870667,0.39899998903274536
2020-11-19,1861.0999755859375,24.033000946044922,948.2000122070312,3.2035000324249268,41.7400016784668,3581.8701171875,29483.23046875,92.29000091552734,1.1847639083862305,0.8539999723434448,0.38600000739097595
2020-11-20,1872.5999755859375,24.347999572753906,954.0999755859375,3.2934999465942383,42.150001525878906,3557.5400390625,29263.48046875,92.38999938964844,1.1866477727890015,0.8289999961853027,0.37599998712539673
2020-11-23,1837.800048828125,23.624000549316406,929.0999755859375,3.259500026702881,43.060001373291016,3577.590087890625,29591.26953125,92.51000213623047,1.1866477727890015,0.8569999933242798,0.3880000114440918
2020-11-24,1804.800048828125,23.29199981689453,955.7000122070312,3.299999952316284,44.90999984741211,3635.409912109375,30046.240234375,92.2300033569336,1.1842728853225708,0.8820000290870667,0.3970000147819519
2020-11-25,1805.699951171875,23.356000900268555,967.2999877929688,3.312000036239624,45.709999084472656,3629.64990234375,29872.470703125,91.98999786376953,1.1900511980056763,0.878000020980835,0.3889999985694885
2020-11-27,1781.9000244140625,22.55299949645996,963.0,3.3994998931884766,45.529998779296875,3638.35009765625,29910.369140625,91.79000091552734,1.191599726676941,0.8420000076293945,0.367000013589859
2020-11-30,1775.699951171875,22.534000396728516,964.0999755859375,3.4205000400543213,45.34000015258789,3621.6298828125,29638.640625,91.87000274658203,1.1971460580825806,0.843999981880188,0.3619999885559082
2020-12-01,1814.0999755859375,24.033000946044922,1002.2000122070312,3.4679999351501465,44.54999923706055,3662.449951171875,29823.919921875,91.30999755859375,1.193816065788269,0.9340000152587891,0.4269999861717224
2020-12-02,1825.699951171875,24.024999618530273,1010.4000244140625,3.4749999046325684,45.279998779296875,3669.010009765625,29883.7890625,91.12000274658203,1.2074378728866577,0.9480000138282776,0.4230000078678131
2020-12-03,1836.800048828125,24.086999893188477,1037.0,3.4790000915527344,45.63999938964844,3666.719970703125,29969.51953125,90.70999908447266,1.2114603519439697,0.9200000166893005,0.4050000011920929
2020-12-04,1835.9000244140625,24.202999114990234,1071.199951171875,3.5139999389648438,46.2599983215332,3699.1201171875,30218.259765625,90.69999694824219,1.2145650386810303,0.968999981880188,0.4230000078678131
2020-12-07,1861.800048828125,24.740999221801758,1047.199951171875,3.508500099182129,45.7599983215332,3691.9599609375,30069.7890625,90.79000091552734,1.212135910987854,0.9279999732971191,0.3889999985694885
2020-12-08,1870.800048828125,24.68400001525879,1035.0,3.49399995803833,45.599998474121094,3702.25,30173.880859375,90.97000122070312,1.2113136053085327,0.9129999876022339,0.3880000114440918
2020-12-09,1834.5999755859375,23.93000030517578,1016.9000244140625,3.507999897003174,45.52000045776367,3672.820068359375,30068.810546875,91.08999633789062,1.2110936641693115,0.9409999847412109,0.40799999237060547
2020-12-10,1833.5999755859375,24.0310001373291,1026.199951171875,3.570499897003174,46.779998779296875,3668.10009765625,29999.259765625,90.79000091552734,1.207875370979309,0.9079999923706055,0.382999986410141
2020-12-11,1839.800048828125,24.031999588012695,1020.5999755859375,3.5239999294281006,46.56999969482422,3663.4599609375,30046.369140625,90.9800033569336,1.2144293785095215,0.8930000066757202,0.3610000014305115
2020-12-14,1828.699951171875,23.985000610351562,1014.4000244140625,3.5220000743865967,46.9900016784668,3647.489990234375,29861.55078125,90.70999908447266,1.213340401649475,0.8920000195503235,0.3580000102519989
2020-12-15,1852.300048828125,24.58099937438965,1038.0999755859375,3.5380001068115234,47.619998931884766,3694.6201171875,30199.310546875,90.47000122070312,1.214889645576477,0.9229999780654907,0.375
2020-12-16,1856.0999755859375,24.985000610351562,1034.199951171875,3.553999900817871,47.81999969482422,3701.169921875,30154.5390625,90.44999694824219,1.2154301404953003,0.9200000166893005,0.3700000047683716
2020-12-17,1887.199951171875,26.100000381469727,1048.9000244140625,3.5969998836517334,48.36000061035156,3722.47998046875,30303.369140625,89.81999969482422,1.2199585437774658,0.9300000071525574,0.37700000405311584
2020-12-18,1885.699951171875,25.948999404907227,1041.9000244140625,3.628499984741211,49.099998474121094,3709.409912109375,30179.05078125,90.0199966430664,1.226271629333496,0.9480000138282776,0.38100001215934753
2020-12-21,1879.199951171875,26.277999877929688,1015.0,3.572999954223633,47.7400016784668,3694.919921875,30216.44921875,90.04000091552734,1.221612811088562,0.9409999847412109,0.382999986410141
2020-12-22,1866.5999755859375,25.43400001525879,1008.5,3.5179998874664307,47.02000045776367,3687.260009765625,30015.509765625,90.6500015258789,1.2236906290054321,0.9179999828338623,0.36399999260902405
2020-12-23,1874.699951171875,25.823999404907227,1016.2000122070312,3.552000045776367,48.119998931884766,3690.010009765625,30129.830078125,90.41000366210938,1.2186651229858398,0.9549999833106995,0.37700000405311584
2020-12-24,1879.9000244140625,25.81100082397461,1028.0,3.559999942779541,48.22999954223633,3703.06005859375,30199.869140625,90.33000183105469,1.2191405296325684,0.9279999732971191,0.36399999260902405
2020-12-28,1877.199951171875,26.459999084472656,1042.199951171875,3.569999933242798,47.619998931884766,3735.360107421875,30403.970703125,90.33999633789062,1.2205095291137695,0.9330000281333923,0.36399999260902405
2020-12-29,1879.699951171875,26.13800048828125,1055.699951171875,3.552999973297119,48.0,3727.0400390625,30335.669921875,90.01000213623047,1.2223445177078247,0.9350000023841858,0.3779999911785126
2020-12-30,1891.0,26.488000869750977,1072.5999755859375,3.5429999828338623,48.400001525878906,3732.0400390625,30409.560546875,89.62999725341797,1.225295066833496,0.9259999990463257,0.3700000047683716
2020-12-31,1893.0999755859375,26.332000732421875,1075.4000244140625,3.5139999389648438,48.52000045776367,3756.070068359375,30606.48046875,89.94000244140625,1.2299896478652954,0.9169999957084656,0.3610000014305115
2021-01-04,1944.699951171875,27.284000396728516,1066.0,3.552999973297119,47.619998931884766,3700.64990234375,30223.890625,89.87999725341797,1.2250697612762451,0.9169999957084656,0.3540000021457672
2021-01-05,1952.699951171875,27.570999145507812,1114.699951171875,3.640500068664551,49.93000030517578,3726.860107421875,30391.599609375,89.44000244140625,1.2251598834991455,0.9549999833106995,0.37700000405311584
2021-01-06,1906.9000244140625,26.972999572753906,1105.699951171875,3.6500000953674316,50.630001068115234,3748.139892578125,30829.400390625,89.52999877929688,1.230027437210083,1.0420000553131104,0.4320000112056732
2021-01-07,1912.300048828125,27.200000762939453,1119.699951171875,3.695499897003174,50.83000183105469,3803.7900390625,31041.130859375,89.83000183105469,1.2341108322143555,1.0709999799728394,0.45399999618530273
2021-01-08,1834.0999755859375,24.582000732421875,1065.699951171875,3.6735000610351562,52.2400016784668,3824.679931640625,31097.970703125,90.0999984741211,1.227144479751587,1.1050000190734863,0.4790000021457672
2021-01-11,1849.5999755859375,25.23900032043457,1039.5999755859375,3.563999891281128,52.25,3799.610107421875,31008.689453125,90.54000091552734,1.2186205387115479,1.1319999694824219,0.49799999594688416
2021-01-12,1842.9000244140625,25.384000778198242,1062.9000244140625,3.6050000190734863,53.209999084472656,3801.18994140625,31068.689453125,90.05000305175781,1.2160701751708984,1.1380000114440918,0.503000020980835
2021-01-13,1853.5999755859375,25.520000457763672,1105.9000244140625,3.617000102996826,52.90999984741211,3809.840087890625,31060.470703125,90.31999969482422,1.2208894491195679,1.0880000591278076,0.47600001096725464
2021-01-14,1850.300048828125,25.746000289916992,1121.5999755859375,3.6679999828338623,53.56999969482422,3795.5400390625,30991.51953125,90.23999786376953,1.2162491083145142,1.128999948501587,0.48399999737739563
2021-01-15,1829.300048828125,24.825000762939453,1085.699951171875,3.6029999256134033,52.36000061035156,3768.25,30814.259765625,90.77999877929688,1.2151259183883667,1.097000002861023,0.45500001311302185
2021-01-19,1839.5,25.27899932861328,1088.4000244140625,3.635999917984009,52.97999954223633,3798.909912109375,30930.51953125,90.5,1.207729458808899,1.0920000076293945,0.4490000009536743
2021-01-20,1865.9000244140625,25.733999252319336,1112.800048828125,3.6475000381469727,53.2400016784668,3851.85009765625,31188.380859375,90.47000122070312,1.2138868570327759,1.090000033378601,0.4490000009536743
2021-01-21,1865.300048828125,25.82200050354004,1124.199951171875,3.6554999351501465,53.130001068115234,3853.070068359375,31176.009765625,90.12999725341797,1.2115631103515625,1.1089999675750732,0.44699999690055847
2021-01-22,1855.699951171875,25.52400016784668,1108.199951171875,3.635499954223633,52.27000045776367,3841.469970703125,30996.98046875,90.23999786376953,1.2166293859481812,1.090999960899353,0.4339999854564667
2021-01-25,1854.9000244140625,25.454999923706055,1101.199951171875,3.640500068664551,52.77000045776367,3855.360107421875,30960.0,90.38999938964844,1.216944694519043,1.0399999618530273,0.4099999964237213
2021-01-26,1850.699951171875,25.52899932861328,1103.800048828125,3.628000020980835,52.61000061035156,3849.6201171875,30937.0390625,90.16999816894531,1.214624047279358,1.0399999618530273,0.41200000047683716
2021-01-27,1844.9000244140625,25.375999450683594,1075.5,3.571500062942505,52.849998474121094,3750.77001953125,30303.169921875,90.6500015258789,1.216299295425415,1.0140000581741333,0.40700000524520874
2021-01-28,1837.9000244140625,25.909000396728516,1068.699951171875,3.5829999446868896,52.34000015258789,3787.3798828125,30603.359375,90.45999908447266,1.2105072736740112,1.0570000410079956,0.4300000071525574
2021-01-29,1847.300048828125,26.899999618530273,1075.800048828125,3.573499917984009,52.20000076293945,3714.239990234375,29982.619140625,90.58000183105469,1.2120037078857422,1.093000054359436,0.4429999887943268
2021-02-01,1860.800048828125,29.398000717163086,1135.5,3.562000036239624,53.54999923706055,3773.860107421875,30211.91015625,91.0199966430664,1.2123857736587524,1.0770000219345093,0.42399999499320984
2021-02-02,1830.5,26.384000778198242,1092.699951171875,3.5390000343322754,54.7599983215332,3826.31005859375,30687.48046875,91.19999694824219,1.2068694829940796,1.1050000190734863,0.4449999928474426
2021-02-03,1832.199951171875,26.878000259399414,1111.5999755859375,3.5785000324249268,55.689998626708984,3830.169921875,30723.599609375,91.12000274658203,1.203905463218689,1.13100004196167,0.45899999141693115
2021-02-04,1788.9000244140625,26.222999572753906,1100.0999755859375,3.565999984741211,56.22999954223633,3871.739990234375,31055.859375,91.52999877929688,1.2042388916015625,1.1390000581741333,0.45899999141693115
2021-02-05,1810.9000244140625,27.013999938964844,1130.300048828125,3.6389999389648438,56.849998474121094,3886.830078125,31148.240234375,91.04000091552734,1.1966731548309326,1.1699999570846558,0.46700000762939453
2021-02-08,1831.9000244140625,27.56999969482422,1172.4000244140625,3.678999900817871,57.970001220703125,3915.590087890625,31385.759765625,90.93000030517578,1.2048773765563965,1.159999966621399,0.4749999940395355
2021-02-09,1835.300048828125,27.395999908447266,1191.4000244140625,3.7335000038146973,58.36000061035156,3911.22998046875,31375.830078125,90.44000244140625,1.2053595781326294,1.156999945640564,0.4740000069141388
2021-02-10,1840.5999755859375,27.073999404907227,1244.199951171875,3.7855000495910645,58.68000030517578,3909.8798828125,31437.80078125,90.37000274658203,1.2119992971420288,1.1330000162124634,0.4560000002384186
2021-02-11,1824.9000244140625,27.04199981689453,1244.4000244140625,3.7874999046325684,58.2400016784668,3916.3798828125,31430.69921875,90.41999816894531,1.2121212482452393,1.1579999923706055,0.460999995470047
2021-02-12,1821.5999755859375,27.322999954223633,1256.4000244140625,3.802000045776367,59.470001220703125,3934.830078125,31458.400390625,90.4800033569336,1.2131506204605103,1.2000000476837158,0.48500001430511475
2021-02-16,1797.199951171875,27.319000244140625,1277.0,3.8480000495910645,60.04999923706055,3932.590087890625,31522.75,90.51000213623047,1.2132196426391602,1.2990000247955322,0.5609999895095825
2021-02-17,1771.0999755859375,27.31399917602539,1255.300048828125,3.8359999656677246,61.13999938964844,3931.330078125,31613.01953125,90.94999694824219,1.2092483043670654,1.3009999990463257,0.5659999847412109
2021-02-18,1773.4000244140625,27.07699966430664,1272.4000244140625,3.9165000915527344,60.52000045776367,3913.969970703125,31493.33984375,90.58999633789062,1.2048004865646362,1.2869999408721924,0.5479999780654907
2021-02-19,1775.800048828125,27.25200080871582,1290.5999755859375,4.090000152587891,59.2400016784668,3906.7099609375,31494.3203125,90.36000061035156,1.209189772605896,1.3450000286102295,0.5809999704360962
2021-02-22,1806.699951171875,28.08300018310547,1280.0,4.152500152587891,61.4900016784668,3876.5,31521.689453125,90.01000213623047,1.2126356363296509,1.3700000047683716,0.597000002861023
2021-02-23,1804.4000244140625,27.68600082397461,1237.4000244140625,4.1875,61.66999816894531,3881.3701171875,31537.349609375,90.16999816894531,1.2166796922683716,1.3619999885559082,0.5789999961853027
2021-02-24,1796.4000244140625,27.85700035095215,1255.5999755859375,4.301000118255615,63.220001220703125,3925.429931640625,31961.859375,90.18000030517578,1.215214490890503,1.3890000581741333,0.6119999885559082
2021-02-25,1774.4000244140625,27.636999130249023,1229.699951171875,4.265999794006348,63.529998779296875,3829.340087890625,31402.009765625,90.12999725341797,1.2171372175216675,1.5180000066757202,0.8019999861717224
2021-02-26,1728.0999755859375,26.402000427246094,1183.5,4.0945000648498535,61.5,3811.14990234375,30932.369140625,90.93000030517578,1.2160420417785645,1.4600000381469727,0.7760000228881836
2021-03-01,1722.5,26.64699935913086,1189.5999755859375,4.119500160217285,60.63999938964844,3901.820068359375,31535.509765625,91.04000091552734,1.208956003189087,1.4459999799728394,0.7110000252723694
2021-03-02,1733.0999755859375,26.850000381469727,1212.699951171875,4.231500148773193,59.75,3870.2900390625,31391.51953125,90.79000091552734,1.2051095962524414,1.4149999618530273,0.675000011920929
2021-03-03,1715.300048828125,26.35700035095215,1180.4000244140625,4.1529998779296875,61.279998779296875,3819.719970703125,31270.08984375,90.94999694824219,1.208546757698059,1.4700000286102295,0.7269999980926514
2021-03-04,1700.199951171875,25.43400001525879,1134.199951171875,3.990999937057495,63.83000183105469,3768.469970703125,30924.140625,91.62999725341797,1.2050660848617554,1.5499999523162842,0.7820000052452087
2021-03-05,1698.0,25.256999969482422,1127.0999755859375,4.086999893188477,66.08999633789062,3841.93994140625,31496.30078125,91.9800033569336,1.1967735290527344,1.5540000200271606,0.7850000262260437
2021-03-08,1677.699951171875,25.239999771118164,1151.0999755859375,4.103499889373779,65.05000305175781,3821.35009765625,31802.439453125,92.30999755859375,1.1925631761550903,1.5959999561309814,0.8500000238418579
2021-03-09,1716.5999755859375,26.148000717163086,1174.199951171875,4.019499778747559,64.01000213623047,3875.43994140625,31832.740234375,91.95999908447266,1.185171127319336,1.5460000038146973,0.8209999799728394
2021-03-10,1721.5,26.101999282836914,1200.5999755859375,4.041999816894531,64.44000244140625,3898.81005859375,32297.01953125,91.79000091552734,1.1897906064987183,1.5199999809265137,0.7919999957084656
2021-03-11,1722.300048828125,26.16200065612793,1201.0999755859375,4.14300012588501,66.0199966430664,3939.340087890625,32485.58984375,91.41999816894531,1.1926058530807495,1.5269999504089355,0.777999997138977
2021-03-12,1719.5,25.8799991607666,1199.0999755859375,4.145500183105469,65.61000061035156,3943.340087890625,32778.640625,91.68000030517578,1.1986095905303955,1.6349999904632568,0.847000002861023
2021-03-15,1728.9000244140625,26.253000259399414,1208.300048828125,4.146500110626221,65.38999938964844,3968.93994140625,32953.4609375,91.83000183105469,1.1950000524520874,1.6069999933242798,0.8309999704360962
2021-03-16,1730.5999755859375,25.974000930786133,1217.9000244140625,4.078999996185303,64.80000305175781,3962.7099609375,32825.94921875,91.87000274658203,1.1925773620605469,1.621000051498413,0.8240000009536743
2021-03-17,1726.800048828125,26.030000686645508,1198.0999755859375,4.127999782562256,64.5999984741211,3974.1201171875,33015.37109375,91.4000015258789,1.190164566040039,1.6410000324249268,0.7799999713897705
2021-03-18,1732.199951171875,26.320999145507812,1216.199951171875,4.117000102996826,60.0,3915.4599609375,32862.30078125,91.8499984741211,1.1982792615890503,1.7300000190734863,0.8690000176429749
2021-03-19,1741.4000244140625,26.29199981689453,1198.9000244140625,4.123499870300293,61.41999816894531,3913.10009765625,32627.970703125,91.91999816894531,1.1918240785598755,1.7319999933242798,0.8809999823570251
2021-03-22,1737.800048828125,25.740999221801758,1182.800048828125,4.14900016784668,61.54999923706055,3940.590087890625,32731.19921875,91.80000305175781,1.1883116960525513,1.684000015258789,0.8600000143051147
2021-03-23,1724.699951171875,25.200000762939453,1173.800048828125,4.0879998207092285,57.7599983215332,3910.52001953125,32423.150390625,92.33999633789062,1.193303108215332,1.6380000114440918,0.8289999961853027
2021-03-24,1732.9000244140625,25.201000213623047,1179.5999755859375,4.071499824523926,61.18000030517578,3889.139892578125,32420.060546875,92.52999877929688,1.1840205192565918,1.6139999628067017,0.8140000104904175
2021-03-25,1724.9000244140625,25.02199935913086,1153.699951171875,3.984999895095825,58.560001373291016,3909.52001953125,32619.48046875,92.87999725341797,1.1813069581985474,1.6139999628067017,0.8190000057220459
2021-03-26,1732.199951171875,25.091999053955078,1177.5,4.078499794006348,60.970001220703125,3974.5400390625,33072.87890625,92.7699966430664,1.1776621341705322,1.659999966621399,0.8560000061988831
2021-03-29,1712.0999755859375,24.746999740600586,1181.300048828125,4.043000221252441,61.560001373291016,3971.090087890625,33171.37109375,92.94000244140625,1.1788004636764526,1.7209999561309814,0.890999972820282
2021-03-30,1683.9000244140625,24.121000289916992,1157.699951171875,3.9830000400543213,60.54999923706055,3958.550048828125,33066.9609375,93.30000305175781,1.177100658416748,1.7259999513626099,0.9100000262260437
2021-03-31,1713.800048828125,24.517000198364258,1188.5,4.002999782562256,59.15999984741211,3972.889892578125,32981.55078125,93.2300033569336,1.1723604202270508,1.746000051498413,0.9380000233650208
2021-04-01,1726.5,24.934999465942383,1206.199951171875,4.003499984741211,61.45000076293945,4019.8701171875,33153.2109375,92.93000030517578,1.1728830337524414,1.6790000200271606,0.9070000052452087
2021-04-05,1727.0,24.76300048828125,1207.0,4.14900016784668,58.650001525878906,4077.909912109375,33527.19140625,92.5999984741211,1.176816701889038,1.7200000286102295,0.9409999847412109
2021-04-06,1741.5,25.211999893188477,1237.800048828125,4.126500129699707,59.33000183105469,4073.93994140625,33430.23828125,92.33999633789062,1.1818934679031372,1.656000018119812,0.871999979019165
2021-04-07,1740.0999755859375,25.232999801635742,1229.300048828125,4.064000129699707,59.77000045776367,4079.949951171875,33446.26171875,92.45999908447266,1.1874228715896606,1.652999997138977,0.8560000061988831
2021-04-08,1756.800048828125,25.569000244140625,1233.300048828125,4.103499889373779,59.599998474121094,4097.169921875,33503.5703125,92.05999755859375,1.1873664855957031,1.6319999694824219,0.8399999737739563
2021-04-09,1743.300048828125,25.31100082397461,1207.300048828125,4.05049991607666,59.31999969482422,4128.7998046875,33800.6015625,92.16000366210938,1.1915684938430786,1.6660000085830688,0.8679999709129333
2021-04-12,1731.199951171875,24.85300064086914,1172.199951171875,4.03000020980835,59.70000076293945,4127.990234375,33745.3984375,92.13999938964844,1.1900511980056763,1.6749999523162842,0.8899999856948853
2021-04-13,1746.199951171875,25.41699981689453,1155.0,4.043000221252441,60.18000030517578,4141.58984375,33677.26953125,91.8499984741211,1.1914690732955933,1.6230000257492065,0.8399999737739563
2021-04-14,1734.9000244140625,25.514999389648438,1175.199951171875,4.139999866485596,63.150001525878906,4124.66015625,33730.890625,91.69000244140625,1.1954143047332764,1.6380000114440918,0.8600000143051147
2021-04-15,1765.4000244140625,25.95599937438965,1197.800048828125,4.230500221252441,63.459999084472656,4170.419921875,34035.98828125,91.66999816894531,1.1986095905303955,1.5299999713897705,0.7919999957084656
2021-04-16,1779.0,26.099000930786133,1206.199951171875,4.179999828338623,63.130001068115234,4185.47021484375,34200.671875,91.55999755859375,1.1971746683120728,1.5729999542236328,0.8209999799728394
2021-04-19,1769.4000244140625,25.83099937438965,1204.0,4.25,63.380001068115234,4163.259765625,34077.62890625,91.06999969482422,1.1969454288482666,1.6009999513626099,0.8309999704360962
2021-04-20,1777.300048828125,25.834999084472656,1193.800048828125,4.223999977111816,62.439998626708984,4134.93994140625,33821.30078125,91.23999786376953,1.204529047012329,1.562000036239624,0.7950000166893005
2021-04-21,1792.300048828125,26.565000534057617,1212.199951171875,4.286499977111816,61.349998474121094,4173.419921875,34137.30859375,91.16000366210938,1.2032392024993896,1.5640000104904175,0.8019999861717224
2021-04-22,1781.199951171875,26.173999786376953,1206.0,4.2804999351501465,61.43000030517578,4134.97998046875,33815.8984375,91.33000183105469,1.2037750482559204,1.5540000200271606,0.8019999861717224
2021-04-23,1777.0,26.07699966430664,1230.5,4.3429999351501465,62.13999938964844,4180.169921875,34043.48828125,90.86000061035156,1.2014753818511963,1.5670000314712524,0.8159999847412109
2021-04-26,1779.199951171875,26.211000442504883,1242.5999755859375,4.447999954223633,61.90999984741211,4187.6201171875,33981.5703125,90.80999755859375,1.2089852094650269,1.5700000524520874,0.8309999704360962
2021-04-27,1778.0,26.41200065612793,1246.9000244140625,4.743000030517578,62.939998626708984,4186.72021484375,33984.9296875,90.91000366210938,1.2081671953201294,1.621999979019165,0.878000020980835
2021-04-28,1773.199951171875,26.08099937438965,1209.4000244140625,4.5370001792907715,63.86000061035156,4183.18017578125,33820.37890625,90.61000061035156,1.2090305089950562,1.6200000047683716,0.8640000224113464
2021-04-29,1768.0999755859375,26.05299949645996,1195.0999755859375,4.493000030517578,65.01000213623047,4211.47021484375,34060.359375,90.61000061035156,1.213592290878296,1.6399999856948853,0.8669999837875366
2021-04-30,1767.300048828125,25.85300064086914,1203.0,4.479000091552734,63.58000183105469,4181.169921875,33874.8515625,91.27999877929688,1.2127091884613037,1.63100004196167,0.8569999933242798
2021-05-03,1791.4000244140625,26.94300079345703,1227.9000244140625,4.543000221252441,64.48999786376953,4192.66015625,34113.23046875,90.94999694824219,1.2027760744094849,1.6069999933242798,0.8289999961853027
2021-05-04,1775.800048828125,26.538999557495117,1229.5999755859375,4.535999774932861,65.69000244140625,4164.66015625,34133.03125,91.29000091552734,1.2061271667480469,1.5920000076293945,0.8209999799728394
2021-05-05,1784.0999755859375,26.50200080871582,1226.5999755859375,4.539000034332275,65.62999725341797,4167.58984375,34230.33984375,91.30999755859375,1.2015043497085571,1.5839999914169312,0.8029999732971191
2021-05-06,1815.5,27.461999893188477,1255.5,4.61899995803833,64.70999908447266,4201.6201171875,34548.53125,90.94999694824219,1.2007973194122314,1.5609999895095825,0.796999990940094
2021-05-07,1831.0999755859375,27.461999893188477,1252.300048828125,4.765999794006348,64.9000015258789,4232.60009765625,34777.76171875,90.2300033569336,1.2068549394607544,1.5770000219345093,0.7710000276565552
2021-05-10,1837.5,27.479000091552734,1263.0,4.733500003814697,64.91999816894531,4188.43017578125,34742.8203125,90.20999908447266,1.2171076536178589,1.6019999980926514,0.7820000052452087
2021-05-11,1835.9000244140625,27.656999588012695,1238.699951171875,4.778500080108643,65.27999877929688,4152.10009765625,34269.16015625,90.13999938964844,1.2140932083129883,1.6239999532699585,0.8009999990463257
2021-05-12,1822.5999755859375,27.231000900268555,1223.5,4.752500057220459,66.08000183105469,4063.0400390625,33587.66015625,90.70999908447266,1.2144500017166138,1.6950000524520874,0.8640000224113464
2021-05-13,1823.800048828125,27.04400062561035,1204.5999755859375,4.70550012588501,63.81999969482422,4112.5,34021.44921875,90.75,1.2078505754470825,1.6679999828338623,0.8370000123977661
2021-05-14,1837.9000244140625,27.35300064086914,1220.800048828125,4.664000034332275,65.37000274658203,4173.85009765625,34382.12890625,90.31999969482422,1.207729458808899,1.6349999904632568,0.8159999847412109
2021-05-17,1867.5,28.260000228881836,1242.5,4.721499919891357,66.2699966430664,4163.2900390625,34327.7890625,90.22000122070312,1.2150373458862305,1.6399999856948853,0.8289999961853027
2021-05-18,1867.800048828125,28.31399917602539,1223.4000244140625,4.735499858856201,65.48999786376953,4127.830078125,34060.66015625,89.75,1.2156872749328613,1.6419999599456787,0.8190000057220459
2021-05-19,1881.300048828125,28.007999420166016,1199.800048828125,4.5894999504089355,63.36000061035156,4115.68017578125,33896.0390625,90.19000244140625,1.2223997116088867,1.6829999685287476,0.8629999756813049
2021-05-20,1881.800048828125,28.052000045776367,1203.199951171875,4.581999778747559,62.04999923706055,4159.1201171875,34084.1484375,89.80999755859375,1.217285394668579,1.6339999437332153,0.8149999976158142
2021-05-21,1876.699951171875,27.472999572753906,1167.800048828125,4.495999813079834,63.58000183105469,4155.85986328125,34207.83984375,90.0199966430664,1.222538709640503,1.6319999694824219,0.828000009059906
2021-05-24,1884.5999755859375,27.886999130249023,1175.800048828125,4.541500091552734,66.05000305175781,4197.0498046875,34393.98046875,89.83000183105469,1.2183235883712769,1.6080000400543213,0.8069999814033508
2021-05-25,1898.0999755859375,28.03700065612793,1195.0999755859375,4.521999835968018,66.06999969482422,4188.1298828125,34312.4609375,89.63999938964844,1.2214635610580444,1.5640000104904175,0.7739999890327454
2021-05-26,1901.300048828125,27.85300064086914,1198.4000244140625,4.5329999923706055,66.20999908447266,4195.990234375,34323.05078125,90.04000091552734,1.2249093055725098,1.5740000009536743,0.777999997138977
2021-05-27,1895.699951171875,27.91900062561035,1177.4000244140625,4.666500091552734,66.8499984741211,4200.8798828125,34464.640625,89.97000122070312,1.21925950050354,1.6100000143051147,0.8140000104904175
2021-05-28,1902.5,27.993000030517578,1180.800048828125,4.682499885559082,66.31999969482422,4204.10986328125,34529.44921875,90.02999877929688,1.2193188667297363,1.5809999704360962,0.7879999876022339
2021-06-01,1902.9000244140625,28.08300018310547,1198.4000244140625,4.6620001792907715,67.72000122070312,4202.0400390625,34575.30859375,89.83000183105469,1.223286509513855,1.6150000095367432,0.8090000152587891
2021-06-02,1907.5,28.18600082397461,1191.4000244140625,4.599999904632568,68.83000183105469,4208.1201171875,34600.37890625,89.9000015258789,1.2217769622802734,1.590999960899353,0.7960000038146973
2021-06-03,1871.199951171875,27.459999084472656,1161.300048828125,4.471499919891357,68.80999755859375,4192.85009765625,34577.0390625,90.5,1.220986247062683,1.625,0.8450000286102295
2021-06-04,1889.800048828125,27.878999710083008,1163.199951171875,4.537499904632568,69.62000274658203,4229.89013671875,34756.390625,90.13999938964844,1.2133007049560547,1.559999942779541,0.7839999794960022
2021-06-07,1896.800048828125,28.000999450683594,1173.5999755859375,4.534999847412109,69.2300033569336,4226.52001953125,34630.23828125,89.94999694824219,1.2168411016464233,1.569000005722046,0.7929999828338623
2021-06-08,1892.199951171875,27.71500015258789,1161.5999755859375,4.563000202178955,70.05000305175781,4227.259765625,34599.8203125,90.08000183105469,1.2193634510040283,1.527999997138977,0.765999972820282
2021-06-09,1893.199951171875,27.985000610351562,1150.5999755859375,4.536499977111816,69.95999908447266,4219.5498046875,34447.140625,90.12000274658203,1.217285394668579,1.4889999628067017,0.7450000047683716
2021-06-10,1894.199951171875,28.014999389648438,1144.800048828125,4.489999771118164,70.29000091552734,4239.18017578125,34466.23828125,90.08000183105469,1.218200445175171,1.4589999914169312,0.7310000061988831
2021-06-11,1877.4000244140625,28.131000518798828,1149.9000244140625,4.541500091552734,70.91000366210938,4247.43994140625,34479.6015625,90.55999755859375,1.2172558307647705,1.4620000123977661,0.7480000257492065
2021-06-14,1864.0,28.02400016784668,1164.0999755859375,4.5320000648498535,70.87999725341797,4255.14990234375,34393.75,90.5199966430664,1.2110203504562378,1.5010000467300415,0.7870000004768372
2021-06-15,1854.5,27.679000854492188,1147.5999755859375,4.340000152587891,72.12000274658203,4246.58984375,34299.328125,90.54000091552734,1.212224006652832,1.4989999532699585,0.7850000262260437
2021-06-16,1859.5,27.799999237060547,1141.0,4.392499923706055,72.1500015258789,4223.7001953125,34033.671875,91.12999725341797,1.2127091884613037,1.569000005722046,0.8820000290870667
2021-06-17,1773.800048828125,25.8439998626709,1054.300048828125,4.184500217437744,71.04000091552734,4221.85986328125,33823.44921875,91.88999938964844,1.1995586156845093,1.5110000371932983,0.8790000081062317
2021-06-18,1767.9000244140625,25.95800018310547,1040.0999755859375,4.162499904632568,71.63999938964844,4166.4501953125,33290.078125,92.2300033569336,1.1913414001464844,1.4500000476837158,0.8859999775886536
2021-06-21,1781.800048828125,26.014999389648438,1049.699951171875,4.1875,73.66000366210938,4224.7900390625,33876.96875,91.86000061035156,1.1873664855957031,1.4839999675750732,0.8840000033378601
2021-06-22,1776.300048828125,25.847999572753906,1069.300048828125,4.234499931335449,73.05999755859375,4246.43994140625,33945.578125,91.7300033569336,1.1912561655044556,1.472000002861023,0.859000027179718
2021-06-23,1782.300048828125,26.107999801635742,1085.699951171875,4.330999851226807,73.08000183105469,4241.83984375,33874.23828125,91.80000305175781,1.1936734914779663,1.4869999885559082,0.8799999952316284
2021-06-24,1775.5999755859375,26.047000885009766,1093.0999755859375,4.311500072479248,73.30000305175781,4266.490234375,34196.8203125,91.81999969482422,1.1933174133300781,1.4869999885559082,0.9070000052452087
2021-06-25,1776.5999755859375,26.082000732421875,1102.800048828125,4.298999786376953,74.05000305175781,4280.7001953125,34433.83984375,91.80999755859375,1.1930327415466309,1.5360000133514404,0.9300000071525574
2021-06-28,1779.5999755859375,26.218000411987305,1096.9000244140625,4.2779998779296875,72.91000366210938,4290.60986328125,34283.26953125,91.87999725341797,1.1942152976989746,1.4780000448226929,0.8960000276565552
2021-06-29,1762.800048828125,25.871999740600586,1067.5,4.276500225067139,72.9800033569336,4291.7998046875,34292.2890625,92.05000305175781,1.1928904056549072,1.4800000190734863,0.890999972820282
2021-06-30,1770.800048828125,26.165000915527344,1070.5,4.296500205993652,73.47000122070312,4297.5,34502.51171875,92.44000244140625,1.1901928186416626,1.4429999589920044,0.8730000257492065
2021-07-01,1775.9000244140625,26.075000762939453,1078.4000244140625,4.242000102996826,75.2300033569336,4319.93994140625,34633.53125,92.5999984741211,1.1856770515441895,1.4800000190734863,0.9020000100135803
2021-07-02,1782.5999755859375,26.481000900268555,1085.4000244140625,4.2820000648498535,75.16000366210938,4352.33984375,34786.3515625,92.2300033569336,1.1846235990524292,1.430999994277954,0.859000027179718
2021-07-06,1793.5,26.15399932861328,1081.9000244140625,4.257999897003174,73.37000274658203,4343.5400390625,34577.37109375,92.55000305175781,1.186380386352539,1.3700000047683716,0.8090000152587891
2021-07-07,1801.5,26.110000610351562,1080.199951171875,4.328999996185303,72.19999694824219,4358.1298828125,34681.7890625,92.63999938964844,1.1824523210525513,1.3209999799728394,0.7799999713897705
2021-07-08,1799.5999755859375,25.966999053955078,1073.199951171875,4.271500110626221,72.94000244140625,4320.81982421875,34421.9296875,92.36000061035156,1.17933988571167,1.2879999876022339,0.7360000014305115
2021-07-09,1810.0,26.211000442504883,1094.4000244140625,4.352499961853027,74.55999755859375,4369.5498046875,34870.16015625,92.12999725341797,1.184800386428833,1.3559999465942383,0.7870000004768372
2021-07-12,1805.5,26.216999053955078,1121.699951171875,4.322999954223633,74.0999984741211,4384.6298828125,34996.1796875,92.2300033569336,1.187295913696289,1.3630000352859497,0.7960000038146973
2021-07-13,1809.4000244140625,26.114999771118164,1109.800048828125,4.314499855041504,75.25,4369.2099609375,34888.7890625,92.75,1.186521053314209,1.4149999618530273,0.8479999899864197
2021-07-14,1824.300048828125,26.246000289916992,1126.5,4.2769999504089355,73.12999725341797,4374.2998046875,34933.23046875,92.41000366210938,1.1775373220443726,1.3559999465942383,0.7990000247955322
2021-07-15,1828.4000244140625,26.375,1136.0,4.333000183105469,71.6500015258789,4360.02978515625,34987.01953125,92.62000274658203,1.1833338737487793,1.2970000505447388,0.7749999761581421
2021-07-16,1814.5,25.777000427246094,1107.0,4.332499980926514,71.80999755859375,4327.16015625,34687.8515625,92.69000244140625,1.1811814308166504,1.2999999523162842,0.777999997138977
2021-07-19,1808.699951171875,25.125999450683594,1069.300048828125,4.2104997634887695,66.41999816894531,4258.490234375,33962.0390625,92.88999938964844,1.1814005374908447,1.180999994277954,0.6899999976158142
2021-07-20,1810.9000244140625,24.976999282836914,1064.300048828125,4.273499965667725,67.41999816894531,4323.06005859375,34511.98828125,92.97000122070312,1.1793843507766724,1.2089999914169312,0.6740000247955322
2021-07-21,1802.9000244140625,25.238000869750977,1073.5999755859375,4.28249979019165,70.30000305175781,4358.68994140625,34798.0,92.75,1.1784114837646484,1.2799999713897705,0.7310000061988831
2021-07-22,1805.0,25.364999771118164,1088.800048828125,4.3480000495910645,71.91000366210938,4367.47998046875,34823.3515625,92.81999969482422,1.179273009300232,1.2649999856948853,0.7120000123977661
2021-07-23,1801.4000244140625,25.218000411987305,1059.5999755859375,4.406499862670898,72.06999969482422,4411.7900390625,35061.55078125,92.91000366210938,1.1772738695144653,1.2860000133514404,0.7179999947547913
2021-07-26,1798.699951171875,25.295000076293945,1068.699951171875,4.589000225067139,71.91000366210938,4422.2998046875,35144.30859375,92.6500015258789,1.1773432493209839,1.2760000228881836,0.7129999995231628
2021-07-27,1799.5,24.631999969482422,1047.800048828125,4.546000003814697,71.6500015258789,4401.4599609375,35058.51953125,92.43000030517578,1.1807769536972046,1.2339999675750732,0.6940000057220459
2021-07-28,1799.5,24.856000900268555,1056.0999755859375,4.479000091552734,72.38999938964844,4400.64013671875,34930.9296875,92.31999969482422,1.1823126077651978,1.2610000371932983,0.7400000095367432
2021-07-29,1831.199951171875,25.763999938964844,1065.5,4.519999980926514,73.62000274658203,4419.14990234375,35084.53125,91.86000061035156,1.1845955848693848,1.2690000534057617,0.7300000190734863
2021-07-30,1812.5999755859375,25.527999877929688,1046.9000244140625,4.480500221252441,73.94999694824219,4395.259765625,34935.46875,92.16999816894531,1.1892997026443481,1.2389999628067017,0.703000009059906
2021-08-02,1818.0999755859375,25.55699920654297,1054.9000244140625,4.432000160217285,71.26000213623047,4387.16015625,34838.16015625,92.05000305175781,1.186704158782959,1.1740000247955322,0.6510000228881836
2021-08-03,1810.0999755859375,25.56599998474121,1045.800048828125,4.382999897003174,70.55999755859375,4423.14990234375,35116.3984375,92.08000183105469,1.1874650716781616,1.1759999990463257,0.6510000228881836
2021-08-04,1810.5,25.445999145507812,1020.4000244140625,4.329999923706055,68.1500015258789,4402.66015625,34792.671875,92.2699966430664,1.1869436502456665,1.184000015258789,0.675000011920929
2021-08-05,1805.0999755859375,25.277000427246094,1005.5,4.3454999923706055,69.08999633789062,4429.10009765625,35064.25,92.23999786376953,1.1837401390075684,1.2170000076293945,0.718999981880188
2021-08-06,1760.0,24.312000274658203,972.2999877929688,4.3454999923706055,68.27999877929688,4436.52001953125,35208.51171875,92.80000305175781,1.1835720539093018,1.2899999618530273,0.7649999856948853
2021-08-09,1723.4000244140625,23.2549991607666,970.9000244140625,4.2870001792907715,66.4800033569336,4432.35009765625,35101.8515625,92.94999694824219,1.1749500036239624,1.3170000314712524,0.7919999957084656
2021-08-10,1728.800048828125,23.37700080871582,987.2000122070312,4.351500034332275,68.29000091552734,4436.75,35264.671875,93.05999755859375,1.17384672164917,1.3420000076293945,0.8230000138282776
2021-08-11,1750.4000244140625,23.474000930786133,1015.5,4.363999843597412,69.25,4442.41015625,35484.96875,92.91000366210938,1.172333002090454,1.3289999961853027,0.8019999861717224
2021-08-12,1749.0,23.104999542236328,1017.2999877929688,4.355999946594238,69.08999633789062,4460.830078125,35499.8515625,93.04000091552734,1.1741899251937866,1.3669999837875366,0.8309999704360962
2021-08-13,1775.199951171875,23.76799964904785,1025.5,4.38700008392334,68.44000244140625,4468.0,35515.37890625,92.5199966430664,1.173626184463501,1.2970000505447388,0.7879999876022339
2021-08-16,1786.9000244140625,23.780000686645508,1020.5,4.322000026702881,67.29000091552734,4479.7099609375,35625.3984375,92.62999725341797,1.179467797279358,1.2569999694824219,0.7509999871253967
2021-08-17,1785.0,23.648000717163086,993.4000244140625,4.199999809265137,66.58999633789062,4448.080078125,35343.28125,93.12999725341797,1.177994966506958,1.2580000162124634,0.7639999985694885
2021-08-18,1781.5999755859375,23.41200065612793,995.7999877929688,4.116000175476074,65.45999908447266,4400.27001953125,34960.69140625,93.13999938964844,1.1709738969802856,1.2730000019073486,0.777999997138977
2021-08-19,1780.199951171875,23.219999313354492,970.5999755859375,4.03849983215332,63.689998626708984,4405.7998046875,34894.12109375,93.56999969482422,1.1703298091888428,1.2419999837875366,0.7649999856948853
2021-08-20,1781.0,23.104999542236328,993.5,4.134500026702881,62.31999969482422,4441.669921875,35120.078125,93.5,1.1676595211029053,1.2599999904632568,0.7850000262260437
2021-08-23,1803.199951171875,23.64900016784668,1013.4000244140625,4.234499931335449,65.63999938964844,4479.52978515625,35335.7109375,92.95999908447266,1.1697548627853394,1.2549999952316284,0.7720000147819519
2021-08-24,1805.5999755859375,23.889999389648438,1009.4000244140625,4.255000114440918,67.54000091552734,4486.22998046875,35366.26171875,92.88999938964844,1.1744533777236938,1.2899999618530273,0.7929999828338623
2021-08-25,1788.199951171875,23.770999908447266,992.7999877929688,4.264999866485596,68.36000061035156,4496.18994140625,35405.5,92.83000183105469,1.175309181213379,1.3420000076293945,0.8190000057220459
2021-08-26,1792.199951171875,23.54599952697754,975.0,4.245999813079834,67.41999816894531,4470.0,35213.12109375,93.05999755859375,1.1774401664733887,1.3420000076293945,0.8429999947547913
2021-08-27,1816.5999755859375,24.059999465942383,1005.7999877929688,4.316500186920166,68.73999786376953,4509.3701171875,35455.80078125,92.69000244140625,1.1756407022476196,1.312000036239624,0.800000011920929
2021-08-30,1809.0,23.959999084472656,1001.9000244140625,4.361000061035156,69.20999908447266,4528.7900390625,35399.83984375,92.6500015258789,1.1799006462097168,1.284999966621399,0.7710000276565552
2021-08-31,1815.0,23.959999084472656,1013.9000244140625,4.360000133514404,68.5,4522.68017578125,35360.73046875,92.62999725341797,1.1796904802322388,1.3040000200271606,0.7720000147819519
2021-09-01,1813.0999755859375,24.177000045776367,1000.0,4.263000011444092,68.58999633789062,4524.08984375,35312.53125,92.44999694824219,1.1810280084609985,1.3020000457763672,0.7799999713897705
2021-09-02,1808.699951171875,23.875,993.9000244140625,4.289999961853027,69.98999786376953,4536.9501953125,35443.8203125,92.2300033569336,1.1840906143188477,1.2940000295639038,0.7760000228881836
2021-09-03,1830.9000244140625,24.761999130249023,1021.2000122070312,4.325500011444092,69.29000091552734,4535.43017578125,35369.08984375,92.04000091552734,1.1876484155654907,1.3220000267028809,0.7850000262260437
2021-09-07,1795.9000244140625,24.333999633789062,995.4000244140625,4.277500152587891,68.3499984741211,4520.02978515625,35100.0,92.5199966430664,1.1875073909759521,1.3700000047683716,0.8190000057220459
2021-09-08,1790.699951171875,24.011999130249023,975.2999877929688,4.23199987411499,69.30000305175781,4514.06982421875,35031.0703125,92.6500015258789,1.184356927871704,1.3339999914169312,0.8059999942779541
2021-09-09,1797.4000244140625,24.132999420166016,973.7999877929688,4.2835001945495605,68.13999938964844,4493.27978515625,34879.37890625,92.4800033569336,1.1819101572036743,1.2990000247955322,0.7870000004768372
2021-09-10,1789.5999755859375,23.854999542236328,956.7000122070312,4.447999954223633,69.72000122070312,4458.580078125,34607.71875,92.58000183105469,1.1825922727584839,1.340999960899353,0.8159999847412109
2021-09-13,1792.0,23.753000259399414,957.7000122070312,4.363500118255615,70.44999694824219,4468.72998046875,34869.62890625,92.62000274658203,1.1811953783035278,1.3240000009536743,0.8050000071525574
2021-09-14,1804.699951171875,23.841999053955078,939.0999755859375,4.317999839782715,70.45999908447266,4443.0498046875,34577.5703125,92.6500015258789,1.1811953783035278,1.2769999504089355,0.7789999842643738
2021-09-15,1792.4000244140625,23.759000778198242,932.4000244140625,4.403500080108643,72.61000061035156,4480.7001953125,34814.390625,92.48999786376953,1.1804981231689453,1.3040000200271606,0.800000011920929
2021-09-16,1754.5999755859375,22.75200080871582,925.2000122070312,4.278500080108643,72.61000061035156,4473.75,34751.3203125,92.86000061035156,1.1819995641708374,1.3309999704360962,0.8339999914169312
2021-09-17,1749.4000244140625,22.295000076293945,932.5,4.245500087738037,71.97000122070312,4432.990234375,34584.87890625,93.19999694824219,1.176747441291809,1.3700000047683716,0.8659999966621399
2021-09-20,1761.800048828125,22.163000106811523,900.7999877929688,4.117000102996826,70.29000091552734,4357.72998046875,33970.46875,93.23999786376953,1.1729930639266968,1.309000015258789,0.8209999799728394
2021-09-21,1776.0,22.572999954223633,951.9000244140625,4.127999782562256,70.55999755859375,4354.18994140625,33919.83984375,93.19999694824219,1.1730204820632935,1.3240000009536743,0.8289999961853027
2021-09-22,1776.699951171875,22.868999481201172,1001.2999877929688,4.252500057220459,72.2300033569336,4395.64013671875,34258.3203125,93.45999908447266,1.17229163646698,1.3359999656677246,0.871999979019165
2021-09-23,1747.699951171875,22.642000198364258,997.2000122070312,4.230999946594238,73.30000305175781,4448.97998046875,34764.8203125,93.0999984741211,1.168770432472229,1.409999966621399,0.9290000200271606
2021-09-24,1749.699951171875,22.38800048828125,980.9000244140625,4.287499904632568,73.9800033569336,4455.47998046875,34798.0,93.33000183105469,1.1740258932113647,1.4600000381469727,0.9570000171661377
2021-09-27,1750.0,22.656999588012695,982.5999755859375,4.293499946594238,75.44999694824219,4443.10986328125,34869.37109375,93.37999725341797,1.1723054647445679,1.4839999675750732,0.9829999804496765
2021-09-28,1735.800048828125,22.43000030517578,960.5999755859375,4.244999885559082,75.29000091552734,4352.6298828125,34299.98828125,93.7699966430664,1.1696795225143433,1.534000039100647,1.0230000019073486
2021-09-29,1721.5,21.458999633789062,944.2999877929688,4.199999809265137,74.83000183105469,4359.4599609375,34390.71875,94.33999633789062,1.1686338186264038,1.5410000085830688,1.0119999647140503
2021-09-30,1755.300048828125,22.020999908447266,960.9000244140625,4.090000152587891,75.02999877929688,4307.5400390625,33843.921875,94.25,1.1601601839065552,1.5290000438690186,0.996999979019165
2021-10-01,1757.0,22.510000228881836,972.0999755859375,4.19350004196167,75.87999725341797,4357.0400390625,34326.4609375,94.04000091552734,1.1574475765228271,1.4789999723434448,0.9409999847412109
2021-10-04,1766.199951171875,22.618000030517578,960.2000122070312,4.246500015258789,77.62000274658203,4300.4599609375,34002.921875,93.80999755859375,1.160725712776184,1.4809999465942383,0.9440000057220459
2021-10-05,1759.5999755859375,22.582000732421875,959.0,4.202000141143799,78.93000030517578,4345.72021484375,34314.671875,93.9800033569336,1.1618449687957764,1.5290000438690186,0.9779999852180481
2021-10-06,1760.5,22.506000518798828,975.7999877929688,4.1570000648498535,77.43000030517578,4363.5498046875,34416.98828125,94.2699966430664,1.1596084833145142,1.5240000486373901,0.9850000143051147
2021-10-07,1757.9000244140625,22.631999969482422,983.9000244140625,4.250999927520752,78.30000305175781,4399.759765625,34754.94140625,94.22000122070312,1.1555349826812744,1.5709999799728394,1.0190000534057617
2021-10-08,1756.300048828125,22.679000854492188,1026.5999755859375,4.2829999923706055,79.3499984741211,4391.33984375,34746.25,94.06999969482422,1.1559758186340332,1.6050000190734863,1.0479999780654907
2021-10-11,1754.5999755859375,22.639999389648438,1004.9000244140625,4.374499797821045,80.5199966430664,4361.18994140625,34496.05859375,94.31999969482422,1.1566041707992554,1.6139999628067017,1.059999942779541
2021-10-12,1758.300048828125,22.490999221801758,1009.7000122070312,4.328999996185303,80.63999938964844,4350.64990234375,34378.33984375,94.5199966430664,1.1553747653961182,1.5800000429153442,1.0740000009536743
2021-10-13,1793.699951171875,23.14900016784668,1022.2999877929688,4.520500183105469,80.44000244140625,4363.7998046875,34377.80859375,94.08000183105469,1.15340256690979,1.5490000247955322,1.0870000123977661
2021-10-14,1796.699951171875,23.45599937438965,1050.5,4.631499767303467,81.30999755859375,4438.259765625,34912.55859375,93.95999908447266,1.1599582433700562,1.5190000534057617,1.0499999523162842
2021-10-15,1767.199951171875,23.327999114990234,1056.699951171875,4.734000205993652,82.27999877929688,4471.3701171875,35294.76171875,93.94000244140625,1.159151554107666,1.5759999752044678,1.121999979019165
2021-10-18,1764.800048828125,23.243000030517578,1035.9000244140625,4.730500221252441,82.44000244140625,4486.4599609375,35258.609375,93.94999694824219,1.1597026586532593,1.5839999914169312,1.1619999408721924
2021-10-19,1769.699951171875,23.86199951171875,1044.5999755859375,4.714000225067139,82.95999908447266,4519.6298828125,35457.30859375,93.79000091552734,1.161386251449585,1.6349999904632568,1.156999945640564
2021-10-20,1784.0999755859375,24.423999786376953,1050.199951171875,4.75600004196167,83.87000274658203,4536.18994140625,35609.33984375,93.55999755859375,1.1631964445114136,1.6360000371932983,1.1469999551773071
2021-10-21,1781.199951171875,24.149999618530273,1047.699951171875,4.58650016784668,82.5,4549.77978515625,35603.078125,93.7699966430664,1.1655012369155884,1.6759999990463257,1.2120000123977661
2021-10-22,1795.5,24.429000854492188,1050.199951171875,4.526000022888184,83.76000213623047,4544.89990234375,35677.01953125,93.61000061035156,1.1625338792800903,1.6549999713897705,1.2109999656677246
2021-10-25,1806.0,24.57200050354004,1062.199951171875,4.551499843597412,83.76000213623047,4566.47998046875,35741.1484375,93.80999755859375,1.1640088558197021,1.6349999904632568,1.1759999990463257
2021-10-26,1792.699951171875,24.086000442504883,1032.199951171875,4.486499786376953,84.6500015258789,4574.7900390625,35756.87890625,93.94999694824219,1.161170482635498,1.61899995803833,1.1829999685287476
2021-10-27,1797.9000244140625,24.18899917602539,1018.4000244140625,4.38700008392334,82.66000366210938,4551.68017578125,35490.69140625,93.86000061035156,1.1598236560821533,1.5290000438690186,1.1380000114440918
2021-10-28,1801.5999755859375,24.117000579833984,1022.7000122070312,4.4375,82.80999755859375,4596.419921875,35730.48046875,93.3499984741211,1.1600120067596436,1.5679999589920044,1.187999963760376
2021-10-29,1783.0,23.94499969482422,1019.5999755859375,4.375500202178955,83.56999969482422,4605.3798828125,35819.55859375,94.12000274658203,1.1683608293533325,1.5570000410079956,1.187999963760376
2021-11-01,1795.0999755859375,24.06399917602539,1066.300048828125,4.4019999504089355,84.05000305175781,4613.669921875,35913.83984375,93.87999725341797,1.1556684970855713,1.5750000476837158,1.1979999542236328
2021-11-02,1788.699951171875,23.5,1038.199951171875,4.374000072479248,83.91000366210938,4630.64990234375,36052.62890625,94.08999633789062,1.1599582433700562,1.5490000247955322,1.1490000486373901
2021-11-03,1763.5999755859375,23.22599983215332,1021.2999877929688,4.326000213623047,80.86000061035156,4660.56982421875,36157.578125,93.86000061035156,1.1579434871673584,1.5789999961853027,1.184999942779541
2021-11-04,1793.0,23.9060001373291,1028.199951171875,4.326000213623047,78.80999755859375,4680.06005859375,36124.23046875,94.3499984741211,1.1615750789642334,1.5240000486373901,1.1039999723434448
2021-11-05,1816.4000244140625,24.152000427246094,1034.699951171875,4.348999977111816,81.2699966430664,4697.52978515625,36327.94921875,94.31999969482422,1.1555349826812744,1.4529999494552612,1.0540000200271606
2021-11-08,1827.4000244140625,24.53700065612793,1058.9000244140625,4.40500020980835,81.93000030517578,4701.7001953125,36432.21875,94.05000305175781,1.1568851470947266,1.496999979019165,1.1200000047683716
2021-11-09,1830.199951171875,24.312999725341797,1060.199951171875,4.380000114440918,84.1500015258789,4685.25,36319.98046875,93.95999908447266,1.159151554107666,1.4320000410079956,1.0679999589920044
2021-11-10,1847.5999755859375,24.767000198364258,1075.800048828125,4.328000068664551,81.33999633789062,4646.7099609375,36079.94140625,94.8499984741211,1.1595547199249268,1.559999942779541,1.2139999866485596
2021-11-11,1863.199951171875,25.301000595092773,1093.300048828125,4.4045000076293945,81.58999633789062,4649.27001953125,35921.23046875,95.18000030517578,1.148593544960022,1.559999942779541,1.2209999561309814
2021-11-12,1867.9000244140625,25.3439998626709,1088.0999755859375,4.45550012588501,80.79000091552734,4682.85009765625,36100.30859375,95.12999725341797,1.145081877708435,1.5820000171661377,1.2359999418258667
2021-11-15,1866.0999755859375,25.10700035095215,1095.800048828125,4.4070000648498535,80.87999725341797,4682.7998046875,36087.44921875,95.41000366210938,1.144164800643921,1.6230000257492065,1.2569999694824219
2021-11-16,1853.5999755859375,24.944000244140625,1073.0,4.358500003814697,80.76000213623047,4700.89990234375,36142.21875,95.91999816894531,1.1366478204727173,1.6339999437332153,1.2669999599456787
2021-11-17,1869.699951171875,25.16699981689453,1067.699951171875,4.2729997634887695,78.36000061035156,4688.669921875,35931.05078125,95.83000183105469,1.1321182250976562,1.6039999723434448,1.2359999418258667
2021-11-18,1861.0,24.900999069213867,1055.0,4.309999942779541,79.01000213623047,4704.5400390625,35870.94921875,95.54000091552734,1.1321182250976562,1.5889999866485596,1.2230000495910645
2021-11-19,1851.199951171875,24.780000686645508,1034.5999755859375,4.4085001945495605,76.0999984741211,4697.9599609375,35601.98046875,96.06999969482422,1.1368415355682373,1.5360000133514404,1.2029999494552612
2021-11-22,1806.0,24.297000885009766,1014.0,4.395500183105469,76.75,4682.93994140625,35619.25,96.5,1.1275737285614014,1.625,1.309999942779541
2021-11-23,1783.5,23.434999465942383,963.0999755859375,4.423500061035156,78.5,4690.7001953125,35813.80078125,96.48999786376953,1.12421452999115,1.6670000553131104,1.3339999914169312
2021-11-24,1784.0999755859375,23.496000289916992,974.2999877929688,4.458000183105469,78.38999938964844,4701.4599609375,35804.37890625,96.83999633789062,1.1244926452636719,1.6449999809265137,1.343999981880188
2021-11-26,1785.300048828125,23.10700035095215,953.4000244140625,4.281499862670898,68.1500015258789,4594.6201171875,34899.33984375,96.08999633789062,1.1209630966186523,1.4819999933242798,1.1690000295639038
2021-11-29,1782.300048828125,22.798999786376953,963.5999755859375,4.336999893188477,69.94999694824219,4655.27001953125,35135.94140625,96.33999633789062,1.1293182373046875,1.5299999713897705,1.184999942779541
2021-11-30,1773.5999755859375,22.764999389648438,926.5999755859375,4.2779998779296875,66.18000030517578,4567.0,34483.71875,95.98999786376953,1.1293437480926514,1.4429999589920044,1.149999976158142
2021-12-01,1781.5999755859375,22.298999786376953,934.5,4.247499942779541,65.56999969482422,4513.0400390625,34022.0390625,96.05000305175781,1.1330289840698242,1.434000015258789,1.1549999713897705
2021-12-02,1760.699951171875,22.280000686645508,932.4000244140625,4.298999786376953,66.5,4577.10009765625,34639.7890625,96.12999725341797,1.1319515705108643,1.4479999542236328,1.2079999446868896
2021-12-03,1782.0,22.44499969482422,925.5,4.266499996185303,66.26000213623047,4538.43017578125,34580.078125,96.12000274658203,1.1306205987930298,1.343000054359436,1.1239999532699585
2021-12-06,1777.5,22.22800064086914,935.9000244140625,4.336999893188477,69.48999786376953,4591.669921875,35227.03125,96.29000091552734,1.1304799318313599,1.434000015258789,1.2130000591278076
2021-12-07,1782.5999755859375,22.48699951171875,949.2999877929688,4.3379998207092285,72.05000305175781,4686.75,35719.4296875,96.37000274658203,1.128668189048767,1.4800000190734863,1.2569999694824219
2021-12-08,1783.4000244140625,22.389999389648438,955.2000122070312,4.390999794006348,72.36000061035156,4701.2099609375,35754.75,95.88999938964844,1.1276500225067139,1.5089999437332153,1.2610000371932983
2021-12-09,1774.5999755859375,21.974000930786133,937.2999877929688,4.329999923706055,70.94000244140625,4667.4501953125,35754.69140625,96.2699966430664,1.1345586776733398,1.4869999885559082,1.2569999694824219
2021-12-10,1782.9000244140625,22.15999984741211,933.7999877929688,4.2829999923706055,71.66999816894531,4712.02001953125,35970.98828125,96.05000305175781,1.1293309926986694,1.4889999628067017,1.2519999742507935
2021-12-13,1786.300048828125,22.290000915527344,924.0999755859375,4.28000020980835,71.29000091552734,4668.97021484375,35650.94921875,96.31999969482422,1.131183385848999,1.4240000247955322,1.2130000591278076
2021-12-14,1770.4000244140625,21.886999130249023,910.2999877929688,4.254000186920166,70.7300033569336,4634.08984375,35544.1796875,96.56999969482422,1.1285407543182373,1.437999963760376,1.2339999675750732
2021-12-15,1762.5999755859375,21.507999420166016,893.5999755859375,4.179500102996826,70.87000274658203,4709.85009765625,35927.4296875,96.51000213623047,1.1261261701583862,1.4630000591278076,1.2610000371932983
2021-12-16,1796.5999755859375,22.454999923706055,928.2999877929688,4.30049991607666,72.37999725341797,4668.669921875,35897.640625,96.04000091552734,1.1290758848190308,1.4220000505447388,1.1729999780654907
2021-12-17,1803.800048828125,22.506999969482422,933.9000244140625,4.290999889373779,70.86000061035156,4620.64013671875,35365.44140625,96.56999969482422,1.1334141492843628,1.4019999504089355,1.1770000457763672
2021-12-20,1793.699951171875,22.274999618530273,926.2000122070312,4.288000106811523,68.2300033569336,4568.02001953125,34932.16015625,96.55000305175781,1.1243535280227661,1.4190000295639038,1.1640000343322754
2021-12-21,1787.9000244140625,22.50200080871582,927.5,4.3379998207092285,71.12000274658203,4649.22998046875,35492.69921875,96.48999786376953,1.1277517080307007,1.4869999885559082,1.2350000143051147
2021-12-22,1801.5999755859375,22.79199981689453,968.0999755859375,4.389500141143799,72.76000213623047,4696.56005859375,35753.890625,96.08000183105469,1.128757357597351,1.4570000171661377,1.222000002861023
2021-12-23,1811.199951171875,22.930999755859375,974.5999755859375,4.38700008392334,73.79000091552734,4725.7900390625,35950.55859375,96.0199966430664,1.1328877210617065,1.4930000305175781,1.2430000305175781
2021-12-27,1808.0999755859375,22.979000091552734,968.9000244140625,4.465000152587891,75.56999969482422,4791.18994140625,36302.37890625,96.08999633789062,1.1324259042739868,1.4809999465942383,1.2519999742507935
2021-12-28,1810.199951171875,23.111000061035156,979.0999755859375,4.420000076293945,75.9800033569336,4786.35009765625,36398.2109375,96.19999694824219,1.1330032348632812,1.4809999465942383,1.2450000047683716
2021-12-29,1805.0999755859375,22.847999572753906,968.2000122070312,4.4019999504089355,76.55999755859375,4793.06005859375,36488.62890625,95.93000030517578,1.1314777135849,1.5429999828338623,1.2940000295639038
2021-12-30,1812.699951171875,23.027999877929688,963.5999755859375,4.384500026702881,76.98999786376953,4778.72998046875,36398.078125,95.97000122070312,1.1360150575637817,1.5149999856948853,1.2740000486373901
2021-12-31,1827.5,23.327999114990234,964.4000244140625,4.454999923706055,75.20999908447266,4766.18017578125,36338.30078125,95.66999816894531,1.132502794265747,1.5119999647140503,1.2630000114440918
2022-01-03,1799.4000244140625,22.790000915527344,953.7000122070312,4.4145002365112305,76.08000183105469,4796.56005859375,36585.05859375,96.23999786376953,1.1373459100723267,1.628000020980835,1.3650000095367432
2022-01-04,1814.0,23.038000106811523,970.4000244140625,4.466000080108643,76.98999786376953,4793.5400390625,36799.6484375,96.29000091552734,1.1302244663238525,1.6679999828338623,1.375
2022-01-05,1824.5999755859375,23.149999618530273,1001.9000244140625,4.4045000076293945,77.8499984741211,4700.580078125,36407.109375,96.19000244140625,1.1283625364303589,1.7050000429153442,1.4329999685287476
2022-01-06,1788.699951171875,22.173999786376953,960.5999755859375,4.3480000495910645,79.45999908447266,4696.0498046875,36236.46875,96.25,1.1313496828079224,1.7330000400543213,1.4769999980926514
2022-01-07,1797.0,22.393999099731445,957.0,4.4029998779296875,78.9000015258789,4677.02978515625,36231.66015625,95.73999786376953,1.1296881437301636,1.7710000276565552,1.5049999952316284
2022-01-10,1798.4000244140625,22.445999145507812,934.4000244140625,4.3445000648498535,78.2300033569336,4670.2900390625,36068.87109375,95.98999786376953,1.1353960037231445,1.7799999713897705,1.5379999876022339
2022-01-11,1818.5999755859375,22.805999755859375,973.7999877929688,4.420499801635742,81.22000122070312,4713.06982421875,36252.01953125,95.62000274658203,1.1330417394638062,1.746000051498413,1.5069999694824219
2022-01-12,1827.199951171875,23.200000762939453,979.9000244140625,4.564000129699707,82.63999938964844,4726.35009765625,36290.3203125,95.0,1.1366478204727173,1.725000023841858,1.4930000305175781
2022-01-13,1821.199951171875,23.155000686645508,971.9000244140625,4.533999919891357,82.12000274658203,4659.02978515625,36113.62109375,94.79000091552734,1.144164800643921,1.7109999656677246,1.4809999465942383
2022-01-14,1816.5,22.910999298095703,964.4000244140625,4.411499977111816,83.81999969482422,4662.85009765625,35911.80859375,95.16999816894531,1.1457115411758423,1.7719999551773071,1.5479999780654907
2022-01-18,1812.300048828125,23.48699951171875,979.2999877929688,4.375999927520752,85.43000030517578,4577.10986328125,35368.46875,95.7300033569336,1.1410574913024902,1.8650000095367432,1.6480000019073486
2022-01-19,1843.0999755859375,24.22599983215332,1028.199951171875,4.462500095367432,86.95999908447266,4532.759765625,35028.6484375,95.51000213623047,1.1329647302627563,1.8270000219345093,1.6109999418258667
2022-01-20,1842.5,24.711000442504883,1050.5999755859375,4.576499938964844,86.9000015258789,4482.72998046875,34715.390625,95.73999786376953,1.1343399286270142,1.8329999446868896,1.6180000305175781
2022-01-21,1831.800048828125,24.31399917602539,1034.699951171875,4.512499809265137,85.13999938964844,4397.93994140625,34265.37109375,95.63999938964844,1.1313753128051758,1.746999979019165,1.5470000505447388
2022-01-24,1841.699951171875,23.795000076293945,1019.9000244140625,4.4029998779296875,83.30999755859375,4410.1298828125,34364.5,95.91999816894531,1.1341469287872314,1.7350000143051147,1.5140000581741333
2022-01-25,1852.699951171875,23.895999908447266,1023.7999877929688,4.442999839782715,85.5999984741211,4356.4501953125,34297.73046875,95.94999694824219,1.1324130296707153,1.7829999923706055,1.565999984741211
2022-01-26,1829.9000244140625,23.80699920654297,1046.0999755859375,4.504499912261963,87.3499984741211,4349.93017578125,34168.08984375,96.48999786376953,1.130454421043396,1.8480000495910645,1.649999976158142
2022-01-27,1793.300048828125,22.67300033569336,1021.7000122070312,4.413000106811523,86.61000061035156,4326.509765625,34160.78125,97.26000213623047,1.1243535280227661,1.8070000410079956,1.6619999408721924
2022-01-28,1784.9000244140625,22.302000045776367,1004.9000244140625,4.302999973297119,86.81999969482422,4431.85009765625,34725.46875,97.2699966430664,1.1147029399871826,1.781999945640564,1.6239999532699585
2022-01-31,1795.0,22.395000457763672,1019.2000122070312,4.317999839782715,88.1500015258789,4515.5498046875,35131.859375,96.54000091552734,1.1152374744415283,1.781999945640564,1.6139999628067017
2022-02-01,1800.300048828125,22.59600067138672,1021.7999877929688,4.428999900817871,88.19999694824219,4546.5400390625,35405.23828125,96.38999938964844,1.12296462059021,1.7999999523162842,1.6239999532699585
2022-02-02,1809.199951171875,22.711000442504883,1042.300048828125,4.491000175476074,88.26000213623047,4589.3798828125,35629.328125,95.94000244140625,1.1273956298828125,1.7660000324249268,1.600000023841858
2022-02-03,1803.0,22.375,1028.9000244140625,4.4664998054504395,90.2699966430664,4477.43994140625,35111.16015625,95.37999725341797,1.1299946308135986,1.8270000219345093,1.6610000133514404
2022-02-04,1806.5999755859375,22.475000381469727,1022.7999877929688,4.483500003814697,92.30999755859375,4500.52978515625,35089.73828125,95.4800033569336,1.14357590675354,1.9299999475479126,1.7879999876022339
2022-02-07,1820.5999755859375,23.076000213623047,1018.9000244140625,4.46150016784668,91.31999969482422,4483.8701171875,35091.12890625,95.4000015258789,1.145514726638794,1.9160000085830688,1.7649999856948853
2022-02-08,1826.5999755859375,23.19499969482422,1035.199951171875,4.459499835968018,89.36000061035156,4521.5400390625,35462.78125,95.63999938964844,1.1442956924438477,1.9539999961853027,1.8079999685287476
2022-02-09,1835.199951171875,23.336000442504883,1036.0,4.600500106811523,89.66000366210938,4587.18017578125,35768.05859375,95.48999786376953,1.142126202583313,1.9290000200271606,1.8020000457763672
2022-02-10,1836.199951171875,23.518999099731445,1041.0999755859375,4.65749979019165,89.87999725341797,4504.080078125,35241.58984375,95.55000305175781,1.142152190208435,2.0309998989105225,1.944000005722046
2022-02-11,1840.800048828125,23.365999221801758,1017.2999877929688,4.505000114440918,93.0999984741211,4418.64013671875,34738.05859375,96.08000183105469,1.1415525674819946,1.9550000429153442,1.8680000305175781
2022-02-14,1868.0,23.844999313354492,1026.5999755859375,4.507500171661377,95.45999908447266,4401.669921875,34566.171875,96.37000274658203,1.1365057229995728,1.996000051498413,1.9179999828338623
2022-02-15,1854.800048828125,23.33799934387207,1019.0,4.531499862670898,92.06999969482422,4471.06982421875,34988.83984375,95.98999786376953,1.1306334733963013,2.0450000762939453,1.934999942779541
2022-02-16,1870.199951171875,23.60099983215332,1062.199951171875,4.540500164031982,93.66000366210938,4475.009765625,34934.26953125,95.69999694824219,1.1356796026229858,2.046999931335449,1.9199999570846558
2022-02-17,1900.699951171875,23.874000549316406,1091.199951171875,4.525000095367432,91.76000213623047,4380.259765625,34312.03125,95.80000305175781,1.1375269889831543,1.972000002861023,1.8480000495910645
2022-02-18,1898.5999755859375,23.990999221801758,1075.300048828125,4.519499778747559,91.06999969482422,4348.8701171875,34079.1796875,96.04000091552734,1.1366478204727173,1.9320000410079956,1.8240000009536743
2022-02-22,1906.0999755859375,24.31100082397461,1084.5,4.510000228881836,92.3499984741211,4304.759765625,33596.609375,96.02999877929688,1.1309658288955688,1.9479999542236328,1.8660000562667847
2022-02-23,1909.199951171875,24.55500030517578,1090.0999755859375,4.481500148773193,92.0999984741211,4225.5,33131.76171875,96.19000244140625,1.13291335105896,1.9769999980926514,1.8930000066757202
2022-02-24,1925.0999755859375,24.68600082397461,1060.4000244140625,4.453999996185303,92.80999755859375,4288.7001953125,33223.828125,97.13999938964844,1.1305694580078125,1.968999981880188,1.850000023841858
2022-02-25,1886.5,23.996999740600586,1048.9000244140625,4.4720001220703125,91.58999633789062,4384.64990234375,34058.75,96.62000274658203,1.11906898021698,1.9859999418258667,1.8849999904632568
2022-02-28,1899.4000244140625,24.361000061035156,1037.800048828125,4.444499969482422,95.72000122070312,4373.93994140625,33892.6015625,96.70999908447266,1.118105411529541,1.8389999866485596,1.7209999561309814
2022-03-01,1942.4000244140625,25.534000396728516,1051.0999755859375,4.58650016784668,103.41000366210938,4306.259765625,33294.94921875,97.41000366210938,1.1215918064117432,1.7070000171661377,1.5490000247955322
2022-03-02,1920.9000244140625,25.183000564575195,1067.5999755859375,4.6554999351501465,110.5999984741211,4386.5400390625,33891.3515625,97.38999938964844,1.1132758855819702,1.8650000095367432,1.7519999742507935
2022-03-03,1934.4000244140625,25.204999923706055,1080.0999755859375,4.771500110626221,107.66999816894531,4363.490234375,33794.66015625,97.79000091552734,1.1112345457077026,1.843999981880188,1.7369999885559082
2022-03-04,1965.0999755859375,25.781999588012695,1116.0999755859375,4.928999900817871,115.68000030517578,4328.8701171875,33614.80078125,98.6500015258789,1.1066844463348389,1.7239999771118164,1.63100004196167
2022-03-07,1993.9000244140625,25.71299934387207,1115.9000244140625,4.7220001220703125,119.4000015258789,4201.08984375,32817.37890625,99.29000091552734,1.087453007698059,1.7510000467300415,1.690999984741211
2022-03-08,2040.0999755859375,26.88800048828125,1152.5,4.700500011444092,123.69999694824219,4170.7001953125,32632.640625,99.05999755859375,1.0865312814712524,1.871999979019165,1.805999994277954
2022-03-09,1985.9000244140625,25.756999969482422,1106.699951171875,4.564000129699707,108.69999694824219,4277.8798828125,33286.25,97.97000122070312,1.0898232460021973,1.9479999542236328,1.8799999952316284
2022-03-10,1998.0999755859375,26.20199966430664,1094.4000244140625,4.643499851226807,106.0199966430664,4259.52001953125,33174.0703125,98.51000213623047,1.107382893562317,2.010999917984009,1.940999984741211
2022-03-11,1982.699951171875,26.106000900268555,1087.800048828125,4.616000175476074,109.33000183105469,4204.31005859375,32944.19140625,99.12000274658203,1.1013944149017334,2.003999948501587,1.9600000381469727
2022-03-14,1959.5999755859375,25.243999481201172,1051.5,4.512499809265137,103.01000213623047,4173.10986328125,32945.23828125,99.05999755859375,1.093206763267517,2.140000104904175,2.0920000076293945
2022-03-15,1928.5,25.12299919128418,1001.7999877929688,4.501500129699707,96.44000244140625,4262.4501953125,33544.33984375,99.06999969482422,1.0943193435668945,2.1600000858306885,2.114000082015991
2022-03-16,1908.0,24.670000076293945,1007.4000244140625,4.5879998207092285,95.04000091552734,4357.85986328125,34063.1015625,98.37999725341797,1.0969363451004028,2.187999963760376,2.197999954223633
2022-03-17,1942.0999755859375,25.583999633789062,1030.5999755859375,4.690499782562256,102.9800033569336,4411.669921875,34480.76171875,98.01000213623047,1.1021955013275146,2.191999912261963,2.1679999828338623
2022-03-18,1928.199951171875,25.05500030517578,1035.199951171875,4.730500221252441,104.69999694824219,4463.1201171875,34754.9296875,98.2300033569336,1.1099518537521362,2.1480000019073486,2.1429998874664307
2022-03-21,1928.5999755859375,25.281999588012695,1044.4000244140625,4.701499938964844,112.12000274658203,4461.18017578125,34552.98828125,98.5,1.1043134927749634,2.315000057220459,2.3399999141693115
2022-03-22,1920.699951171875,24.885000228881836,1024.800048828125,4.689000129699707,111.76000213623047,4511.60986328125,34807.4609375,98.48999786376953,1.101722002029419,2.372999906539917,2.385999917984009
2022-03-23,1936.5999755859375,25.170000076293945,1020.7000122070312,4.762499809265137,114.93000030517578,4456.240234375,34358.5,98.62000274658203,1.1029735803604126,2.321000099182129,2.3399999141693115
2022-03-24,1961.5999755859375,25.899999618530273,1030.5,4.729000091552734,112.33999633789062,4520.16015625,34707.94140625,98.79000091552734,1.1006306409835815,2.3410000801086426,2.372999906539917
2022-03-25,1953.800048828125,25.594999313354492,1007.7999877929688,4.685999870300293,113.9000015258789,4543.06005859375,34861.23828125,98.80999755859375,1.1009578704833984,2.492000102996826,2.572999954223633
2022-03-28,1939.5999755859375,25.176000595092773,990.4000244140625,4.714000225067139,105.95999908447266,4575.52001953125,34955.890625,99.08999633789062,1.098189115524292,2.4769999980926514,2.565000057220459
2022-03-29,1912.0,24.715999603271484,972.2999877929688,4.7164998054504395,104.23999786376953,4631.60009765625,35294.19140625,98.4000015258789,1.0993843078613281,2.4000000953674316,2.484999895095825
2022-03-30,1933.5,25.10300064086914,996.7999877929688,4.739500045776367,107.81999969482422,4602.4501953125,35228.80859375,97.79000091552734,1.1091516017913818,2.3580000400543213,2.447999954223633
2022-03-31,1949.199951171875,25.121000289916992,992.5,4.743000030517578,100.27999877929688,4530.41015625,34678.3515625,98.30999755859375,1.1161835193634033,2.3269999027252197,2.421999931335449
2022-04-01,1919.0999755859375,24.642000198364258,985.0,4.682499885559082,99.2699966430664,4545.85986328125,34818.26953125,98.62999725341797,1.1072357892990112,2.377000093460083,2.5490000247955322
2022-04-04,1929.199951171875,24.583999633789062,986.5,4.776500225067139,103.27999877929688,4582.64013671875,34921.87890625,98.98999786376953,1.1047282218933105,2.4119999408721924,2.555000066757202
2022-04-05,1922.9000244140625,24.527999877929688,969.4000244140625,4.790999889373779,101.95999908447266,4525.1201171875,34641.1796875,99.47000122070312,1.0975863933563232,2.555999994277954,2.696000099182129
2022-04-06,1918.4000244140625,24.454999923706055,950.0999755859375,4.733500003814697,96.2300033569336,4481.14990234375,34496.51171875,99.5999984741211,1.090643286705017,2.6089999675750732,2.7019999027252197
2022-04-07,1933.800048828125,24.732999801635742,954.9000244140625,4.695000171661377,96.02999877929688,4500.2099609375,34583.5703125,99.75,1.0898232460021973,2.6519999504089355,2.690999984741211
2022-04-08,1941.5999755859375,24.819000244140625,972.2000122070312,4.71999979019165,98.26000213623047,4488.27978515625,34721.12109375,99.80000305175781,1.0864840745925903,2.7130000591278076,2.75600004196167
2022-04-11,1944.300048828125,24.97800064086914,973.9000244140625,4.628499984741211,94.29000091552734,4412.52978515625,34308.078125,99.93000030517578,1.0884946584701538,2.7799999713897705,2.7850000858306885
2022-04-12,1972.0999755859375,25.725000381469727,969.0,4.703999996185303,100.5999984741211,4397.4501953125,34220.359375,100.29000091552734,1.0877959728240967,2.7249999046325684,2.6760001182556152
2022-04-13,1981.0,26.020000457763672,985.2000122070312,4.706999778747559,104.25,4446.58984375,34564.58984375,99.87999725341797,1.0826143026351929,2.687000036239624,2.6419999599456787
2022-04-14,1970.9000244140625,25.690000534057617,989.5999755859375,4.7170000076293945,106.94999694824219,4392.58984375,34451.23046875,100.31999969482422,1.089656949043274,2.828000068664551,2.7860000133514404
2022-04-18,1982.9000244140625,26.139999389648438,1015.4000244140625,4.796000003814697,108.20999908447266,4391.68994140625,34411.69140625,100.77999877929688,1.081525444984436,2.861999988555908,2.7960000038146973
2022-04-19,1955.699951171875,25.391000747680664,984.4000244140625,4.714000225067139,102.55999755859375,4462.2099609375,34911.19921875,100.95999908447266,1.0781787633895874,2.9130001068115234,2.8889999389648438
2022-04-20,1952.300048828125,25.270000457763672,982.7999877929688,4.649499893188477,102.75,4459.4501953125,35160.7890625,100.38999938964844,1.0794472694396973,2.8399999141693115,2.859999895095825
2022-04-21,1944.9000244140625,24.621000289916992,965.2999877929688,4.703499794006348,103.79000091552734,4393.66015625,34792.76171875,100.58000183105469,1.0849870443344116,2.9170000553131104,2.9790000915527344
2022-04-22,1931.0,24.256999969482422,925.0999755859375,4.582499980926514,102.06999969482422,4271.77978515625,33811.3984375,101.22000122070312,1.0835175514221191,2.9059998989105225,2.9489998817443848
2022-04-25,1893.199951171875,23.667999267578125,902.2999877929688,4.448999881744385,98.54000091552734,4296.1201171875,34049.4609375,101.75,1.0811045169830322,2.8259999752044678,2.8589999675750732
2022-04-26,1901.4000244140625,23.54199981689453,911.9000244140625,4.440000057220459,101.69999694824219,4175.2001953125,33240.1796875,102.30000305175781,1.0714209079742432,2.7720000743865967,2.796999931335449
2022-04-27,1885.9000244140625,23.45800018310547,910.0999755859375,4.454500198364258,102.0199966430664,4183.9599609375,33301.9296875,102.94999694824219,1.0643619298934937,2.818000078201294,2.815000057220459
2022-04-28,1888.699951171875,23.128999710083008,910.4000244140625,4.41349983215332,105.36000061035156,4287.5,33916.390625,103.62000274658203,1.0555092096328735,2.86299991607666,2.880000114440918
2022-04-29,1909.300048828125,23.040000915527344,937.5999755859375,4.394999980926514,104.69000244140625,4131.93017578125,32977.2109375,102.95999908447266,1.0504201650619507,2.88700008392334,2.9119999408721924
2022-05-02,1861.800048828125,22.54400062561035,930.5999755859375,4.255499839782715,105.16999816894531,4155.3798828125,33061.5,103.73999786376953,1.0535964965820312,2.996000051498413,3.009999990463257
2022-05-03,1868.800048828125,22.621000289916992,956.5,4.270999908447266,102.41000366210938,4175.47998046875,33128.7890625,103.47000122070312,1.0509058237075806,2.9600000381469727,3.003000020980835
2022-05-04,1867.0,22.36199951171875,978.2000122070312,4.328499794006348,107.80999755859375,4300.169921875,34061.05859375,102.58999633789062,1.0528532266616821,2.9170000553131104,2.8959999084472656
2022-05-05,1874.0,22.399999618530273,971.7999877929688,4.284999847412109,108.26000213623047,4146.8701171875,32997.96875,103.75,1.0622477531433105,3.065999984741211,3.0239999294281006
2022-05-06,1881.199951171875,22.325000762939453,954.5999755859375,4.261499881744385,109.7699966430664,4123.33984375,32899.37109375,103.66000366210938,1.0539740324020386,3.122999906539917,3.0429999828338623
2022-05-09,1857.0999755859375,21.781999588012695,938.5,4.192999839782715,103.08999633789062,3991.239990234375,32245.69921875,103.6500015258789,1.053219199180603,3.0789999961853027,2.9830000400543213
2022-05-10,1839.9000244140625,21.389999389648438,953.5,4.1545000076293945,99.76000213623047,4001.050048828125,32160.740234375,103.91999816894531,1.056579828262329,2.993000030517578,2.9179999828338623
2022-05-11,1852.5999755859375,21.549999237060547,995.7000122070312,4.212500095367432,105.70999908447266,3935.179931640625,31834.109375,103.8499984741211,1.0532968044281006,2.9210000038146973,2.878999948501587
2022-05-12,1823.800048828125,20.756999969482422,936.9000244140625,4.105000019073486,106.12999725341797,3930.080078125,31730.30078125,104.8499984741211,1.05124831199646,2.816999912261963,2.7820000648498535
2022-05-13,1807.4000244140625,20.983999252319336,936.4000244140625,4.180500030517578,110.48999786376953,4023.889892578125,32196.66015625,104.55999755859375,1.0379581451416016,2.934999942779541,2.888000011444092
2022-05-16,1813.5,21.53499984741211,929.0,4.196499824523926,114.19999694824219,4008.010009765625,32223.419921875,104.19000244140625,1.0400632619857788,2.877000093460083,2.819999933242798
2022-05-17,1818.199951171875,21.73699951171875,947.0999755859375,4.239500045776367,112.4000015258789,4088.85009765625,32654.58984375,103.36000061035156,1.0438958406448364,2.9679999351501465,2.946000099182129
2022-05-18,1815.9000244140625,21.533000946044922,927.9000244140625,4.182000160217285,109.58999633789062,3923.679931640625,31490.0703125,103.80999755859375,1.0547856092453003,2.885999917984009,2.8910000324249268
2022-05-19,1841.199951171875,21.898000717163086,957.5,4.284999847412109,112.20999908447266,3900.7900390625,31253.130859375,102.72000122070312,1.0472739934921265,2.8550000190734863,2.8469998836517334
2022-05-20,1841.800048828125,21.66900062561035,946.2000122070312,4.281000137329102,113.2300033569336,3901.360107421875,31261.900390625,103.1500015258789,1.057898759841919,2.7869999408721924,2.805999994277954
2022-05-23,1847.800048828125,21.722999572753906,955.5,4.347499847412109,110.29000091552734,3973.75,31880.240234375,102.08000183105469,1.0569819211959839,2.8589999675750732,2.875
2022-05-24,1865.0999755859375,22.062999725341797,946.7999877929688,4.325500011444092,109.7699966430664,3941.47998046875,31928.619140625,101.86000061035156,1.0682048797607422,2.759999990463257,2.756999969482422
2022-05-25,1846.199951171875,21.860000610351562,933.4000244140625,4.2769999504089355,110.33000183105469,3978.72998046875,32120.279296875,102.05999755859375,1.0736525058746338,2.749000072479248,2.7209999561309814
2022-05-26,1847.4000244140625,21.94099998474121,941.5,4.255000114440918,114.08999633789062,4057.840087890625,32637.189453125,101.83000183105469,1.0686614513397217,2.75600004196167,2.7160000801086426
2022-05-27,1851.300048828125,22.059999465942383,945.5,4.303999900817871,115.06999969482422,4158.240234375,33212.9609375,101.66999816894531,1.0732953548431396,2.743000030517578,2.7239999771118164
2022-05-31,1842.699951171875,21.650999069213867,969.2999877929688,4.295000076293945,114.66999816894531,4132.14990234375,32990.12109375,101.75,1.0773539543151855,2.8440001010894775,2.811000108718872
2022-06-01,1843.300048828125,21.884000778198242,997.2000122070312,4.329999923706055,115.26000213623047,4101.22998046875,32813.23046875,102.55000305175781,1.0734105110168457,2.930999994277954,2.937999963760376
2022-06-02,1866.5,22.253999710083008,1029.199951171875,4.553999900817871,116.87000274658203,4176.81982421875,33248.28125,101.7699966430664,1.0654165744781494,2.9130001068115234,2.9089999198913574
2022-06-03,1845.4000244140625,21.889999389648438,1017.2000122070312,4.477499961853027,118.87000274658203,4108.5400390625,32899.69921875,102.13999938964844,1.0751069784164429,2.9570000171661377,2.9509999752044678
2022-06-06,1839.199951171875,22.073999404907227,1030.800048828125,4.439499855041504,118.5,4121.43017578125,32915.78125,102.44000244140625,1.0726046562194824,3.0380001068115234,3.0350000858306885
2022-06-07,1847.5,22.159000396728516,1013.7000122070312,4.439499855041504,119.41000366210938,4160.68017578125,33180.140625,102.31999969482422,1.0691413879394531,2.9719998836517334,2.9839999675750732
2022-06-08,1851.9000244140625,22.073999404907227,1012.4000244140625,4.458499908447266,122.11000061035156,4115.77001953125,32910.8984375,102.54000091552734,1.0698620080947876,3.0290000438690186,3.0320000648498535
2022-06-09,1848.800048828125,21.797000885009766,976.7000122070312,4.388999938964844,121.51000213623047,4017.820068359375,32272.7890625,103.22000122070312,1.071765422821045,3.0439999103546143,3.062999963760376
2022-06-10,1871.5,21.913000106811523,971.7999877929688,4.301000118255615,120.66999816894531,3900.860107421875,31392.7890625,104.1500015258789,1.0619205236434937,3.1559998989105225,3.25
2022-06-13,1828.0,21.236000061035156,933.0999755859375,4.2164998054504395,120.93000030517578,3749.6298828125,30516.740234375,105.08000183105469,1.0489987134933472,3.365999937057495,3.4749999046325684
2022-06-14,1809.5,20.93600082397461,911.5,4.161499977111816,118.93000030517578,3735.47998046875,30364.830078125,105.5199966430664,1.0415147542953491,3.4830000400543213,3.5959999561309814
2022-06-15,1815.300048828125,21.402000427246094,925.4000244140625,4.167500019073486,115.30999755859375,3789.989990234375,30668.529296875,105.16000366210938,1.0440592765808105,3.3949999809265137,3.4719998836517334
2022-06-16,1845.699951171875,21.867000579833984,951.9000244140625,4.111999988555908,117.58999633789062,3666.77001953125,29927.0703125,103.62999725341797,1.0456204414367676,3.306999921798706,3.377000093460083
2022-06-17,1835.5999755859375,21.572999954223633,931.0,4.017499923706055,109.55999755859375,3674.840087890625,29888.779296875,104.69999694824219,1.0546854734420776,3.239000082015991,3.3399999141693115
2022-06-21,1834.5999755859375,21.753999710083008,940.0,4.043000221252441,110.6500015258789,3764.7900390625,30530.25,104.44000244140625,1.0520778894424438,3.306999921798706,3.378999948501587
2022-06-22,1834.300048828125,21.406999588012695,927.4000244140625,3.9514999389648438,106.19000244140625,3759.889892578125,30483.130859375,104.19999694824219,1.053263545036316,3.1559998989105225,3.2269999980926514
2022-06-23,1825.699951171875,21.031999588012695,904.9000244140625,3.758500099182129,104.2699966430664,3795.72998046875,30677.359375,104.43000030517578,1.0564124584197998,3.068000078201294,3.132999897003174
2022-06-24,1826.5,21.115999221801758,904.5,3.759999990463257,107.62000274658203,3911.739990234375,31500.6796875,104.19000244140625,1.052011489868164,3.125,3.174999952316284
2022-06-27,1820.9000244140625,21.159000396728516,904.9000244140625,3.7790000438690186,109.56999969482422,3900.110107421875,31438.259765625,103.94000244140625,1.0566133260726929,3.194000005722046,3.257999897003174
2022-06-28,1817.5,20.797000885009766,910.5999755859375,3.7839999198913574,111.76000213623047,3821.550048828125,30946.990234375,104.51000213623047,1.0580891370773315,3.2060000896453857,3.259999990463257
2022-06-29,1813.699951171875,20.667999267578125,910.7999877929688,3.7790000438690186,109.77999877929688,3818.830078125,31029.310546875,105.11000061035156,1.0523545742034912,3.0929999351501465,3.1510000228881836
2022-06-30,1804.0999755859375,20.281999588012695,898.4000244140625,3.7144999504089355,105.76000213623047,3785.3798828125,30775.4296875,104.69000244140625,1.04465913772583,2.9719998836517334,3.003999948501587
2022-07-01,1798.9000244140625,19.597000122070312,875.4000244140625,3.61899995803833,108.43000030517578,3825.330078125,31097.259765625,105.13999938964844,1.0477677583694458,2.8889999389648438,2.884000062942505
2022-07-05,1761.800048828125,19.052000045776367,856.7999877929688,3.424999952316284,99.5,3831.389892578125,30967.8203125,106.5,1.0433186292648315,2.809000015258789,2.815000057220459
2022-07-06,1734.9000244140625,19.084999084472656,847.7999877929688,3.4179999828338623,98.52999877929688,3845.080078125,31037.6796875,107.0999984741211,1.0257673263549805,2.9130001068115234,2.9509999752044678
2022-07-07,1737.9000244140625,19.121999740600586,876.4000244140625,3.5820000171661377,102.7300033569336,3902.6201171875,31384.55078125,107.12999725341797,1.0186411142349243,3.007999897003174,3.053999900817871
2022-07-08,1740.5999755859375,19.16699981689453,894.0,3.5320000648498535,104.79000091552734,3899.3798828125,31338.150390625,107.01000213623047,1.0169836282730103,3.1010000705718994,3.1419999599456787
2022-07-11,1730.0,19.066999435424805,872.2000122070312,3.4375,104.08999633789062,3854.429931640625,31173.83984375,108.0199966430664,1.0166114568710327,2.990999937057495,3.049999952316284
2022-07-12,1723.300048828125,18.89900016784668,839.7000122070312,3.2964999675750732,95.83999633789062,3818.800048828125,30981.330078125,108.06999969482422,1.004752516746521,2.9579999446868896,3.0160000324249268
2022-07-13,1734.199951171875,19.13800048828125,849.9000244140625,3.325500011444092,96.30000305175781,3801.780029296875,30772.7890625,107.95999908447266,1.0033109188079834,2.9040000438690186,3.0190000534057617
2022-07-14,1704.5,18.16900062561035,830.5999755859375,3.2105000019073486,95.77999877929688,3790.3798828125,30630.169921875,108.54000091552734,1.0032706260681152,2.9600000381469727,3.062999963760376
2022-07-15,1702.4000244140625,18.54800033569336,844.2000122070312,3.234499931335449,97.58999633789062,3863.159912109375,31288.259765625,108.05999755859375,1.0025665760040283,2.930000066757202,3.0510001182556152
2022-07-18,1709.199951171875,18.791000366210938,864.7999877929688,3.3480000495910645,102.5999984741211,3830.85009765625,31072.609375,107.37000274658203,1.009631872177124,2.9600000381469727,3.069999933242798
2022-07-19,1710.0,18.670000076293945,867.5999755859375,3.2915000915527344,104.22000122070312,3936.68994140625,31827.05078125,106.68000030517578,1.0145177841186523,3.0190000534057617,3.1500000953674316
2022-07-20,1699.5,18.638999938964844,851.5,3.3294999599456787,102.26000213623047,3959.89990234375,31874.83984375,107.08000183105469,1.0231330394744873,3.0360000133514404,3.177999973297119
2022-07-21,1712.699951171875,18.687000274658203,857.0999755859375,3.302000045776367,96.3499984741211,3998.949951171875,32036.900390625,106.91000366210938,1.0182781219482422,2.9100000858306885,3.009999990463257
2022-07-22,1727.0999755859375,18.584999084472656,861.2000122070312,3.3485000133514404,94.69999694824219,3961.6298828125,31899.2890625,106.7300033569336,1.0221081972122192,2.7829999923706055,2.872999906539917
2022-07-25,1719.0,18.29400062561035,864.2999877929688,3.3510000705718994,96.69999694824219,3966.840087890625,31990.0390625,106.4800033569336,1.0200231075286865,2.819999933242798,2.9000000953674316
2022-07-26,1717.699951171875,18.48699951171875,859.0999755859375,3.382499933242798,94.9800033569336,3921.050048828125,31761.5390625,107.19000244140625,1.022494912147522,2.7869999408721924,2.884999990463257
2022-07-27,1719.0999755859375,18.55299949645996,871.7999877929688,3.429500102996826,97.26000213623047,4023.610107421875,32197.58984375,106.44999694824219,1.0129557847976685,2.7339999675750732,2.796999931335449
2022-07-28,1750.300048828125,19.82699966430664,871.9000244140625,3.4749999046325684,96.41999816894531,4072.429931640625,32529.630859375,106.3499984741211,1.0209290981292725,2.680999994277954,2.703000068664551
2022-07-29,1762.9000244140625,20.1560001373291,884.9000244140625,3.5840001106262207,98.62000274658203,4130.2900390625,32845.12890625,105.9000015258789,1.0192328691482544,2.6419999599456787,2.694999933242798
2022-08-01,1769.0,20.32200050354004,896.7000122070312,3.552000045776367,93.88999938964844,4118.6298828125,32798.3984375,105.44999694824219,1.0208247900009155,2.6059999465942383,2.6679999828338623
2022-08-02,1771.0999755859375,20.104999542236328,900.0999755859375,3.5244998931884766,94.41999816894531,4091.18994140625,32396.169921875,106.23999786376953,1.0261356830596924,2.740999937057495,2.861999988555908
2022-08-03,1758.0,19.864999771118164,885.5999755859375,3.4695000648498535,90.66000366210938,4155.169921875,32812.5,106.51000213623047,1.015568733215332,2.747999906539917,2.871999979019165
2022-08-04,1788.5,20.099000930786133,922.4000244140625,3.4830000400543213,88.54000091552734,4151.93994140625,32726.8203125,105.69000244140625,1.015764594078064,2.6760001182556152,2.7739999294281006
2022-08-05,1772.9000244140625,19.819000244140625,921.9000244140625,3.552999973297119,89.01000213623047,4145.18994140625,32803.46875,106.62000274658203,1.024779200553894,2.8399999141693115,2.9760000705718994
2022-08-08,1786.800048828125,20.591999053955078,937.2999877929688,3.5875000953674316,90.76000213623047,4140.06005859375,32832.5390625,106.44000244140625,1.0170871019363403,2.765000104904175,2.9110000133514404
2022-08-09,1794.0,20.45800018310547,931.9000244140625,3.5924999713897705,90.5,4122.47021484375,32774.41015625,106.37000274658203,1.0197629928588867,2.796999931335449,2.9800000190734863
2022-08-10,1795.5999755859375,20.718000411987305,945.0,3.6554999351501465,91.93000030517578,4210.240234375,33309.51171875,105.19999694824219,1.0208144187927246,2.7860000133514404,2.9230000972747803
2022-08-11,1789.699951171875,20.326000213623047,958.2999877929688,3.7105000019073486,94.33999633789062,4207.27001953125,33336.671875,105.08999633789062,1.0300782918930054,2.888000011444092,2.98799991607666
2022-08-12,1798.5999755859375,20.677000045776367,958.2999877929688,3.6760001182556152,92.08999633789062,4280.14990234375,33761.05078125,105.62999725341797,1.0316723585128784,2.8489999771118164,2.9769999980926514
2022-08-15,1781.4000244140625,20.250999450683594,932.5,3.628999948501587,89.41000366210938,4297.14013671875,33912.44140625,106.55000305175781,1.0256409645080566,2.7909998893737793,2.9130001068115234
2022-08-16,1773.199951171875,20.065000534057617,929.9000244140625,3.6364998817443848,86.52999877929688,4305.2001953125,34152.01171875,106.5,1.0161981582641602,2.8239998817443848,2.9579999446868896
2022-08-17,1760.300048828125,19.711000442504883,918.0,3.5980000495910645,88.11000061035156,4274.0400390625,33980.3203125,106.56999969482422,1.0170663595199585,2.8929998874664307,3.0480000972747803
2022-08-18,1755.300048828125,19.447999954223633,903.5999755859375,3.6465001106262207,90.5,4283.740234375,33999.0390625,107.4800033569336,1.0180189609527588,2.880000114440918,3.0309998989105225
2022-08-19,1747.5999755859375,19.058000564575195,886.9000244140625,3.683500051498413,90.7699966430664,4228.47998046875,33706.73828125,108.16999816894531,1.0089900493621826,2.989000082015991,3.115999937057495
2022-08-22,1734.0,18.87299919128418,866.9000244140625,3.6705000400543213,90.2300033569336,4137.990234375,33063.609375,109.05000305175781,1.0035223960876465,3.0369999408721924,3.178999900817871
2022-08-23,1746.800048828125,19.011999130249023,875.2999877929688,3.7044999599456787,93.73999786376953,4128.72998046875,32909.58984375,108.62000274658203,0.9939467906951904,3.053999900817871,3.180999994277954
2022-08-24,1747.800048828125,18.895000457763672,866.2999877929688,3.6605000495910645,94.88999938964844,4140.77001953125,32969.23046875,108.68000030517578,0.9966909885406494,3.1059999465942383,3.2309999465942383
2022-08-25,1757.699951171875,19.111000061035156,873.2999877929688,3.7105000019073486,92.5199966430664,4199.1201171875,33291.78125,108.47000122070312,0.9969095587730408,3.0260000228881836,3.1570000648498535
2022-08-26,1736.0999755859375,18.739999771118164,854.5999755859375,3.7114999294281006,93.05999755859375,4057.659912109375,32283.400390625,108.80000305175781,0.9971283078193665,3.0350000858306885,3.194999933242798
2022-08-29,1736.5999755859375,18.55500030517578,853.5,3.626499891281128,97.01000213623047,4030.610107421875,32098.990234375,108.83999633789062,0.993867814540863,3.109999895095825,3.263000011444092
2022-08-30,1723.199951171875,18.159000396728516,830.5999755859375,3.5450000762939453,91.63999938964844,3986.159912109375,31790.869140625,108.7699966430664,1.0014019012451172,3.109999895095825,3.2769999504089355
2022-08-31,1712.800048828125,17.761999130249023,826.4000244140625,3.5185000896453857,89.55000305175781,3955.0,31510.4296875,108.69999694824219,1.0025062561035156,3.132999897003174,3.2839999198913574
2022-09-01,1696.5999755859375,17.551000595092773,804.0,3.4144999980926514,86.61000061035156,3966.85009765625,31656.419921875,109.69000244140625,1.003905177116394,3.265000104904175,3.4059998989105225
2022-09-02,1709.800048828125,17.775999069213867,817.0999755859375,3.4214999675750732,86.87000274658203,3924.260009765625,31318.439453125,109.52999877929688,0.995232880115509,3.193000078201294,3.2980000972747803
2022-09-06,1700.4000244140625,17.795000076293945,832.7000122070312,3.4690001010894775,86.87999725341797,3908.18994140625,31145.30078125,110.20999908447266,0.9952229857444763,3.3399999141693115,3.443000078201294
2022-09-07,1715.300048828125,18.136999130249023,846.0,3.437999963760376,81.94000244140625,3979.8701171875,31581.279296875,109.83999633789062,0.9897951483726501,3.265000104904175,3.359999895095825
2022-09-08,1708.0,18.329999923706055,865.2000122070312,3.5360000133514404,83.54000091552734,4006.179931640625,31774.51953125,109.70999908447266,0.9995701909065247,3.2920000553131104,3.3970000743865967
2022-09-09,1716.199951171875,18.658000946044922,876.0,3.5810000896453857,86.79000091552734,4067.360107421875,32151.7109375,109.0,1.0012015104293823,3.321000099182129,3.446000099182129
2022-09-12,1728.0999755859375,19.7549991607666,903.2999877929688,3.625499963760376,87.77999877929688,4110.41015625,32381.33984375,108.33000183105469,1.0071406364440918,3.361999988555908,3.4579999446868896
2022-09-13,1705.0,19.389999389648438,882.7999877929688,3.5810000896453857,87.30999755859375,3932.68994140625,31104.970703125,109.81999969482422,1.0129557847976685,3.421999931335449,3.5889999866485596
2022-09-14,1696.5,19.47100067138672,904.5,3.5455000400543213,88.4800033569336,3946.010009765625,31135.08984375,109.66000366210938,0.9982032775878906,3.4119999408721924,3.5950000286102295
2022-09-15,1665.4000244140625,19.174999237060547,905.0,3.5234999656677246,85.0999984741211,3901.35009765625,30961.8203125,109.73999786376953,0.9984025359153748,3.4590001106262207,3.6740000247955322
2022-09-16,1671.699951171875,19.29599952697754,900.5,3.561000108718872,85.11000061035156,3873.330078125,30822.419921875,109.76000213623047,0.9988313317298889,3.447999954223633,3.625999927520752
2022-09-19,1666.199951171875,19.273000717163086,918.0,3.557499885559082,85.7300033569336,3899.889892578125,31019.6796875,109.73999786376953,1.002234935760498,3.490000009536743,3.693000078201294
2022-09-20,1659.699951171875,19.101999282836914,922.0,3.5480000972747803,84.44999694824219,3855.929931640625,30706.23046875,110.22000122070312,1.0029587745666504,3.571000099182129,3.75
2022-09-21,1664.5999755859375,19.410999298095703,915.9000244140625,3.51200008392334,82.94000244140625,3789.929931640625,30183.779296875,110.63999938964844,0.997078537940979,3.509999990463257,3.7130000591278076
2022-09-22,1670.800048828125,19.54800033569336,905.7999877929688,3.498500108718872,83.48999786376953,3757.989990234375,30076.6796875,111.3499984741211,0.983071506023407,3.7079999446868896,3.928999900817871
2022-09-23,1645.300048828125,18.840999603271484,858.5,3.371500015258789,78.73999786376953,3693.22998046875,29590.41015625,113.19000244140625,0.9841550588607788,3.697000026702881,3.9839999675750732
2022-09-26,1623.300048828125,18.4060001373291,849.9000244140625,3.313499927520752,76.70999908447266,3655.0400390625,29260.810546875,114.0999984741211,0.968992292881012,3.878000020980835,4.158999919891357
2022-09-27,1626.699951171875,18.256999969482422,847.9000244140625,3.322999954223633,78.5,3647.2900390625,29134.990234375,114.11000061035156,0.9623712301254272,3.9639999866485596,4.210000038146973
2022-09-28,1660.4000244140625,18.79599952697754,871.0999755859375,3.381999969482422,82.1500015258789,3719.0400390625,29683.740234375,112.5999984741211,0.9596191644668579,3.7049999237060547,3.921999931335449
2022-09-29,1658.5,18.611000061035156,871.2999877929688,3.440000057220459,81.2300033569336,3640.469970703125,29225.609375,112.25,0.9708172082901001,3.746999979019165,3.9790000915527344
2022-09-30,1662.4000244140625,18.959999084472656,870.0,3.441999912261963,79.48999786376953,3585.6201171875,28725.509765625,112.12000274658203,0.9829555749893188,3.803999900817871,4.040999889373779
2022-10-03,1692.9000244140625,20.518999099731445,911.2999877929688,3.4579999446868896,83.62999725341797,3678.429931640625,29490.890625,111.75,0.9792688488960266,3.6510000228881836,3.882999897003174
2022-10-04,1721.0999755859375,21.03700065612793,943.7000122070312,3.5179998874664307,86.5199966430664,3790.929931640625,30316.3203125,110.06999969482422,0.9832068681716919,3.617000102996826,3.8399999141693115
2022-10-05,1711.4000244140625,20.479000091552734,924.5999755859375,3.5325000286102295,87.76000213623047,3783.280029296875,30273.869140625,111.06999969482422,0.998432457447052,3.759000062942505,3.9590001106262207
2022-10-06,1711.699951171875,20.594999313354492,931.7000122070312,3.4749999046325684,88.44999694824219,3744.52001953125,29926.939453125,112.26000213623047,0.9910998940467834,3.8259999752044678,4.059999942779541
2022-10-07,1700.5,20.191999435424805,929.2000122070312,3.4124999046325684,92.63999938964844,3639.659912109375,29296.7890625,112.80000305175781,0.9789045453071594,3.882999897003174,4.135000228881836
2022-10-10,1667.300048828125,19.555999755859375,906.2000122070312,3.4535000324249268,91.12999725341797,3612.389892578125,29202.880859375,113.13999938964844,0.9735012650489807,3.888000011444092,4.14900016784668
2022-10-11,1678.699951171875,19.427000045776367,909.5,3.4779999256134033,89.3499984741211,3588.840087890625,29239.189453125,113.22000122070312,0.9710057377815247,3.938999891281128,4.169000148773193
2022-10-12,1670.300048828125,18.878000259399414,891.4000244140625,3.444499969482422,87.2699966430664,3577.030029296875,29210.849609375,113.31999969482422,0.9700167775154114,3.9019999504089355,4.111999988555908
2022-10-13,1670.0,18.857999801635742,906.7999877929688,3.4674999713897705,89.11000061035156,3669.909912109375,30038.720703125,112.36000061035156,0.9707984328269958,3.9519999027252197,4.206999778747559
2022-10-14,1641.699951171875,18.014999389648438,905.2999877929688,3.450500011444092,85.61000061035156,3583.070068359375,29634.830078125,113.30999755859375,0.975134015083313,4.010000228881836,4.269000053405762
2022-10-17,1657.0,18.673999786376953,924.0,3.4554998874664307,85.45999908447266,3677.949951171875,30185.8203125,112.04000091552734,0.973937451839447,4.014999866485596,4.238999843597412
2022-10-18,1649.0,18.570999145507812,917.7000122070312,3.4065001010894775,82.81999969482422,3719.97998046875,30523.80078125,112.12999725341797,0.9846396446228027,3.997999906539917,4.215000152587891
2022-10-19,1627.5,18.336000442504883,891.5,3.3605000972747803,85.55000305175781,3695.159912109375,30423.810546875,112.9800033569336,0.9863878488540649,4.126999855041504,4.349999904632568
2022-10-20,1630.800048828125,18.666000366210938,930.0999755859375,3.4509999752044678,85.9800033569336,3665.780029296875,30333.58984375,112.87999725341797,0.9766482710838318,4.22599983215332,4.447999954223633
2022-10-21,1651.0,19.042999267578125,954.5999755859375,3.5230000019073486,85.05000305175781,3752.75,31082.560546875,112.01000213623047,0.9778899550437927,4.2129998207092285,4.354000091552734
2022-10-24,1648.699951171875,19.173999786376953,947.2999877929688,3.4795000553131104,84.58000183105469,3797.340087890625,31499.619140625,111.98999786376953,0.9860085844993591,4.234000205993652,4.359000205993652
2022-10-25,1652.800048828125,19.339000701904297,939.7000122070312,3.450500011444092,85.31999969482422,3859.110107421875,31836.740234375,110.94999694824219,0.9886503219604492,4.107999801635742,4.256999969482422
2022-10-26,1664.0,19.479999542236328,982.5,3.629499912261963,87.91000366210938,3830.60009765625,31839.109375,109.69999694824219,0.9963731169700623,4.014999866485596,4.193999767303467
2022-10-27,1660.699951171875,19.47800064086914,987.4000244140625,3.625499963760376,89.08000183105469,3807.300048828125,32033.279296875,110.58999633789062,1.009193778038025,3.937000036239624,4.0879998207092285
2022-10-28,1639.5999755859375,19.14699935913086,958.4000244140625,3.4660000801086426,87.9000015258789,3901.06005859375,32861.80078125,110.66999816894531,0.9967803955078125,4.010000228881836,4.190000057220459
2022-10-31,1635.9000244140625,19.125,939.4000244140625,3.4135000705718994,86.52999877929688,3871.97998046875,32732.94921875,111.52999877929688,0.9955002665519714,4.077000141143799,4.248000144958496
2022-11-01,1645.0,19.67300033569336,959.7999877929688,3.509500026702881,88.37000274658203,3856.10009765625,32653.19921875,111.4800033569336,0.9886307716369629,4.052000045776367,4.257999897003174
2022-11-02,1645.699951171875,19.600000381469727,960.2000122070312,3.505500078201294,90.0,3759.68994140625,32147.759765625,111.3499984741211,0.9877909421920776,4.059000015258789,4.249000072479248
2022-11-03,1627.300048828125,19.43600082397461,933.4000244140625,3.4565000534057617,88.16999816894531,3719.889892578125,32001.25,112.93000030517578,0.9814409017562866,4.124000072479248,4.349999904632568
2022-11-04,1672.5,20.790000915527344,969.7999877929688,3.7144999504089355,92.61000061035156,3770.550048828125,32403.220703125,110.87999725341797,0.9749630093574524,4.156000137329102,4.326000213623047
2022-11-07,1676.5,20.898000717163086,998.7000122070312,3.629499912261963,91.79000091552734,3806.800048828125,32827.0,110.12000274658203,0.9928810596466064,4.214000225067139,4.39300012588501
2022-11-08,1712.0999755859375,21.476999282836914,1023.7999877929688,3.7054998874664307,88.91000366210938,3828.110107421875,33160.828125,109.62000274658203,1.0018634796142578,4.125999927520752,4.306000232696533
2022-11-09,1710.0999755859375,21.29800033569336,1006.5999755859375,3.741499900817871,85.83000183105469,3748.570068359375,32513.939453125,110.55000305175781,1.008084774017334,4.151000022888184,4.284999847412109
2022-11-10,1750.300048828125,21.677000045776367,1064.300048828125,3.7960000038146973,86.47000122070312,3956.3701171875,33715.37109375,108.20999908447266,1.0019538402557373,3.8289999961853027,3.943000078201294
2022-11-11,1766.0,21.645999908447266,1047.4000244140625,3.9509999752044678,88.95999908447266,3992.929931640625,33747.859375,106.29000091552734,1.0192224979400635,3.812999963760376,3.937999963760376
2022-11-14,1773.5999755859375,22.091999053955078,1042.300048828125,3.8550000190734863,85.87000274658203,3957.25,33536.69921875,106.66000366210938,1.0328551530838013,3.865000009536743,3.996999979019165
2022-11-15,1773.800048828125,21.499000549316406,1031.699951171875,3.8394999504089355,86.91999816894531,3991.72998046875,33592.921875,106.4000015258789,1.0319278240203857,3.7990000247955322,3.921999931335449
2022-11-16,1773.0,21.503999710083008,1025.5,3.7880001068115234,85.58999633789062,3958.7900390625,33553.828125,106.27999877929688,1.0357863903045654,3.691999912261963,3.8499999046325684
2022-11-17,1760.800048828125,20.954999923706055,1000.7999877929688,3.689500093460083,81.63999938964844,3946.56005859375,33546.3203125,106.69000244140625,1.0395010709762573,3.7750000953674316,3.937000036239624
2022-11-18,1751.9000244140625,20.97599983215332,1002.0,3.631999969482422,80.08000183105469,3965.340087890625,33745.69140625,106.93000030517578,1.036172866821289,3.818000078201294,4.0
2022-11-21,1737.4000244140625,20.849000930786133,1005.5999755859375,3.571500062942505,79.7300033569336,3949.93994140625,33700.28125,107.83999633789062,1.0330898761749268,3.825000047683716,4.007999897003174
2022-11-22,1738.300048828125,21.034000396728516,1013.4000244140625,3.614500045776367,80.94999694824219,4003.580078125,34098.1015625,107.22000122070312,1.0245691537857056,3.757999897003174,3.937999963760376
2022-11-23,1744.9000244140625,21.35700035095215,1014.5,3.617500066757202,77.94000244140625,4027.260009765625,34194.05859375,106.08000183105469,1.0311086177825928,3.7060000896453857,3.8919999599456787
2022-11-25,1753.300048828125,21.424999237060547,1005.5,3.626499891281128,76.27999877929688,4026.1201171875,34347.03125,105.95999908447266,1.040810227394104,3.690999984741211,3.869999885559082
2022-11-28,1740.0999755859375,20.90999984741211,1017.0,3.6105000972747803,77.23999786376953,3963.93994140625,33849.4609375,106.68000030517578,1.0367528200149536,3.703000068664551,3.8959999084472656
2022-11-29,1748.4000244140625,21.20400047302246,1021.5999755859375,3.630000114440918,78.19999694824219,3957.6298828125,33852.53125,106.81999969482422,1.034554123878479,3.747999906539917,3.9200000762939453
2022-11-30,1746.0,21.549999237060547,1052.300048828125,3.7295000553131104,80.55000305175781,4080.110107421875,34589.76953125,105.94999694824219,1.0324499607086182,3.703000068664551,3.8320000171661377
2022-12-01,1801.0999755859375,22.636999130249023,1067.9000244140625,3.813999891281128,81.22000122070312,4076.570068359375,34395.01171875,104.7300033569336,1.042535424232483,3.5290000438690186,3.680000066757202
2022-12-02,1795.9000244140625,23.038000106811523,1039.5999755859375,3.8480000495910645,79.9800033569336,4071.699951171875,34429.87890625,104.55000305175781,1.052842140197754,3.50600004196167,3.6659998893737793
2022-12-05,1767.4000244140625,22.198999404907227,1020.5,3.7894999980926514,76.93000030517578,3998.840087890625,33947.1015625,105.29000091552734,1.0544185638427734,3.5989999771118164,3.7929999828338623
2022-12-06,1769.300048828125,22.12299919128418,1008.4000244140625,3.811500072479248,74.25,3941.260009765625,33596.33984375,105.58000183105469,1.0496923923492432,3.513000011444092,3.7330000400543213
2022-12-07,1785.5,22.709999084472656,1024.5,3.8554999828338623,72.01000213623047,3933.919921875,33597.921875,105.0999984741211,1.0469011068344116,3.4079999923706055,3.614000082015991
2022-12-08,1788.699951171875,23.062999725341797,1027.5999755859375,3.880500078201294,71.45999908447266,3963.510009765625,33781.48046875,104.7699966430664,1.051325798034668,3.490999937057495,3.7100000381469727
2022-12-09,1798.0999755859375,23.53499984741211,1049.199951171875,3.875999927520752,71.0199966430664,3934.3798828125,33476.4609375,104.80999755859375,1.0559661388397217,3.566999912261963,3.756999969482422
2022-12-12,1780.5,23.219999313354492,1021.0,3.7985000610351562,73.16999816894531,3990.56005859375,34005.0390625,105.12999725341797,1.0522217750549316,3.6110000610351562,3.802000045776367
2022-12-13,1813.9000244140625,23.801000595092773,1051.9000244140625,3.8394999504089355,75.38999938964844,4019.64990234375,34108.640625,103.9800033569336,1.0541739463806152,3.500999927520752,3.6470000743865967
2022-12-14,1807.5,23.945999145507812,1051.699951171875,3.875,77.27999877929688,3995.320068359375,33966.3515625,103.7699966430664,1.062665343284607,3.503000020980835,3.6540000438690186
2022-12-15,1777.199951171875,23.128000259399414,1026.199951171875,3.763000011444092,76.11000061035156,3895.75,33202.21875,104.55999755859375,1.0676347017288208,3.450000047683716,3.625999927520752
2022-12-16,1790.0,23.150999069213867,1013.0,3.7614998817443848,74.29000091552734,3852.360107421875,32920.4609375,104.69999694824219,1.064056158065796,3.4820001125335693,3.617000102996826
2022-12-19,1787.699951171875,23.02899932861328,1000.7000122070312,3.7829999923706055,75.19000244140625,3817.659912109375,32757.5390625,104.72000122070312,1.05850350856781,3.5810000896453857,3.7109999656677246
2022-12-20,1815.9000244140625,24.0939998626709,1026.0,3.797499895095825,76.08999633789062,3821.6201171875,32849.73828125,103.97000122070312,1.0614584684371948,3.684000015258789,3.7839999198913574
2022-12-21,1815.9000244140625,24.03499984741211,1015.0,3.805999994277954,78.29000091552734,3878.43994140625,33376.48046875,104.16000366210938,1.062699317932129,3.684000015258789,3.7750000953674316
2022-12-22,1787.0,23.47599983215332,997.5999755859375,3.751499891281128,77.48999786376953,3822.389892578125,33027.48828125,104.43000030517578,1.0610079765319824,3.6689999103546143,3.7869999408721924
2022-12-23,1795.9000244140625,23.763999938964844,1042.5999755859375,3.802999973297119,79.55999755859375,3844.820068359375,33203.9296875,104.30999755859375,1.060333013534546,3.750999927520752,3.861999988555908
2022-12-27,1814.800048828125,24.040000915527344,1042.699951171875,3.8334999084472656,79.52999877929688,3829.25,33241.55859375,104.18000030517578,1.064022183418274,3.859999895095825,3.9630000591278076
2022-12-28,1807.9000244140625,23.663000106811523,1029.800048828125,3.8320000171661377,78.95999908447266,3783.219970703125,32875.7109375,104.45999908447266,1.0637166500091553,3.88700008392334,3.9790000915527344
2022-12-29,1819.5,24.077999114990234,1049.699951171875,3.821000099182129,78.4000015258789,3849.280029296875,33220.80078125,103.83999633789062,1.062925100326538,3.8350000381469727,3.9549999237060547
2022-12-30,1819.699951171875,23.86199951171875,1073.699951171875,3.805500030517578,80.26000213623047,3839.5,33147.25,103.5199966430664,1.066075325012207,3.878999948501587,4.0
2023-01-03,1839.699951171875,24.05900001525879,1082.0,3.7660000324249268,76.93000030517578,3824.139892578125,33136.37109375,104.5199966430664,1.0677714347839355,3.7929999828338623,3.944999933242798
2023-01-04,1852.800048828125,23.79199981689453,1080.699951171875,3.739500045776367,72.83999633789062,3852.969970703125,33269.76953125,104.25,1.0546854734420776,3.7090001106262207,3.875
2023-01-05,1834.800048828125,23.257999420166016,1059.0999755859375,3.818000078201294,73.66999816894531,3808.10009765625,32930.078125,105.04000091552734,1.0606365203857422,3.7200000286102295,3.9100000858306885
2023-01-06,1864.199951171875,23.82200050354004,1092.5999755859375,3.9084999561309814,73.7699966430664,3895.080078125,33630.609375,103.87999725341797,1.0522217750549316,3.569000005722046,3.7119998931884766
2023-01-09,1872.699951171875,23.711999893188477,1086.300048828125,4.018499851226807,74.62999725341797,3892.090087890625,33517.6484375,103.0,1.0656323432922363,3.5169999599456787,3.6510000228881836
2023-01-10,1871.5999755859375,23.506999969482422,1076.5999755859375,4.066999912261963,75.12000274658203,3919.25,33704.1015625,103.23999786376953,1.073318362236023,3.621000051498413,3.7339999675750732
2023-01-11,1874.5999755859375,23.32699966430664,1073.800048828125,4.1545000076293945,77.41000366210938,3969.610107421875,33973.01171875,103.19000244140625,1.0738946199417114,3.553999900817871,3.6700000762939453
2023-01-12,1895.5,23.863000869750977,1074.5999755859375,4.185999870300293,78.38999938964844,3983.169921875,34189.96875,102.25,1.0766000747680664,3.4489998817443848,3.5460000038146973
2023-01-13,1918.4000244140625,24.231000900268555,1063.699951171875,4.207499980926514,79.86000061035156,3999.090087890625,34302.609375,102.19999694824219,1.0860239267349243,3.510999917984009,3.614000082015991
2023-01-17,1907.199951171875,23.944000244140625,1037.5,4.215000152587891,80.18000030517578,3990.969970703125,33910.8515625,102.38999938964844,1.0830129384994507,3.5350000858306885,3.6070001125335693
2023-01-18,1904.4000244140625,23.530000686645508,1034.5,4.228499889373779,79.4800033569336,3928.860107421875,33296.9609375,102.36000061035156,1.0793308019638062,3.375,3.433000087738037
2023-01-19,1922.0999755859375,23.753999710083008,1032.0,4.226500034332275,80.33000183105469,3898.85009765625,33044.55859375,102.05999755859375,1.0797853469848633,3.3970000743865967,3.484999895095825
2023-01-20,1926.4000244140625,23.829999923706055,1038.0999755859375,4.248499870300293,81.30999755859375,3972.610107421875,33375.48828125,102.01000213623047,1.083388328552246,3.4839999675750732,3.566999912261963
2023-01-23,1927.0999755859375,23.45199966430664,1046.699951171875,4.254000186920166,81.62000274658203,4019.81005859375,33629.55859375,102.13999938964844,1.086507797241211,3.5250000953674316,3.625
2023-01-24,1933.9000244140625,23.64900016784668,1057.699951171875,4.245500087738037,80.12999725341797,4016.949951171875,33733.9609375,101.91999816894531,1.0874292850494385,3.4690001010894775,3.5840001106262207
2023-01-25,1941.199951171875,23.839000701904297,1037.0,4.239999771118164,80.1500015258789,4016.219970703125,33743.83984375,101.63999938964844,1.088814616203308,3.4619998931884766,3.561000108718872
2023-01-26,1929.0999755859375,23.93000030517578,1013.5999755859375,4.267000198364258,81.01000213623047,4060.429931640625,33949.41015625,101.83999633789062,1.0922038555145264,3.493000030517578,3.5880000591278076
2023-01-27,1928.5999755859375,23.527000427246094,1007.4000244140625,4.223999977111816,79.68000030517578,4070.56005859375,33978.078125,101.93000030517578,1.0894432067871094,3.5179998874664307,3.621000051498413
2023-01-30,1922.9000244140625,23.645000457763672,1011.4000244140625,4.203499794006348,77.9000015258789,4017.77001953125,33717.08984375,102.27999877929688,1.0871455669403076,3.5510001182556152,3.683000087738037
2023-01-31,1929.5,23.74799919128418,1012.0,4.228499889373779,78.87000274658203,4076.60009765625,34086.0390625,102.0999984741211,1.0850694179534912,3.5290000438690186,3.638000011444092
2023-02-01,1927.800048828125,23.520999908447266,992.5999755859375,4.111000061035156,76.41000366210938,4119.2099609375,34092.9609375,101.22000122070312,1.0860947370529175,3.3970000743865967,3.494999885559082
2023-02-02,1916.300048828125,23.534000396728516,1023.5,4.093999862670898,75.87999725341797,4179.759765625,34053.94140625,101.75,1.1012852191925049,3.3959999084472656,3.4830000400543213
2023-02-03,1862.9000244140625,22.333999633789062,971.7999877929688,4.063000202178955,73.38999938964844,4136.47998046875,33926.01171875,102.91999816894531,1.0905125141143799,3.5320000648498535,3.6659998893737793
2023-02-06,1866.199951171875,22.177000045776367,966.0999755859375,4.043499946594238,74.11000061035156,4111.080078125,33891.01953125,103.62000274658203,1.079086184501648,3.634000062942505,3.813999891281128
2023-02-07,1871.699951171875,22.117000579833984,977.7000122070312,4.088500022888184,77.13999938964844,4164.0,34156.69140625,103.43000030517578,1.0730764865875244,3.6740000247955322,3.8440001010894775
2023-02-08,1877.4000244140625,22.367000579833984,978.7000122070312,4.043499946594238,78.47000122070312,4117.85986328125,33949.01171875,103.41000366210938,1.0729728937149048,3.6530001163482666,3.818000078201294
2023-02-09,1866.199951171875,22.097000122070312,957.9000244140625,4.105500221252441,78.05999755859375,4081.5,33699.87890625,103.22000122070312,1.0715816020965576,3.683000087738037,3.881999969482422
2023-02-10,1862.800048828125,22.034000396728516,945.5999755859375,4.027500152587891,79.72000122070312,4090.4599609375,33869.26953125,103.62999725341797,1.0742292404174805,3.74399995803833,3.9240000247955322
2023-02-13,1851.9000244140625,21.81800079345703,953.2999877929688,4.086999893188477,80.13999938964844,4137.2900390625,34245.9296875,103.3499984741211,1.0677714347839355,3.7170000076293945,3.9260001182556152
2023-02-14,1854.0,21.841999053955078,933.0999755859375,4.110000133514404,79.05999755859375,4136.1298828125,34089.26953125,103.2300033569336,1.0730419158935547,3.760999917984009,4.002999782562256
2023-02-15,1834.199951171875,21.54599952697754,911.7000122070312,4.052000045776367,78.58999633789062,4147.60009765625,34128.05078125,103.91999816894531,1.0735719203948975,3.809000015258789,4.039999961853027
2023-02-16,1842.0,21.68400001525879,925.0999755859375,4.165500164031982,78.48999786376953,4090.409912109375,33696.8515625,103.86000061035156,1.0691757202148438,3.8429999351501465,4.047999858856201
2023-02-17,1840.4000244140625,21.694000244140625,915.5,4.113999843597412,76.33999633789062,4079.090087890625,33826.69140625,103.86000061035156,1.0665756464004517,3.828000068664551,4.035999774932861
2023-02-21,1833.0,21.868999481201172,942.7000122070312,4.234499931335449,76.16000366210938,3997.340087890625,33129.58984375,104.18000030517578,1.068261981010437,3.9549999237060547,4.175000190734863
2023-02-22,1832.0,21.660999298095703,947.4000244140625,4.202499866485596,73.94999694824219,3991.050048828125,33045.08984375,104.58999633789062,1.065200924873352,3.9230000972747803,4.151000022888184
2023-02-23,1818.0,21.298999786376953,939.5999755859375,4.072999954223633,75.38999938964844,4012.320068359375,33153.91015625,104.5999984741211,1.0605803728103638,3.878999948501587,4.105000019073486
2023-02-24,1808.800048828125,20.805999755859375,902.0,3.9549999237060547,76.31999969482422,3970.0400390625,32816.921875,105.20999908447266,1.0598047971725464,3.9489998817443848,4.210000038146973
2023-02-27,1817.0,20.670000076293945,941.5999755859375,4.008999824523926,75.68000030517578,3982.239990234375,32889.08984375,104.66999816894531,1.0554758310317993,3.921999931335449,4.172999858856201
2023-02-28,1828.9000244140625,20.961000442504883,955.2000122070312,4.097499847412109,77.05000305175781,3970.14990234375,32656.69921875,104.87000274658203,1.0611205101013184,3.9159998893737793,4.168000221252441
2023-03-01,1837.699951171875,20.958999633789062,961.5,4.168000221252441,77.69000244140625,3951.389892578125,32661.83984375,104.4800033569336,1.0577309131622314,3.99399995803833,4.263000011444092
2023-03-02,1833.5,20.766000747680664,962.9000244140625,4.084000110626221,78.16000366210938,3981.35009765625,33003.5703125,105.02999877929688,1.066894292831421,4.072999954223633,4.324999809265137
2023-03-03,1847.699951171875,21.093000411987305,977.2000122070312,4.078000068664551,79.68000030517578,4045.639892578125,33390.96875,104.5199966430664,1.0599732398986816,3.9639999866485596,4.252999782562256
2023-03-06,1847.9000244140625,20.983999252319336,976.0999755859375,4.100500106811523,80.45999908447266,4048.419921875,33431.44140625,104.3499984741211,1.0626201629638672,3.9830000400543213,4.270999908447266
2023-03-07,1813.9000244140625,20.054000854492188,933.4000244140625,3.9865000247955322,77.58000183105469,3986.3701171875,32856.4609375,105.62000274658203,1.0688328742980957,3.9749999046325684,4.315000057220459
2023-03-08,1812.699951171875,20.0049991607666,938.0999755859375,4.041500091552734,76.66000366210938,3992.010009765625,32798.3984375,105.66000366210938,1.05507493019104,3.9760000705718994,4.335999965667725
2023-03-09,1829.300048828125,20.024999618530273,946.7999877929688,4.054500102996826,75.72000122070312,3918.320068359375,32254.859375,105.30999755859375,1.0549525022506714,3.924999952316284,4.2210001945495605
2023-03-10,1862.0,20.375,959.7000122070312,4.045499801635742,76.68000030517578,3861.590087890625,31909.640625,104.58000183105469,1.0584698915481567,3.694999933242798,3.9539999961853027
2023-03-13,1911.699951171875,21.792999267578125,1002.5,4.069499969482422,74.80000305175781,3855.760009765625,31819.140625,103.5999984741211,1.0683646202087402,3.515000104904175,3.6659998893737793
2023-03-14,1906.199951171875,21.929000854492188,994.9000244140625,4.010499954223633,71.33000183105469,3919.2900390625,32155.400390625,103.5999984741211,1.0725010633468628,3.638000011444092,3.7980000972747803
2023-03-15,1926.5999755859375,21.77400016784668,967.9000244140625,3.8564999103546143,67.61000061035156,3891.929931640625,31874.5703125,104.6500015258789,1.0727657079696655,3.492000102996826,3.578000068664551
2023-03-16,1919.0,21.58799934387207,974.7000122070312,3.885499954223633,68.3499984741211,3960.280029296875,32246.55078125,104.41999816894531,1.0583354234695435,3.5850000381469727,3.742000102996826
2023-03-17,1969.800048828125,22.35099983215332,976.7000122070312,3.9135000705718994,66.73999786376953,3916.639892578125,31861.98046875,103.70999908447266,1.0614134073257446,3.3949999809265137,3.4660000801086426
2023-03-20,1979.199951171875,22.533000946044922,994.9000244140625,3.9755001068115234,67.63999938964844,3951.570068359375,32244.580078125,103.27999877929688,1.0678855180740356,3.4809999465942383,3.575000047683716
2023-03-21,1938.0,22.323999404907227,974.7999877929688,4.018499851226807,69.33000183105469,4002.8701171875,32560.599609375,103.26000213623047,1.071914792060852,3.6059999465942383,3.746000051498413
2023-03-22,1946.800048828125,22.674999237060547,985.0999755859375,4.06850004196167,70.9000015258789,3936.969970703125,32030.109375,102.3499984741211,1.0774236917495728,3.5,3.572999954223633
2023-03-23,1993.800048828125,23.143999099731445,991.0,4.145999908447266,69.95999908447266,3948.719970703125,32105.25,102.52999877929688,1.0870392322540283,3.4059998989105225,3.4170000553131104
2023-03-24,1982.0999755859375,23.246999740600586,982.0,4.101500034332275,69.26000213623047,3970.989990234375,32237.529296875,103.12000274658203,1.0835057497024536,3.380000114440918,3.4089999198913574
2023-03-27,1952.4000244140625,23.054000854492188,975.2000122070312,4.104499816894531,72.80999755859375,3977.530029296875,32432.080078125,102.86000061035156,1.077818512916565,3.5280001163482666,3.5950000286102295
2023-03-28,1972.4000244140625,23.323999404907227,961.5,4.111999988555908,73.19999694824219,3971.27001953125,32394.25,102.43000030517578,1.0807071924209595,3.563999891281128,3.6619999408721924
2023-03-29,1966.0999755859375,23.375999450683594,963.5999755859375,4.114999771118164,72.97000122070312,4027.81005859375,32717.599609375,102.63999938964844,1.0839520692825317,3.565999984741211,3.674999952316284
2023-03-30,1980.300048828125,23.902000427246094,985.2000122070312,4.0904998779296875,74.37000274658203,4050.830078125,32859.03125,102.13999938964844,1.0843634605407715,3.5510001182556152,3.6630001068115234
2023-03-31,1969.0,24.076000213623047,994.0999755859375,4.104499816894531,75.66999816894531,4109.31005859375,33274.1484375,102.51000213623047,1.0904649496078491,3.49399995803833,3.6110000610351562
2023-04-03,1983.9000244140625,23.94099998474121,986.9000244140625,4.059500217437744,80.41999816894531,4124.509765625,33601.1484375,102.08999633789062,1.0803335905075073,3.430000066757202,3.5290000438690186
2023-04-04,2022.199951171875,25.02199935913086,1018.7000122070312,3.9835000038146973,80.70999908447266,4100.60009765625,33402.37890625,101.58999633789062,1.091226577758789,3.3369998931884766,3.388000011444092
2023-04-05,2020.9000244140625,24.96299934387207,997.5,3.997999906539917,80.61000061035156,4090.3798828125,33482.71875,101.8499984741211,1.0960105657577515,3.2869999408721924,3.3440001010894775
2023-04-06,2011.9000244140625,25.024999618530273,1006.9000244140625,4.026000022888184,80.69999694824219,4105.02001953125,33485.2890625,101.81999969482422,1.090334177017212,3.2880001068115234,3.3570001125335693
2023-04-10,1989.0999755859375,24.84600067138672,993.0999755859375,3.9865000247955322,79.73999786376953,4109.10986328125,33586.51953125,102.58000183105469,1.0913575887680054,3.4149999618530273,3.5190000534057617
2023-04-11,2004.800048828125,25.131000518798828,995.5999755859375,4.024499893188477,81.52999877929688,4108.93994140625,33684.7890625,102.19999694824219,1.086932897567749,3.434000015258789,3.549999952316284
2023-04-12,2010.9000244140625,25.40399932861328,1018.0,4.084499835968018,83.26000213623047,4091.949951171875,33646.5,101.5,1.0917507410049438,3.4210000038146973,3.4760000705718994
2023-04-13,2041.300048828125,25.874000549316406,1056.0999755859375,4.124000072479248,82.16000366210938,4146.22021484375,34029.69140625,101.01000213623047,1.0999890565872192,3.4519999027252197,3.506999969482422
2023-04-14,2002.199951171875,25.423999786376953,1044.5999755859375,4.107500076293945,82.5199966430664,4137.64013671875,33886.46875,101.55000305175781,1.1054610013961792,3.5220000743865967,3.6110000610351562
2023-04-17,1994.199951171875,25.05299949645996,1050.4000244140625,4.065999984741211,80.83000183105469,4151.31982421875,33987.1796875,102.0999984741211,1.098659634590149,3.5910000801086426,3.693000078201294
2023-04-18,2007.4000244140625,25.24799919128418,1087.9000244140625,4.0894999504089355,80.86000061035156,4154.8701171875,33976.62890625,101.75,1.0925379991531372,3.572000026702881,3.674999952316284
2023-04-19,1995.199951171875,25.365999221801758,1096.699951171875,4.072000026702881,79.16000366210938,4154.52001953125,33897.01171875,101.97000122070312,1.0975382328033447,3.6019999980926514,3.7219998836517334
2023-04-20,2007.5999755859375,25.368000030517578,1098.699951171875,4.021999835968018,77.29000091552734,4129.7900390625,33786.62109375,101.83999633789062,1.095218300819397,3.5450000762939453,3.640000104904175
2023-04-21,1979.5,25.05299949645996,1129.800048828125,3.9800000190734863,77.87000274658203,4133.52001953125,33808.9609375,101.81999969482422,1.0970927476882935,3.569999933242798,3.6610000133514404
2023-04-24,1989.0999755859375,25.305999755859375,1088.800048828125,3.953000068664551,78.76000213623047,4137.0400390625,33875.3984375,101.3499984741211,1.0992271900177002,3.515000104904175,3.6050000190734863
2023-04-25,1994.0,24.87700080871582,1089.300048828125,3.8459999561309814,77.06999969482422,4071.6298828125,33530.828125,101.86000061035156,1.1059499979019165,3.3959999084472656,3.441999912261963
2023-04-26,1985.699951171875,24.871000289916992,1097.0999755859375,3.8499999046325684,74.30000305175781,4055.989990234375,33301.87109375,101.47000122070312,1.0978394746780396,3.431999921798706,3.4800000190734863
2023-04-27,1989.9000244140625,24.982999801635742,1091.300048828125,3.864500045776367,74.76000213623047,4135.35009765625,33826.16015625,101.5,1.1047282218933105,3.5280001163482666,3.6019999980926514
2023-04-28,1990.0999755859375,24.999000549316406,1088.199951171875,3.869999885559082,76.77999877929688,4169.47998046875,34098.16015625,101.66999816894531,1.1032048463821411,3.4519999027252197,3.5360000133514404
2023-05-01,1983.4000244140625,25.009000778198242,1062.800048828125,3.9170000553131104,75.66000366210938,4167.8701171875,34051.69921875,102.1500015258789,1.1010911464691162,3.5739998817443848,3.632999897003174
2023-05-02,2014.300048828125,25.40399932861328,1076.4000244140625,3.8480000495910645,71.66000366210938,4119.580078125,33684.53125,101.95999908447266,1.0969241857528687,3.438999891281128,3.4660000801086426
2023-05-03,2028.5999755859375,25.47599983215332,1059.9000244140625,3.8315000534057617,68.5999984741211,4090.75,33414.23828125,101.33999633789062,1.1010911464691162,3.4030001163482666,3.4110000133514404
2023-05-04,2048.0,26.03499984741211,1048.4000244140625,3.8499999046325684,68.55999755859375,4061.219970703125,33127.73828125,101.4000015258789,1.1068925857543945,3.3510000705718994,3.2760000228881836
2023-05-05,2017.4000244140625,25.743000030517578,1066.4000244140625,3.871500015258789,71.33999633789062,4136.25,33674.37890625,101.20999908447266,1.102292776107788,3.446000099182129,3.4189999103546143
2023-05-08,2026.300048828125,25.63599967956543,1088.800048828125,3.9179999828338623,73.16000366210938,4138.1201171875,33618.69140625,101.37000274658203,1.10186767578125,3.5209999084472656,3.5
2023-05-09,2036.199951171875,25.697999954223633,1117.0999755859375,3.8889999389648438,73.70999908447266,4119.169921875,33561.80859375,101.63999938964844,1.0996140241622925,3.5209999084472656,3.494999885559082
2023-05-10,2030.5,25.461000442504883,1122.199951171875,3.828000068664551,72.55999755859375,4137.64013671875,33531.328125,101.4800033569336,1.096467137336731,3.438999891281128,3.372999906539917
2023-05-11,2014.699951171875,24.2549991607666,1108.0999755859375,3.697499990463257,70.87000274658203,4130.6201171875,33309.51171875,102.05999755859375,1.098406195640564,3.3970000743865967,3.3589999675750732
2023-05-12,2014.5,23.992000579833984,1070.0999755859375,3.7165000438690186,70.04000091552734,4124.080078125,33300.62109375,102.68000030517578,1.0912145376205444,3.4630000591278076,3.4509999752044678
2023-05-15,2018.0,24.12700080871582,1077.800048828125,3.737499952316284,71.11000061035156,4136.27978515625,33348.6015625,102.43000030517578,1.0852696895599365,3.507999897003174,3.4690001010894775
2023-05-16,1988.4000244140625,23.73699951171875,1070.0,3.6545000076293945,70.86000061035156,4109.89990234375,33012.140625,102.55999755859375,1.0873701572418213,3.5490000247955322,3.5220000743865967
2023-05-17,1980.699951171875,23.75200080871582,1085.699951171875,3.743000030517578,72.83000183105469,4158.77001953125,33420.76953125,102.87999725341797,1.0865668058395386,3.5810000896453857,3.5920000076293945
2023-05-18,1956.5,23.4950008392334,1061.300048828125,3.68149995803833,71.86000061035156,4198.0498046875,33535.91015625,103.58000183105469,1.0838346481323242,3.6480000019073486,3.697999954223633
2023-05-19,1978.699951171875,23.920000076293945,1078.800048828125,3.7225000858306885,71.55000305175781,4191.97998046875,33426.62890625,103.19999694824219,1.0775396823883057,3.691999912261963,3.747999906539917
2023-05-22,1974.800048828125,23.71500015258789,1080.4000244140625,3.6740000247955322,71.98999786376953,4192.6298828125,33286.578125,103.19999694824219,1.0822745561599731,3.7190001010894775,3.7669999599456787
2023-05-23,1972.4000244140625,23.474000930786133,1060.699951171875,3.6414999961853027,72.91000366210938,4145.580078125,33055.51171875,103.48999786376953,1.0811045169830322,3.697999954223633,3.747999906539917
2023-05-24,1962.800048828125,23.114999771118164,1032.5999755859375,3.553499937057495,74.33999633789062,4115.240234375,32799.921875,103.88999938964844,1.076971173286438,3.7190001010894775,3.7820000648498535
2023-05-25,1943.0999755859375,22.785999298095703,1029.4000244140625,3.5804998874664307,71.83000183105469,4151.27978515625,32764.650390625,104.20999908447266,1.0757315158843994,3.813999891281128,3.8959999084472656
2023-05-26,1944.0999755859375,23.239999771118164,1031.199951171875,3.6735000610351562,72.66999816894531,4205.4501953125,33093.33984375,104.20999908447266,1.0724436044692993,3.809999942779541,3.937999963760376
2023-05-30,1958.0,23.125,1030.0,3.6579999923706055,69.45999908447266,4205.52001953125,33042.78125,104.16999816894531,1.0707669258117676,3.700000047683716,3.8259999752044678
2023-05-31,1963.9000244140625,23.474000930786133,1007.0999755859375,3.63100004196167,68.08999633789062,4179.830078125,32908.26953125,104.31999969482422,1.073306918144226,3.63700008392334,3.743000030517578
2023-06-01,1978.0,23.875,1018.2000122070312,3.7065000534057617,70.0999984741211,4221.02001953125,33061.5703125,103.55999755859375,1.0695186853408813,3.6080000400543213,3.7009999752044678
2023-06-02,1952.4000244140625,23.64299964904785,1011.5999755859375,3.7225000858306885,71.73999786376953,4282.3701171875,33762.76171875,104.0199966430664,1.0760787725448608,3.690999984741211,3.8420000076293945
2023-06-05,1958.0,23.534000396728516,1044.5,3.762500047683716,72.1500015258789,4273.7900390625,33562.859375,104.0,1.0698620080947876,3.693000078201294,3.8299999237060547
2023-06-06,1965.5,23.573999404907227,1046.800048828125,3.7669999599456787,71.73999786376953,4283.85009765625,33573.28125,104.12999725341797,1.0711798667907715,3.6989998817443848,3.8559999465942383
2023-06-07,1942.699951171875,23.43899917602539,1032.699951171875,3.754499912261963,72.52999877929688,4267.52001953125,33665.01953125,104.0999984741211,1.0698047876358032,3.7839999198913574,3.9189999103546143
2023-06-08,1963.5999755859375,24.263999938964844,1022.0,3.7964999675750732,71.29000091552734,4293.93017578125,33833.609375,103.33999633789062,1.0707440376281738,3.7139999866485596,3.8559999465942383
2023-06-09,1962.199951171875,24.333999633789062,1020.9000244140625,3.7890000343322754,70.16999816894531,4298.85986328125,33876.78125,103.55999755859375,1.078271746635437,3.744999885559082,3.9200000762939453
2023-06-12,1955.300048828125,23.985000610351562,1003.4000244140625,3.750499963760376,67.12000274658203,4338.93017578125,34066.328125,103.62999725341797,1.0750954151153564,3.765000104904175,3.9170000553131104
2023-06-13,1944.5999755859375,23.756000518798828,990.0,3.8285000324249268,69.41999816894531,4369.009765625,34212.12109375,103.33999633789062,1.0762988328933716,3.8389999866485596,4.020999908447266
2023-06-14,1955.300048828125,24.04400062561035,988.0999755859375,3.865999937057495,68.2699966430664,4372.58984375,33979.328125,103.01000213623047,1.078934907913208,3.7960000038146973,4.008999824523926
2023-06-15,1957.800048828125,23.891000747680664,1000.0,3.8965001106262207,70.62000274658203,4425.83984375,34408.05859375,102.12000274658203,1.084304690361023,3.7279999256134033,3.9240000247955322
2023-06-16,1958.4000244140625,24.076000213623047,995.4000244140625,3.884500026702881,71.77999877929688,4409.58984375,34299.12109375,102.30000305175781,1.0945948362350464,3.7690000534057617,3.992000102996826
2023-06-20,1935.5,23.19300079345703,976.0999755859375,3.878499984741211,70.5,4388.7099609375,34053.87109375,102.54000091552734,1.0924304723739624,3.7290000915527344,3.9600000381469727
2023-06-21,1933.300048828125,22.77400016784668,957.0999755859375,3.9110000133514404,72.52999877929688,4365.68994140625,33951.51953125,102.06999969482422,1.0920368432998657,3.7230000495910645,3.9549999237060547
2023-06-22,1912.699951171875,22.43600082397461,934.5999755859375,3.8884999752044678,69.51000213623047,4381.89013671875,33946.7109375,102.38999938964844,1.0992635488510132,3.7990000247955322,4.046000003814697
2023-06-23,1919.0999755859375,22.327999114990234,931.7999877929688,3.805999994277954,69.16000366210938,4348.330078125,33727.4296875,102.9000015258789,1.0958904027938843,3.739000082015991,3.994999885559082
2023-06-26,1923.699951171875,22.80500030517578,936.7000122070312,3.7864999771118164,69.37000274658203,4328.81982421875,33714.7109375,102.69000244140625,1.0906671285629272,3.7190001010894775,3.9630000591278076
2023-06-27,1914.0,22.93899917602539,936.5999755859375,3.7815001010894775,67.69999694824219,4378.41015625,33926.73828125,102.48999786376953,1.091048002243042,3.7679998874664307,4.033999919891357
2023-06-28,1912.300048828125,22.868000030517578,923.4000244140625,3.7204999923706055,69.55999755859375,4376.85986328125,33852.66015625,102.91000366210938,1.0957223176956177,3.7100000381469727,3.9719998836517334
2023-06-29,1909.199951171875,22.590999603271484,897.7999877929688,3.677500009536743,69.86000061035156,4396.43994140625,34122.421875,103.33999633789062,1.0915838479995728,3.8540000915527344,4.14300012588501
2023-06-30,1921.0999755859375,22.809999465942383,904.5,3.740999937057495,70.63999938964844,4450.3798828125,34407.6015625,102.91000366210938,1.0868029594421387,3.819000005722046,4.132999897003174
2023-07-03,1921.699951171875,22.895999908447266,909.2999877929688,3.7790000438690186,69.79000091552734,4455.58984375,34418.46875,102.98999786376953,1.0907504558563232,3.8580000400543213,4.190999984741211
2023-07-05,1919.5999755859375,23.19700050354004,918.0999755859375,3.753499984741211,71.79000091552734,4446.81982421875,34288.640625,103.37000274658203,1.0884946584701538,3.944999933242798,4.255000114440918
2023-07-06,1908.699951171875,22.68600082397461,904.5,3.7200000286102295,71.80000305175781,4411.58984375,33922.26171875,103.16999816894531,1.0856584310531616,4.040999889373779,4.366000175476074
2023-07-07,1926.199951171875,23.091999053955078,910.0999755859375,3.7669999599456787,73.86000061035156,4398.9501953125,33734.87890625,102.2699966430664,1.0890636444091797,4.050000190734863,4.336999893188477
2023-07-10,1925.0,23.150999069213867,929.2000122070312,3.7715001106262207,72.98999786376953,4409.52978515625,33944.3984375,101.97000122070312,1.0969723463058472,4.00600004196167,4.245999813079834
2023-07-11,1931.300048828125,23.086000442504883,925.5999755859375,3.753499984741211,74.83000183105469,4439.259765625,34261.421875,101.7300033569336,1.100594401359558,3.9800000190734863,4.238999843597412
2023-07-12,1956.199951171875,24.118999481201172,948.9000244140625,3.8420000076293945,75.75,4472.16015625,34347.4296875,100.5199966430664,1.101406455039978,3.8610000610351562,4.070000171661377
2023-07-13,1959.199951171875,24.76799964904785,975.2999877929688,3.929500102996826,76.88999938964844,4510.0400390625,34395.140625,99.7699966430664,1.1144545078277588,3.760999917984009,3.934999942779541
2023-07-14,1960.0999755859375,25.013999938964844,974.0,3.921999931335449,75.41999816894531,4505.419921875,34509.03125,99.91000366210938,1.1223469972610474,3.819000005722046,4.031000137329102
2023-07-17,1952.4000244140625,24.8439998626709,977.7999877929688,3.8320000171661377,74.1500015258789,4522.7900390625,34585.3515625,99.83999633789062,1.1227755546569824,3.796999931335449,4.000999927520752
2023-07-18,1977.199951171875,25.083999633789062,985.2000122070312,3.815999984741211,75.75,4554.97998046875,34951.9296875,99.94000244140625,1.1237596273422241,3.7890000343322754,4.000999927520752
2023-07-19,1977.5,25.2189998626709,975.4000244140625,3.799499988555908,75.3499984741211,4565.72021484375,35061.2109375,100.27999877929688,1.1228890419006348,3.742000102996826,3.9719998836517334
2023-07-20,1968.300048828125,24.80500030517578,954.7000122070312,3.817500114440918,75.62999725341797,4534.8701171875,35225.1796875,100.87999725341797,1.120523452758789,3.8540000915527344,4.099999904632568
2023-07-21,1964.300048828125,24.697999954223633,963.0999755859375,3.802999973297119,77.06999969482422,4536.33984375,35227.69140625,101.06999969482422,1.113709807395935,3.8369998931884766,4.0929999351501465
2023-07-24,1960.300048828125,24.43600082397461,960.5,3.8405001163482666,78.73999786376953,4554.64013671875,35411.23828125,101.3499984741211,1.112532615661621,3.8570001125335693,4.126999855041504
2023-07-25,1962.0999755859375,24.68000030517578,967.7000122070312,3.9019999504089355,79.62999725341797,4567.4599609375,35438.0703125,101.3499984741211,1.1063170433044434,3.9119999408721924,4.192999839782715
2023-07-26,1968.9000244140625,24.825000762939453,964.0,3.890500068664551,78.77999877929688,4566.75,35520.12109375,100.88999938964844,1.1050456762313843,3.8510000705718994,4.083000183105469
2023-07-27,1945.4000244140625,24.236000061035156,937.0,3.8635001182556152,80.08999633789062,4537.41015625,35282.71875,101.7699966430664,1.1078368425369263,4.01200008392334,4.250999927520752
2023-07-28,1960.4000244140625,24.3700008392334,937.5999755859375,3.9170000553131104,80.58000183105469,4582.22998046875,35459.2890625,101.62000274658203,1.0978755950927734,3.9690001010894775,4.195000171661377
2023-07-31,1970.5,24.854000091552734,949.7000122070312,3.994499921798706,81.80000305175781,4588.9599609375,35559.53125,101.86000061035156,1.1024264097213745,3.9590001106262207,4.178999900817871
2023-08-01,1940.699951171875,24.20800018310547,931.4000244140625,3.8935000896453857,81.37000274658203,4576.72998046875,35630.6796875,102.30000305175781,1.0997591018676758,4.051000118255615,4.249000072479248
2023-08-02,1937.4000244140625,23.753999710083008,921.2999877929688,3.827500104904175,79.48999786376953,4513.39013671875,35282.51953125,102.58999633789062,1.1007881164550781,4.078000068664551,4.241000175476074
2023-08-03,1932.0,23.586000442504883,912.7999877929688,3.875999927520752,81.55000305175781,4501.89013671875,35215.890625,102.54000091552734,1.0944151878356934,4.189000129699707,4.301000118255615
2023-08-04,1939.5999755859375,23.617000579833984,919.4000244140625,3.8450000286102295,82.81999969482422,4478.02978515625,35065.62109375,102.0199966430664,1.095158338546753,4.059999942779541,4.163000106811523
2023-08-07,1933.5,23.142000198364258,921.5,3.812999963760376,81.94000244140625,4518.43994140625,35473.12890625,102.05000305175781,1.1002674102783203,4.078000068664551,4.151000022888184
2023-08-08,1924.0999755859375,22.716999053955078,897.9000244140625,3.747999906539917,82.91999816894531,4499.3798828125,35314.48828125,102.52999877929688,1.100315809249878,4.026000022888184,4.11299991607666
2023-08-09,1915.4000244140625,22.649999618530273,886.2000122070312,3.7674999237060547,84.4000015258789,4467.7099609375,35123.359375,102.48999786376953,1.0958904027938843,4.01200008392334,4.127999782562256
2023-08-10,1914.4000244140625,22.746000289916992,908.2000122070312,3.750999927520752,82.81999969482422,4468.830078125,35176.1484375,102.5199966430664,1.0977671146392822,4.079999923706055,4.202000141143799
2023-08-11,1912.9000244140625,22.673999786376953,907.9000244140625,3.7144999504089355,83.19000244140625,4464.0498046875,35281.3984375,102.83999633789062,1.0981649160385132,4.168000221252441,4.308000087738037
2023-08-14,1910.5999755859375,22.643999099731445,900.0999755859375,3.7244999408721924,82.51000213623047,4489.72021484375,35307.62890625,103.19000244140625,1.094439148902893,4.184000015258789,4.355999946594238
2023-08-15,1902.5,22.594999313354492,885.9000244140625,3.6614999771118164,80.98999786376953,4437.85986328125,34946.390625,103.20999908447266,1.0909883975982666,4.2210001945495605,4.380000114440918
2023-08-16,1896.0999755859375,22.479999542236328,885.2999877929688,3.6514999866485596,79.37999725341797,4404.330078125,34765.73828125,103.41999816894531,1.0904173851013184,4.257999897003174,4.4079999923706055
2023-08-17,1884.0999755859375,22.670000076293945,889.5999755859375,3.685499906539917,80.38999938964844,4370.35986328125,34474.828125,103.44000244140625,1.0874884128570557,4.308000087738037,4.439000129699707
2023-08-18,1886.0999755859375,22.69499969482422,909.2000122070312,3.6989998817443848,81.25,4369.7099609375,34500.66015625,103.37999725341797,1.0874648094177246,4.250999927520752,4.381999969482422
2023-08-21,1893.300048828125,23.304000854492188,908.0,3.7119998931884766,80.72000122070312,4399.77001953125,34463.69140625,103.33000183105469,1.087559461593628,4.3420000076293945,4.459000110626221
2023-08-22,1896.4000244140625,23.420000076293945,919.5,3.750499963760376,80.3499984741211,4387.5498046875,34288.828125,103.55999755859375,1.0898351669311523,4.328000068664551,4.479000091552734
2023-08-23,1918.5,24.363000869750977,932.7000122070312,3.803499937057495,78.88999938964844,4436.009765625,34472.98046875,103.36000061035156,1.0846692323684692,4.197999954223633,4.361000061035156
2023-08-24,1918.199951171875,24.211000442504883,939.0999755859375,3.7674999237060547,79.05000305175781,4376.31005859375,34099.421875,103.9800033569336,1.086578607559204,4.235000133514404,4.4039998054504395
2023-08-25,1911.0999755859375,24.219999313354492,944.2999877929688,3.759999990463257,79.83000183105469,4405.7099609375,34346.8984375,104.08000183105469,1.07991361618042,4.238999843597412,4.433000087738037
2023-08-28,1917.9000244140625,24.238000869750977,968.2999877929688,3.753999948501587,80.0999984741211,4433.31005859375,34559.98046875,104.05999755859375,1.0797386169433594,4.211999893188477,4.4120001792907715
2023-08-29,1936.5,24.777000427246094,982.2000122070312,3.7929999828338623,81.16000366210938,4497.6298828125,34852.671875,103.55000305175781,1.0825556516647339,4.122000217437744,4.2769999504089355
2023-08-30,1944.300048828125,24.733999252319336,980.2000122070312,3.7850000858306885,81.62999725341797,4514.8701171875,34890.23828125,103.16000366210938,1.0869210958480835,4.118000030517578,4.2729997634887695
2023-08-31,1938.199951171875,24.472000122070312,971.2999877929688,3.7725000381469727,83.62999725341797,4507.66015625,34721.91015625,103.62000274658203,1.0932546854019165,4.0929999351501465,4.24399995803833
2023-09-01,1939.800048828125,24.23200035095215,965.5999755859375,3.8125,85.55000305175781,4515.77001953125,34837.7109375,104.23999786376953,1.0844104290008545,4.172999858856201,4.290999889373779
2023-09-05,1926.199951171875,23.558000564575195,930.4000244140625,3.811000108718872,86.69000244140625,4496.830078125,34641.96875,104.80999755859375,1.0794472694396973,4.26800012588501,4.383999824523926
2023-09-06,1918.0999755859375,23.20599937438965,912.2000122070312,3.748500108718872,87.54000091552734,4465.47998046875,34443.19140625,104.86000061035156,1.0726161003112793,4.289999961853027,4.438000202178955
2023-09-07,1917.5,22.950000762939453,906.5,3.7260000705718994,86.87000274658203,4451.14013671875,34500.73046875,105.05999755859375,1.0724204778671265,4.260000228881836,4.380000114440918
2023-09-08,1918.4000244140625,22.892000198364258,891.7000122070312,3.680500030517578,87.51000213623047,4457.490234375,34576.58984375,105.08999633789062,1.0697818994522095,4.257999897003174,4.395999908447266
2023-09-11,1923.300048828125,23.10300064086914,899.2000122070312,3.7699999809265137,87.29000091552734,4487.4599609375,34663.71875,104.56999969482422,1.071811318397522,4.288000106811523,4.414000034332275
2023-09-12,1911.300048828125,23.12700080871582,909.7000122070312,3.752000093460083,88.83999633789062,4461.89990234375,34645.98828125,104.70999908447266,1.0750375986099243,4.263999938964844,4.409999847412109
2023-09-13,1909.0999755859375,22.91200065612793,902.0999755859375,3.75600004196167,88.5199966430664,4467.43994140625,34575.53125,104.7699966430664,1.075326681137085,4.249000072479248,4.390999794006348
2023-09-14,1910.0,22.74799919128418,908.0,3.7825000286102295,90.16000366210938,4505.10009765625,34907.109375,105.41000366210938,1.0734220743179321,4.288000106811523,4.419000148773193
2023-09-15,1923.699951171875,23.125999450683594,926.4000244140625,3.7634999752044678,90.7699966430664,4450.31982421875,34618.23828125,105.31999969482422,1.0637166500091553,4.322000026702881,4.453000068664551
2023-09-18,1931.5,23.23200035095215,938.2999877929688,3.741499900817871,91.4800033569336,4453.52978515625,34624.30078125,105.19999694824219,1.0668259859085083,4.318999767303467,4.461999893188477
2023-09-19,1932.0,23.194000244140625,948.4000244140625,3.7139999866485596,91.19999694824219,4443.9501953125,34517.73046875,105.19999694824219,1.0692671537399292,4.364999771118164,4.520999908447266
2023-09-20,1945.5999755859375,23.57900047302246,942.2999877929688,3.746500015258789,90.27999877929688,4402.2001953125,34440.87890625,105.16000366210938,1.0682048797607422,4.348999977111816,4.514999866485596
2023-09-21,1919.199951171875,23.444000244140625,924.5999755859375,3.6665000915527344,89.62999725341797,4330.0,34070.421875,105.36000061035156,1.065303087234497,4.480000019073486,4.616000175476074
2023-09-22,1925.4000244140625,23.59600067138672,934.0999755859375,3.6654999256134033,90.02999877929688,4320.06005859375,33963.83984375,105.58000183105469,1.0661548376083374,4.438000202178955,4.568999767303467
2023-09-25,1916.5999755859375,23.145000457763672,917.5,3.6494998931884766,89.68000030517578,4337.43994140625,34006.87890625,106.0,1.0648492574691772,4.541999816894531,4.619999885559082
2023-09-26,1900.4000244140625,22.950000762939453,906.5,3.625,90.38999938964844,4273.52978515625,33618.87890625,106.2300033569336,1.0591648817062378,4.558000087738037,4.625
2023-09-27,1871.5999755859375,22.476999282836914,886.7999877929688,3.627000093460083,93.68000030517578,4274.509765625,33550.26953125,106.66999816894531,1.0569483041763306,4.625999927520752,4.703000068664551
2023-09-28,1860.4000244140625,22.514999389648438,905.2999877929688,3.694499969482422,91.70999908447266,4299.7001953125,33666.33984375,106.22000122070312,1.0505305528640747,4.5970001220703125,4.64300012588501
2023-09-29,1848.0999755859375,22.236000061035156,906.7999877929688,3.7260000705718994,90.79000091552734,4288.0498046875,33507.5,106.16999816894531,1.0562450885772705,4.572999954223633,4.605999946594238
2023-10-02,1830.0,21.218000411987305,876.9000244140625,3.631999969482422,88.81999969482422,4288.39013671875,33433.3515625,106.9000015258789,1.0565240383148193,4.683000087738037,4.7170000076293945
2023-10-03,1824.5999755859375,21.17799949645996,868.2999877929688,3.615499973297119,89.2300033569336,4229.4501953125,33002.37890625,107.0,1.0480751991271973,4.802000045776367,4.801000118255615
2023-10-04,1818.5,20.95599937438965,864.5,3.5840001106262207,84.22000122070312,4263.75,33129.55078125,106.80000305175781,1.0472300052642822,4.735000133514404,4.718999862670898
2023-10-05,1816.5999755859375,20.847999572753906,852.7999877929688,3.546999931335449,82.30999755859375,4258.18994140625,33119.5703125,106.33000183105469,1.0507071018218994,4.7170000076293945,4.683000087738037
2023-10-06,1830.199951171875,21.540000915527344,871.7000122070312,3.624500036239624,82.79000091552734,4308.5,33407.578125,106.04000091552734,1.0546631813049316,4.783999919891357,4.748000144958496
2023-10-09,1849.5,21.740999221801758,879.2000122070312,3.6424999237060547,86.37999725341797,4335.66015625,33604.6484375,106.08000183105469,1.056747317314148,4.796999931335449,4.755000114440918
2023-10-10,1861.0,21.775999069213867,880.5,3.631999969482422,85.97000122070312,4358.240234375,33739.30078125,105.83000183105469,1.0578875541687012,4.65500020980835,4.61899995803833
2023-10-11,1872.800048828125,21.957000732421875,881.5999755859375,3.614000082015991,83.48999786376953,4376.9501953125,33804.87109375,105.81999969482422,1.0604791641235352,4.59499979019165,4.605000019073486
2023-10-12,1869.300048828125,21.79199981689453,867.0,3.5940001010894775,82.91000366210938,4349.60986328125,33631.140625,106.56999969482422,1.0624282360076904,4.711999893188477,4.701000213623047
2023-10-13,1927.4000244140625,22.726999282836914,875.5,3.5799999237060547,87.69000244140625,4327.77978515625,33670.2890625,106.6500015258789,1.0536741018295288,4.629000186920166,4.644000053405762
2023-10-16,1921.0999755859375,22.610000610351562,890.4000244140625,3.5869998931884766,86.66000366210938,4373.6298828125,33984.5390625,106.23999786376953,1.0521553754806519,4.711999893188477,4.7170000076293945
2023-10-17,1922.699951171875,22.863000869750977,896.9000244140625,3.575500011444092,86.66000366210938,4373.2001953125,33997.6484375,106.25,1.0554312467575073,4.8470001220703125,4.872000217437744
2023-10-18,1955.300048828125,22.944000244140625,884.5999755859375,3.5820000171661377,88.31999969482422,4314.60009765625,33665.078125,106.56999969482422,1.057305932044983,4.9039998054504395,4.925000190734863
2023-10-19,1968.4000244140625,22.886999130249023,889.2999877929688,3.5915000438690186,89.37000274658203,4278.0,33414.171875,106.25,1.053851842880249,4.98799991607666,4.960999965667725
2023-10-20,1982.5,23.35099983215332,896.7000122070312,3.5420000553131104,88.75,4224.16015625,33127.28125,106.16000366210938,1.0586491823196411,4.923999786376953,4.861999988555908
2023-10-23,1976.300048828125,23.07200050354004,896.5999755859375,3.572999954223633,85.48999786376953,4217.0400390625,32936.41015625,105.54000091552734,1.0589966773986816,4.8379998207092285,4.793000221252441
2023-10-24,1975.0,22.979999542236328,884.5999755859375,3.609999895095825,83.73999786376953,4247.68017578125,33141.37890625,106.2699966430664,1.0669853687286377,4.840000152587891,4.823999881744385
2023-10-25,1984.0999755859375,22.87700080871582,904.7999877929688,3.572000026702881,85.38999938964844,4186.77001953125,33035.9296875,106.52999877929688,1.059535264968872,4.953000068664551,4.918000221252441
2023-10-26,1987.199951171875,22.78700065612793,900.0999755859375,3.56850004196167,83.20999908447266,4137.22998046875,32784.30078125,106.5999984741211,1.056725025177002,4.84499979019165,4.796999931335449
2023-10-27,1988.5999755859375,22.770000457763672,897.2000122070312,3.634000062942505,85.54000091552734,4117.3701171875,32417.58984375,106.55999755859375,1.0564459562301636,4.84499979019165,4.769999980926514
2023-10-30,1996.199951171875,23.281999588012695,931.7999877929688,3.6494998931884766,82.30999755859375,4166.81982421875,32928.9609375,106.12000274658203,1.0562450885772705,4.875,4.803999900817871
2023-10-31,1985.199951171875,22.840999603271484,936.5,3.6414999961853027,81.0199966430664,4193.7998046875,33052.87109375,106.66000366210938,1.061503529548645,4.875,4.815999984741211
2023-11-01,1978.800048828125,22.684999465942383,922.5999755859375,3.6449999809265137,80.44000244140625,4237.85986328125,33274.578125,106.87999725341797,1.0579099655151367,4.789000034332275,4.704999923706055
2023-11-02,1985.5999755859375,22.750999450683594,922.5,3.6670000553131104,82.45999908447266,4317.77978515625,33839.078125,106.12000274658203,1.05870521068573,4.669000148773193,4.636000156402588
2023-11-03,1991.5,23.201000213623047,936.5999755859375,3.674499988555908,80.51000213623047,4358.33984375,34061.3203125,105.0199966430664,1.0619093179702759,4.558000087738037,4.48799991607666
2023-11-06,1981.5999755859375,23.14900016784668,910.2000122070312,3.7095000743865967,80.81999969482422,4365.97998046875,34095.859375,105.22000122070312,1.0732147693634033,4.6620001792907715,4.609000205993652
2023-11-07,1966.800048828125,22.507999420166016,891.5,3.6700000762939453,77.37000274658203,4378.3798828125,34152.6015625,105.54000091552734,1.0721560716629028,4.571000099182129,4.538000106811523
2023-11-08,1951.5,22.64699935913086,865.4000244140625,3.628000020980835,75.33000183105469,4382.77978515625,34112.26953125,105.58999633789062,1.0696102380752563,4.5229997634887695,4.521999835968018
2023-11-09,1964.199951171875,22.83099937438965,856.5999755859375,3.634999990463257,75.73999786376953,4347.35009765625,33891.94140625,105.91000366210938,1.0710422992706299,4.630000114440918,4.639999866485596
2023-11-10,1932.5999755859375,22.21500015258789,838.5999755859375,3.5834999084472656,77.16999816894531,4415.240234375,34283.1015625,105.86000061035156,1.0667576789855957,4.627999782562256,4.665999889373779
2023-11-13,1945.5,22.298999786376953,857.0,3.6624999046325684,78.26000213623047,4411.5498046875,34337.87109375,105.66000366210938,1.069015622138977,4.631999969482422,4.663000106811523
2023-11-14,1961.800048828125,23.07900047302246,886.2000122070312,3.682499885559082,78.26000213623047,4495.7001953125,34827.69921875,104.11000061035156,1.0701825618743896,4.440999984741211,4.421000003814697
2023-11-15,1960.0999755859375,23.485000610351562,895.2999877929688,3.7174999713897705,76.66000366210938,4502.8798828125,34991.2109375,104.38999938964844,1.0878314971923828,4.534999847412109,4.526000022888184
2023-11-16,1983.9000244140625,23.892000198364258,897.0999755859375,3.7044999599456787,72.9000015258789,4508.240234375,34945.46875,104.37000274658203,1.0854581594467163,4.445000171661377,4.427999973297119
2023-11-17,1981.5999755859375,23.80900001525879,894.7000122070312,3.737499952316284,75.88999938964844,4514.02001953125,34947.28125,103.81999969482422,1.0853756666183472,4.440999984741211,4.454999923706055
2023-11-20,1977.699951171875,23.57900047302246,921.5,3.8125,77.5999984741211,4547.3798828125,35151.0390625,103.47000122070312,1.090702772140503,4.421999931335449,4.440999984741211
2023-11-21,1999.300048828125,23.843000411987305,940.0,3.814500093460083,77.7699966430664,4538.18994140625,35088.2890625,103.58999633789062,1.0945948362350464,4.418000221252441,4.419000148773193
2023-11-22,1991.4000244140625,23.672000885009766,924.5999755859375,3.7664999961853027,77.0999984741211,4556.6201171875,35273.03125,103.91999816894531,1.0918222665786743,4.415999889373779,4.440000057220459
2023-11-24,2002.199951171875,24.32900047302246,931.0999755859375,3.7964999675750732,75.54000091552734,4559.33984375,35390.1484375,103.4000015258789,1.0906314849853516,4.4720001220703125,4.492000102996826
2023-11-27,2011.800048828125,24.672000885009766,917.0999755859375,3.762500047683716,74.86000061035156,4550.43017578125,35333.46875,103.19999694824219,1.0940439701080322,4.388999938964844,4.413000106811523
2023-11-28,2039.699951171875,24.93000030517578,944.0999755859375,3.8010001182556152,76.41000366210938,4554.89013671875,35416.98046875,102.75,1.0958423614501953,4.335999965667725,4.285999774932861
2023-11-29,2047.0999755859375,25.07200050354004,936.4000244140625,3.7860000133514404,77.86000061035156,4550.580078125,35430.421875,102.7699966430664,1.100594401359558,4.270999908447266,4.218999862670898
2023-11-30,2038.0999755859375,25.292999267578125,931.2000122070312,3.8289999961853027,75.95999908447266,4567.7998046875,35950.890625,103.5,1.0973695516586304,4.3520002365112305,4.297999858856201
2023-12-01,2071.0,25.499000549316406,932.0,3.9089999198913574,74.06999969482422,4594.6298828125,36245.5,103.2699966430664,1.0892059803009033,4.22599983215332,4.156000137329102
2023-12-04,2024.0999755859375,24.55500030517578,921.0999755859375,3.820499897003174,73.04000091552734,4569.77978515625,36204.44140625,103.63999938964844,1.088814616203308,4.288000106811523,4.23799991607666
2023-12-05,2018.5,24.201000213623047,902.5999755859375,3.7725000381469727,72.31999969482422,4567.18017578125,36124.55859375,104.05000305175781,1.0837758779525757,4.171000003814697,4.13700008392334
2023-12-06,2030.5,23.888999938964844,889.7000122070312,3.7165000438690186,69.37999725341797,4549.33984375,36054.4296875,104.1500015258789,1.0793657302856445,4.120999813079834,4.120999813079834
2023-12-07,2029.9000244140625,23.73200035095215,908.0999755859375,3.7844998836517334,69.33999633789062,4585.58984375,36117.37890625,103.54000091552734,1.076669692993164,4.129000186920166,4.110000133514404
2023-12-08,1998.300048828125,22.97100067138672,916.2000122070312,3.819999933242798,71.2300033569336,4604.3701171875,36247.87109375,104.01000213623047,1.079214334487915,4.244999885559082,4.255000114440918
2023-12-11,1978.0,22.773000717163086,912.0999755859375,3.7799999713897705,71.31999969482422,4622.43994140625,36404.9296875,104.0999984741211,1.0765769481658936,4.238999843597412,4.250999927520752
2023-12-12,1977.800048828125,22.72800064086914,927.4000244140625,3.7860000133514404,68.61000061035156,4643.7001953125,36577.94140625,103.87000274658203,1.076658010482788,4.205999851226807,4.2270002365112305
2023-12-13,1982.300048828125,22.638999938964844,918.5,3.7860000133514404,69.47000122070312,4707.08984375,37090.23828125,102.87000274658203,1.0798670053482056,4.0329999923706055,4.002999782562256
2023-12-14,2030.199951171875,24.09600067138672,965.0999755859375,3.8884999752044678,71.58000183105469,4719.5498046875,37248.3515625,101.95999908447266,1.0886130332946777,3.930000066757202,3.9100000858306885
2023-12-15,2021.0999755859375,23.8700008392334,949.7999877929688,3.884999990463257,71.43000030517578,4719.18994140625,37305.16015625,102.55000305175781,1.0993602275848389,3.927999973297119,3.930000066757202
2023-12-18,2026.300048828125,23.83099937438965,951.5,3.8480000495910645,72.47000122070312,4740.56005859375,37306.01953125,102.51000213623047,1.0895264148712158,3.9539999961853027,3.947999954223633
2023-12-19,2038.4000244140625,24.040000915527344,963.0,3.8959999084472656,73.44000244140625,4768.3701171875,37557.921875,102.16999816894531,1.092382788658142,3.921999931335449,3.933000087738037
2023-12-20,2034.5,24.347000122070312,971.2999877929688,3.9014999866485596,74.22000122070312,4698.35009765625,37082.0,102.41000366210938,1.0981045961380005,3.877000093460083,3.874000072479248
2023-12-21,2039.0999755859375,24.30699920654297,967.5999755859375,3.9084999561309814,73.88999938964844,4746.75,37404.3515625,101.83999633789062,1.0945708751678467,3.8940000534057617,3.881999969482422
2023-12-22,2057.10009765625,24.290000915527344,979.5,3.8954999446868896,73.55999755859375,4754.6298828125,37385.96875,101.69999694824219,1.100618600845337,3.9010000228881836,3.878999948501587
2023-12-26,2058.199951171875,24.143999099731445,980.0999755859375,3.8954999446868896,75.56999969482422,4774.75,37545.328125,101.47000122070312,1.1020255088806152,3.885999917984009,3.875
2023-12-27,2081.89990234375,24.375,1000.0999755859375,3.94350004196167,74.11000061035156,4781.580078125,37656.51953125,100.98999786376953,1.1043012142181396,3.7890000343322754,3.7950000762939453
2023-12-28,2073.89990234375,24.134000778198242,1007.4000244140625,3.9130001068115234,71.7699966430664,4783.35009765625,37710.1015625,101.2300033569336,1.110864281654358,3.8499999046325684,3.8469998836517334
2023-12-29,2062.39990234375,23.85300064086914,995.0,3.880500078201294,71.6500015258789,4769.830078125,37689.5390625,101.33000183105469,1.1068191528320312,3.865999937057495,3.8399999141693115
2024-01-02,2064.39990234375,23.732999801635742,985.5,3.86899995803833,70.37999725341797,4742.830078125,37715.0390625,102.19999694824219,1.1038745641708374,3.946000099182129,3.9260001182556152
2024-01-03,2034.199951171875,22.945999145507812,974.4000244140625,3.8475000858306885,72.69999694824219,4704.81005859375,37430.19140625,102.45999908447266,1.0941756963729858,3.9070000648498535,3.8910000324249268
2024-01-04,2042.300048828125,22.98900032043457,953.9000244140625,3.8310000896453857,72.19000244140625,4688.68017578125,37440.33984375,102.41999816894531,1.0927767753601074,3.990999937057495,3.9730000495910645
2024-01-05,2042.4000244140625,23.121999740600586,959.2999877929688,3.7945001125335693,73.80999755859375,4697.240234375,37466.109375,102.41000366210938,1.0947387218475342,4.041999816894531,4.007999897003174
2024-01-08,2026.5999755859375,23.1200008392334,946.7000122070312,3.799499988555908,70.7699966430664,4763.5400390625,37683.01171875,102.20999908447266,1.0942236185073853,4.001999855041504,3.9560000896453857
2024-01-09,2026.4000244140625,22.90399932861328,931.0,3.748500108718872,72.23999786376953,4756.5,37525.16015625,102.56999969482422,1.095170259475708,4.019000053405762,3.9790000915527344
2024-01-10,2021.699951171875,22.884000778198242,918.7999877929688,3.7809998989105225,71.37000274658203,4783.4501953125,37695.73046875,102.36000061035156,1.0932426452636719,4.03000020980835,3.9809999465942383
2024-01-11,2014.300048828125,22.53700065612793,909.0,3.7764999866485596,72.0199966430664,4780.240234375,37711.01953125,102.29000091552734,1.0975141525268555,3.9769999980926514,3.8929998874664307
2024-01-12,2046.699951171875,23.16200065612793,910.0999755859375,3.740000009536743,72.68000030517578,4783.830078125,37592.98046875,102.4000015258789,1.0981649160385132,3.950000047683716,3.8320000171661377
2024-01-16,2026.0,22.933000564575195,895.0999755859375,3.7664999961853027,72.4000015258789,4765.97998046875,37361.12109375,103.36000061035156,1.0945708751678467,4.065999984741211,3.944000005722046
2024-01-17,2002.5999755859375,22.516000747680664,882.7999877929688,3.7325000762939453,72.55999755859375,4739.2099609375,37266.671875,103.44999694824219,1.087878942489624,4.105999946594238,4.025000095367432
2024-01-18,2018.5999755859375,22.66699981689453,903.2999877929688,3.744999885559082,74.08000183105469,4780.93994140625,37468.609375,103.54000091552734,1.0885775089263916,4.144000053405762,4.048999786376953
2024-01-19,2026.5,22.570999145507812,897.2999877929688,3.7869999408721924,73.41000366210938,4839.81005859375,37863.80078125,103.29000091552734,1.0879143476486206,4.145999908447266,4.072000026702881
2024-01-22,2019.800048828125,22.163000106811523,894.4000244140625,3.7639999389648438,75.19000244140625,4850.43017578125,38001.80859375,103.33000183105469,1.089229702949524,4.093999862670898,4.017000198364258
2024-01-23,2023.699951171875,22.333999633789062,896.2000122070312,3.7904999256134033,74.37000274658203,4864.60009765625,37905.44921875,103.62000274658203,1.088020920753479,4.142000198364258,4.051000118255615
2024-01-24,2013.9000244140625,22.7549991607666,905.5999755859375,3.882499933242798,75.08999633789062,4868.5498046875,37806.390625,103.23999786376953,1.0857881307601929,4.177999973297119,4.083000183105469
2024-01-25,2016.9000244140625,22.808000564575195,887.4000244140625,3.865499973297119,77.36000061035156,4894.16015625,38049.12890625,103.56999969482422,1.088174819946289,4.131999969482422,4.017000198364258
2024-01-26,2016.800048828125,22.7549991607666,911.2999877929688,3.8505001068115234,78.01000213623047,4890.97021484375,38109.4296875,103.47000122070312,1.0847046375274658,4.159999847412109,4.060999870300293
2024-01-29,2025.199951171875,23.13800048828125,928.5999755859375,3.872999906539917,76.77999877929688,4927.93017578125,38333.44921875,103.61000061035156,1.0843517780303955,4.091000080108643,3.993000030517578
2024-01-30,2031.5,23.10700035095215,923.2999877929688,3.9065001010894775,77.81999969482422,4924.97021484375,38467.30859375,103.4000015258789,1.0834470987319946,4.059000015258789,3.996999979019165
2024-01-31,2048.39990234375,23.051000595092773,924.4000244140625,3.9024999141693115,75.8499984741211,4845.64990234375,38150.30078125,103.2699966430664,1.08433997631073,3.9670000076293945,3.881999969482422
2024-02-01,2053.0,23.1299991607666,914.0,3.8524999618530273,73.81999969482422,4906.18994140625,38519.83984375,103.05000305175781,1.0803920030593872,3.86299991607666,3.7990000247955322
2024-02-02,2036.0999755859375,22.701000213623047,893.7999877929688,3.821500062942505,72.27999877929688,4958.60986328125,38654.421875,103.91999816894531,1.0874648094177246,4.0329999923706055,3.993000030517578
2024-02-05,2025.699951171875,22.334999084472656,895.9000244140625,3.7720000743865967,72.77999877929688,4942.81005859375,38380.12109375,104.44999694824219,1.0780043601989746,4.164000034332275,4.120999813079834
2024-02-06,2034.5,22.39299964904785,903.2000122070312,3.7825000286102295,73.30999755859375,4954.22998046875,38521.359375,104.18000030517578,1.0741831064224243,4.090000152587891,4.041999816894531
2024-02-07,2035.199951171875,22.277999877929688,879.4000244140625,3.737499952316284,73.86000061035156,4995.06005859375,38677.359375,104.04000091552734,1.075719952583313,4.110000133514404,4.060999870300293
2024-02-08,2032.199951171875,22.565000534057617,886.5999755859375,3.7054998874664307,76.22000122070312,4997.91015625,38726.328125,104.1500015258789,1.077574610710144,4.170000076293945,4.124000072479248
2024-02-09,2023.300048828125,22.527999877929688,871.4000244140625,3.686000108718872,76.83999633789062,5026.60986328125,38671.69140625,104.08000183105469,1.0777255296707153,4.186999797821045,4.151000022888184
2024-02-12,2018.199951171875,22.708999633789062,891.0999755859375,3.7284998893737793,76.91999816894531,5021.83984375,38797.37890625,104.16999816894531,1.0798202753067017,4.171999931335449,4.127999782562256
2024-02-13,1992.9000244140625,22.09600067138672,872.7000122070312,3.7139999866485596,77.87000274658203,4953.169921875,38272.75,104.95999908447266,1.0772264003753662,4.315999984741211,4.317999839782715
2024-02-14,1990.300048828125,22.33099937438965,891.2000122070312,3.700500011444092,76.63999938964844,5000.6201171875,38424.26953125,104.72000122070312,1.0708931684494019,4.267000198364258,4.244999885559082
2024-02-15,2002.0999755859375,22.91200065612793,899.0999755859375,3.756500005722046,78.02999877929688,5029.72998046875,38773.12109375,104.30000305175781,1.0732147693634033,4.239999771118164,4.2170000076293945
2024-02-16,2011.5,23.43899917602539,907.5999755859375,3.8380000591278076,79.19000244140625,5005.56982421875,38627.98828125,104.27999877929688,1.0773887634277344,4.295000076293945,4.288000106811523
2024-02-20,2027.5,23.106000900268555,909.7000122070312,3.866499900817871,78.18000030517578,4975.509765625,38563.80078125,104.08000183105469,1.0775396823883057,4.275000095367432,4.250999927520752
2024-02-21,2022.300048828125,22.85099983215332,885.0,3.874500036239624,77.91000366210938,4981.7998046875,38612.23828125,104.01000213623047,1.0813149213790894,4.324999809265137,4.302999973297119
2024-02-22,2019.699951171875,22.764999389648438,901.7000122070312,3.8975000381469727,78.61000061035156,5087.02978515625,39069.109375,103.95999908447266,1.0820403099060059,4.327000141143799,4.330999851226807
2024-02-23,2038.5999755859375,22.9689998626709,906.0,3.881999969482422,76.48999786376953,5088.7998046875,39131.53125,103.94000244140625,1.0825674533843994,4.260000228881836,4.284999847412109
2024-02-26,2028.5,22.517000198364258,876.7999877929688,3.8239998817443848,77.58000183105469,5069.52978515625,39069.23046875,103.83000183105469,1.0820051431655884,4.298999786376953,4.327000141143799
2024-02-27,2034.0,22.523000717163086,892.7999877929688,3.8310000896453857,78.87000274658203,5078.18017578125,38972.41015625,103.83000183105469,1.0850930213928223,4.315000057220459,4.322000026702881
2024-02-28,2033.0,22.40999984741211,880.7000122070312,3.827500104904175,78.54000091552734,5069.759765625,38949.01953125,103.9800033569336,1.084481120109558,4.27400016784668,4.2729997634887695
2024-02-29,2045.699951171875,22.666000366210938,879.9000244140625,3.8345000743865967,78.26000213623047,5096.27001953125,38996.390625,104.16000366210938,1.0838816165924072,4.251999855041504,4.26200008392334
2024-03-01,2086.89990234375,23.149999618530273,884.2000122070312,3.8550000190734863,79.97000122070312,5137.080078125,39087.37890625,103.86000061035156,1.0804970264434814,4.179999828338623,4.158999919891357
2024-03-04,2117.699951171875,23.77899932861328,900.5,3.8519999980926514,78.73999786376953,5130.9501953125,38989.828125,103.83000183105469,1.084269404411316,4.218999862670898,4.210000038146973
2024-03-05,2133.5,23.76300048828125,883.2999877929688,3.8440001010894775,78.1500015258789,5078.64990234375,38585.19140625,103.80000305175781,1.0855170488357544,4.13700008392334,4.138000011444092
2024-03-06,2150.300048828125,24.27199935913086,910.7000122070312,3.870500087738037,79.12999725341797,5104.759765625,38661.05078125,103.37000274658203,1.0855995416641235,4.104000091552734,4.117000102996826
2024-03-07,2158.0,24.3700008392334,920.0999755859375,3.9195001125335693,78.93000030517578,5157.35986328125,38791.3515625,102.81999969482422,1.089953899383545,4.0920000076293945,4.084000110626221
2024-03-08,2178.60009765625,24.339000701904297,912.0,3.884999990463257,78.01000213623047,5123.68994140625,38722.69140625,102.73999786376953,1.0950144529342651,4.089000225067139,4.061999797821045
2024-03-11,2182.5,24.511999130249023,937.7000122070312,3.922499895095825,77.93000030517578,5117.93994140625,38769.66015625,102.87000274658203,1.0942955017089844,4.104000091552734,4.0879998207092285
2024-03-12,2160.39990234375,24.194000244140625,925.4000244140625,3.924999952316284,77.55999755859375,5175.27001953125,39005.48828125,102.95999908447266,1.093135118484497,4.15500020980835,4.15500020980835
2024-03-13,2175.39990234375,24.958999633789062,942.2999877929688,4.052499771118164,79.72000122070312,5165.31005859375,39043.3203125,102.79000091552734,1.0927767753601074,4.191999912261963,4.185999870300293
2024-03-14,2163.0,24.874000549316406,933.4000244140625,4.0370001792907715,81.26000213623047,5150.47998046875,38905.66015625,103.36000061035156,1.0955302715301514,4.297999858856201,4.296000003814697
2024-03-15,2157.300048828125,25.200000762939453,941.2000122070312,4.112500190734863,81.04000091552734,5117.08984375,38714.76953125,103.43000030517578,1.0883406400680542,4.303999900817871,4.322000026702881
2024-03-18,2160.699951171875,25.090999603271484,918.5,4.114500045776367,82.72000122070312,5149.419921875,38790.4296875,103.58000183105469,1.0882576704025269,4.340000152587891,4.355999946594238
2024-03-19,2156.300048828125,24.964000701904297,898.9000244140625,4.058499813079834,83.47000122070312,5178.509765625,39110.76171875,103.80999755859375,1.087393879890442,4.296999931335449,4.302999973297119
2024-03-20,2157.89990234375,24.933000564575195,897.0999755859375,4.03849983215332,81.68000030517578,5224.6201171875,39512.12890625,103.41000366210938,1.0863306522369385,4.2729997634887695,4.242000102996826
2024-03-21,2182.39990234375,24.849000930786133,910.7000122070312,4.046500205993652,81.06999969482422,5241.52978515625,39781.37109375,104.0,1.0937210321426392,4.270999908447266,4.252999782562256
2024-03-22,2158.10009765625,24.691999435424805,896.0999755859375,3.996000051498413,80.62999725341797,5234.18017578125,39475.8984375,104.43000030517578,1.0862362384796143,4.2179999351501465,4.199999809265137
2024-03-25,2174.800048828125,24.7450008392334,906.7000122070312,4.006999969482422,81.94999694824219,5218.18994140625,39313.640625,104.2300033569336,1.0807539224624634,4.252999782562256,4.232999801635742
2024-03-26,2175.60009765625,24.482999801635742,908.5999755859375,3.996000051498413,81.62000274658203,5203.580078125,39282.328125,104.29000091552734,1.0838228464126587,4.234000205993652,4.224999904632568
2024-03-27,2190.60009765625,24.625,895.9000244140625,3.992500066757202,81.3499984741211,5248.490234375,39760.078125,104.3499984741211,1.0832358598709106,4.196000099182129,4.188000202178955
2024-03-28,2217.39990234375,24.797000885009766,907.7000122070312,4.003499984741211,83.16999816894531,5254.35009765625,39807.37109375,104.55000305175781,1.0813382863998413,4.205999851226807,4.21999979019165
2024-04-01,2236.5,24.95400047302246,900.9000244140625,4.046000003814697,83.70999908447266,5243.77001953125,39566.8515625,105.0199966430664,1.0792726278305054,4.328999996185303,4.3379998207092285
2024-04-02,2261.0,25.804000854492188,922.2000122070312,4.070000171661377,85.1500015258789,5205.81005859375,39170.23828125,104.81999969482422,1.0737217664718628,4.364999771118164,4.354000091552734
2024-04-03,2294.39990234375,26.94499969482422,934.0,4.192999839782715,85.43000030517578,5211.490234375,39127.140625,104.25,1.076855182647705,4.355000019073486,4.3379998207092285
2024-04-04,2288.800048828125,27.139999389648438,939.7999877929688,4.246500015258789,86.58999633789062,5147.2099609375,38596.98046875,104.12000274658203,1.0838346481323242,4.309000015258789,4.291999816894531
2024-04-05,2325.699951171875,27.399999618530273,928.5,4.239500045776367,86.91000366210938,5204.33984375,38904.0390625,104.30000305175781,1.0837054252624512,4.377999782562256,4.368000030517578
2024-04-08,2331.699951171875,27.711999893188477,961.9000244140625,4.2769999504089355,86.43000030517578,5202.39013671875,38892.80078125,104.13999938964844,1.0830481052398682,4.423999786376953,4.434000015258789
2024-04-09,2343.5,27.891000747680664,972.4000244140625,4.285999774932861,85.2300033569336,5209.91015625,38883.671875,104.1500015258789,1.0863661766052246,4.366000175476074,4.376999855041504
2024-04-10,2329.60009765625,27.961000442504883,964.5999755859375,4.2820000648498535,86.20999908447266,5160.64013671875,38461.51171875,105.25,1.0859296321868896,4.559999942779541,4.614999771118164
2024-04-11,2354.800048828125,28.176000595092773,976.0999755859375,4.251999855041504,85.0199966430664,5199.06005859375,38459.078125,105.27999877929688,1.074171543121338,4.576000213623047,4.623000144958496
2024-04-12,2356.199951171875,28.2549991607666,990.5,4.257500171661377,85.66000366210938,5123.41015625,37983.23828125,106.04000091552734,1.0726851224899292,4.499000072479248,4.5329999923706055
2024-04-15,2365.800048828125,28.650999069213867,969.7999877929688,4.379000186920166,85.41000366210938,5061.81982421875,37735.109375,106.20999908447266,1.0649627447128296,4.627999782562256,4.644999980926514
2024-04-16,2390.800048828125,28.31800079345703,964.0,4.305500030517578,85.36000061035156,5051.41015625,37798.96875,106.26000213623047,1.0625749826431274,4.658999919891357,4.682000160217285
2024-04-17,2371.699951171875,28.34600067138672,942.7000122070312,4.34250020980835,82.69000244140625,5022.2099609375,37753.30859375,105.94999694824219,1.0621461868286133,4.585000038146973,4.617000102996826
2024-04-18,2382.300048828125,28.32900047302246,945.2999877929688,4.440499782562256,82.7300033569336,5011.1201171875,37775.37890625,106.1500015258789,1.0669398307800293,4.646999835968018,4.685999870300293
2024-04-19,2398.39990234375,28.808000564575195,934.0999755859375,4.501999855041504,83.13999938964844,4967.22998046875,37986.3984375,106.1500015258789,1.0644185543060303,4.614999771118164,4.6570000648498535
2024-04-22,2332.199951171875,27.21299934387207,922.2000122070312,4.500500202178955,82.8499984741211,5010.60009765625,38239.98046875,106.08000183105469,1.065825343132019,4.623000144958496,4.660999774932861
2024-04-23,2327.699951171875,27.33099937438965,913.7000122070312,4.490499973297119,83.36000061035156,5070.5498046875,38503.69140625,105.69000244140625,1.065405249595642,4.5980000495910645,4.622000217437744
2024-04-24,2324.5,27.323999404907227,910.0,4.4670000076293945,82.80999755859375,5071.6298828125,38460.921875,105.86000061035156,1.0704345703125,4.6519999504089355,4.666999816894531
2024-04-25,2329.800048828125,27.341999053955078,913.7000122070312,4.570499897003174,83.56999969482422,5048.419921875,38085.80078125,105.5999984741211,1.0699878931045532,4.705999851226807,4.7170000076293945
2024-04-26,2334.800048828125,27.240999221801758,914.2999877929688,4.568999767303467,83.8499984741211,5099.9599609375,38239.66015625,105.94000244140625,1.072961449623108,4.669000148773193,4.691999912261963
2024-04-29,2345.39990234375,27.37299919128418,954.0999755859375,4.658999919891357,82.62999725341797,5116.169921875,38386.08984375,105.58000183105469,1.0706866979599,4.613999843597412,4.638999938964844
2024-04-30,2291.39990234375,26.391000747680664,941.2000122070312,4.564499855041504,81.93000030517578,5035.68994140625,37815.921875,106.22000122070312,1.0715701580047607,4.685999870300293,4.7230000495910645
2024-05-01,2299.89990234375,26.48900032043457,949.0,4.552499771118164,79.0,5018.39013671875,37903.2890625,105.76000213623047,1.0666552782058716,4.59499979019165,4.613999843597412
2024-05-02,2299.199951171875,26.58300018310547,956.7000122070312,4.49399995803833,78.94999694824219,5064.2001953125,38225.66015625,105.30000305175781,1.0721560716629028,4.571000099182129,4.566999912261963
2024-05-03,2299.0,26.44499969482422,959.5999755859375,4.573500156402588,78.11000061035156,5127.7900390625,38675.6796875,105.02999877929688,1.073306918144226,4.5,4.48199987411499
2024-05-06,2321.60009765625,27.368999481201172,959.2999877929688,4.634500026702881,78.4800033569336,5180.740234375,38852.26953125,105.05000305175781,1.0758124589920044,4.488999843597412,4.482999801635742
2024-05-07,2315.199951171875,27.30299949645996,981.4000244140625,4.625500202178955,78.37999725341797,5187.7001953125,38884.26171875,105.41000366210938,1.0767507553100586,4.4629998207092285,4.4710001945495605
2024-05-08,2313.60009765625,27.361000061035156,978.5999755859375,4.561999797821045,78.98999786376953,5187.669921875,39056.390625,105.55000305175781,1.0750491619110107,4.492000102996826,4.500999927520752
2024-05-09,2332.10009765625,28.131999969482422,984.7000122070312,4.607500076293945,79.26000213623047,5214.080078125,39387.76171875,105.2300033569336,1.0746910572052002,4.448999881744385,4.460000038146973
2024-05-10,2367.300048828125,28.274999618530273,1001.0999755859375,4.69350004196167,78.26000213623047,5222.68017578125,39512.83984375,105.30999755859375,1.078515887260437,4.504000186920166,4.51800012588501
2024-05-13,2336.10009765625,28.22100067138672,1005.2999877929688,4.804500102996826,79.12000274658203,5221.419921875,39431.51171875,105.22000122070312,1.077040672302246,4.480999946594238,4.499000072479248
2024-05-14,2353.39990234375,28.485000610351562,1039.300048828125,4.953499794006348,78.0199966430664,5246.68017578125,39558.109375,105.01000213623047,1.079354166984558,4.445000171661377,4.458000183105469
2024-05-15,2388.699951171875,29.513999938964844,1063.300048828125,4.9695000648498535,78.62999725341797,5308.14990234375,39908.0,104.3499984741211,1.0814552307128906,4.355999946594238,4.355999946594238
2024-05-16,2380.0,29.665000915527344,1065.4000244140625,4.892000198364258,79.2300033569336,5297.10009765625,39869.37890625,104.45999908447266,1.0889805555343628,4.376999855041504,4.39900016784668
2024-05-17,2412.199951171875,31.047000885009766,1084.5999755859375,5.057000160217285,80.05999755859375,5303.27001953125,40003.58984375,104.44999694824219,1.0867793560028076,4.420000076293945,4.440999984741211
2024-05-20,2433.89990234375,32.20500183105469,1059.699951171875,5.087500095367432,79.80000305175781,5308.1298828125,39806.76953125,104.56999969482422,1.0875475406646729,4.436999797821045,4.456999778747559
2024-05-21,2421.699951171875,31.868000030517578,1056.699951171875,5.11899995803833,79.26000213623047,5321.41015625,39872.98828125,104.66000366210938,1.086082935333252,4.414000034332275,4.435999870300293
2024-05-22,2389.199951171875,31.295000076293945,1044.0999755859375,4.867499828338623,77.56999969482422,5307.009765625,39671.0390625,104.94000244140625,1.0855170488357544,4.434000015258789,4.4730000495910645
2024-05-23,2335.0,30.284000396728516,1025.699951171875,4.816500186920166,76.87000274658203,5267.83984375,39065.26171875,105.11000061035156,1.0825204849243164,4.474999904632568,4.526000022888184
2024-05-24,2332.5,30.329999923706055,1034.800048828125,4.778500080108643,77.72000122070312,5304.72021484375,39069.58984375,104.72000122070312,1.0812681913375854,4.4670000076293945,4.5279998779296875
2024-05-28,2355.199951171875,31.97100067138672,1061.699951171875,4.875500202178955,79.83000183105469,5306.0400390625,38852.859375,104.61000061035156,1.0861891508102417,4.541999816894531,4.5879998207092285
2024-05-29,2340.300048828125,32.202999114990234,1042.699951171875,4.805500030517578,79.2300033569336,5266.9501953125,38441.5390625,105.0999984741211,1.0851871967315674,4.624000072479248,4.642000198364258
2024-05-30,2342.89990234375,31.38800048828125,1032.9000244140625,4.671999931335449,77.91000366210938,5235.47998046875,38111.48046875,104.72000122070312,1.0801819562911987,4.553999900817871,4.572000026702881
2024-05-31,2322.89990234375,30.297000885009766,1037.699951171875,4.610000133514404,76.98999786376953,5277.509765625,38686.3203125,104.66999816894531,1.0835410356521606,4.513999938964844,4.5279998779296875
2024-06-03,2346.60009765625,30.641000747680664,1018.5,4.677000045776367,74.22000122070312,5283.39990234375,38571.03125,104.13999938964844,1.0853049755096436,4.4019999504089355,4.416999816894531
2024-06-04,2325.5,29.488000869750977,991.5999755859375,4.547999858856201,73.25,5291.33984375,38711.2890625,104.11000061035156,1.0907385349273682,4.335999965667725,4.3520002365112305
2024-06-05,2354.10009765625,29.947999954223633,996.0,4.619500160217285,74.06999969482422,5354.02978515625,38807.328125,104.2699966430664,1.0881866216659546,4.289000034332275,4.306000232696533
2024-06-06,2370.300048828125,31.246999740600586,1008.2999877929688,4.690999984741211,75.55000305175781,5352.9599609375,38886.171875,104.0999984741211,1.087453007698059,4.281000137329102,4.291999816894531
2024-06-07,2305.199951171875,29.334999084472656,967.7999877929688,4.494500160217285,75.52999877929688,5346.990234375,38798.98828125,104.88999938964844,1.0894432067871094,4.429999828338623,4.455999851226807
2024-06-10,2307.699951171875,29.768999099731445,972.5,4.55649995803833,77.73999786376953,5360.7900390625,38868.0390625,105.1500015258789,1.0778882503509521,4.468999862670898,4.484000205993652
2024-06-11,2307.5,29.132999420166016,955.5999755859375,4.5229997634887695,77.9000015258789,5375.31982421875,38747.421875,105.2300033569336,1.0764262676239014,4.4039998054504395,4.418000221252441
2024-06-12,2336.0,30.176000595092773,968.2000122070312,4.581500053405762,78.5,5421.02978515625,38712.2109375,104.6500015258789,1.0740330219268799,4.295000076293945,4.302000045776367
2024-06-13,2300.199951171875,28.989999771118164,951.2999877929688,4.507500171661377,78.62000274658203,5433.740234375,38647.1015625,105.19999694824219,1.0813149213790894,4.23799991607666,4.234000205993652
2024-06-14,2331.39990234375,29.402000427246094,955.2999877929688,4.551000118255615,78.44999694824219,5431.60009765625,38589.16015625,105.55000305175781,1.0738831758499146,4.2129998207092285,4.22599983215332
2024-06-17,2312.39990234375,29.325000762939453,967.7999877929688,4.521500110626221,80.33000183105469,5473.22998046875,38778.1015625,105.31999969482422,1.0702168941497803,4.2789998054504395,4.300000190734863
2024-06-18,2330.39990234375,29.5049991607666,974.0999755859375,4.561999797821045,81.56999969482422,5487.02978515625,38834.859375,105.26000213623047,1.0740677118301392,4.2170000076293945,4.234000205993652
2024-06-20,2353.800048828125,30.775999069213867,981.5999755859375,4.618000030517578,82.16999816894531,5473.169921875,39134.76171875,105.58999633789062,1.0751532316207886,4.254000186920166,4.265999794006348
2024-06-21,2316.39990234375,29.572999954223633,993.7000122070312,4.49399995803833,80.7300033569336,5464.6201171875,39150.328125,105.80000305175781,1.0706409215927124,4.256999969482422,4.270999908447266
2024-06-24,2330.0,29.48900032043457,999.0999755859375,4.5269999504089355,81.62999725341797,5447.8701171875,39411.2109375,105.47000122070312,1.0687757730484009,4.248000144958496,4.270999908447266
2024-06-25,2316.60009765625,28.836999893188477,983.7000122070312,4.38100004196167,80.83000183105469,5469.2998046875,39112.16015625,105.61000061035156,1.0732723474502563,4.23799991607666,4.263000011444092
2024-06-26,2299.199951171875,28.909000396728516,1020.7000122070312,4.367499828338623,80.9000015258789,5477.89990234375,39127.80078125,106.05000305175781,1.0709619522094727,4.315999984741211,4.335999965667725
2024-06-27,2324.5,28.917999267578125,991.7000122070312,4.328499794006348,81.73999786376953,5482.8701171875,39164.05859375,105.91000366210938,1.068010926246643,4.288000106811523,4.301000118255615
2024-06-28,2327.699951171875,29.23699951171875,1001.9000244140625,4.390500068664551,81.54000091552734,5460.47998046875,39118.859375,105.87000274658203,1.0708472728729248,4.3429999351501465,4.328999996185303
2024-07-01,2327.60009765625,29.299999237060547,978.2999877929688,4.426499843597412,83.37999725341797,5475.08984375,39169.51953125,105.9000015258789,1.0735257863998413,4.479000091552734,4.440000057220459
2024-07-02,2323.0,29.35300064086914,998.2000122070312,4.429500102996826,82.80999755859375,5509.009765625,39331.8515625,105.72000122070312,1.0737102031707764,4.435999870300293,4.395999908447266
2024-07-03,2359.800048828125,30.54800033569336,1002.0,4.540999889373779,83.87999725341797,5537.02001953125,39308.0,105.4000015258789,1.0748412609100342,4.355000019073486,4.322000026702881
2024-07-05,2388.5,31.38800048828125,1035.300048828125,4.6585001945495605,83.16000366210938,5567.18994140625,39375.87109375,104.87999725341797,1.0810693502426147,4.271999835968018,4.2179999351501465
2024-07-08,2355.199951171875,30.618000030517578,1003.7000122070312,4.622000217437744,82.33000183105469,5572.85009765625,39344.7890625,105.01000213623047,1.082602620124817,4.269000053405762,4.224999904632568
2024-07-09,2360.10009765625,30.77199935913086,989.7000122070312,4.578000068664551,81.41000366210938,5576.97998046875,39291.96875,105.12000274658203,1.0830950736999512,4.300000190734863,4.248000144958496
2024-07-10,2372.199951171875,30.726999282836914,997.5,4.607500076293945,82.0999984741211,5633.91015625,39721.359375,105.05000305175781,1.0814785957336426,4.28000020980835,4.238999843597412
2024-07-11,2415.0,31.393999099731445,1005.5,4.508500099182129,82.62000274658203,5584.5400390625,39753.75,104.44000244140625,1.083329677581787,4.192999839782715,4.123000144958496
2024-07-12,2414.0,30.88599967956543,999.0,4.598499774932861,82.20999908447266,5615.35009765625,40000.8984375,104.08999633789062,1.0872756242752075,4.189000129699707,4.111000061035156
2024-07-15,2422.89990234375,30.672000885009766,998.5,4.5289998054504395,81.91000366210938,5631.22021484375,40211.71875,104.19000244140625,1.0885539054870605,4.229000091552734,4.131999969482422
2024-07-16,2462.39990234375,31.19499969482422,1000.0,4.443999767303467,80.76000213623047,5667.2001953125,40954.48046875,104.2699966430664,1.0901559591293335,4.166999816894531,4.090000152587891
2024-07-17,2454.800048828125,30.136999130249023,996.9000244140625,4.39900016784668,82.8499984741211,5588.27001953125,41198.078125,103.75,1.0902509689331055,4.145999908447266,4.072000026702881
2024-07-18,2451.800048828125,29.9950008392334,974.7000122070312,4.265999794006348,82.81999969482422,5544.58984375,40665.01953125,104.16999816894531,1.094020128250122,4.189000129699707,4.105000019073486
2024-07-19,2395.5,29.08799934387207,962.5,4.218999862670898,80.12999725341797,5505.0,40287.53125,104.4000015258789,1.0901559591293335,4.238999843597412,4.163000106811523
2024-07-22,2392.0,29.124000549316406,945.4000244140625,4.180500030517578,79.77999877929688,5564.41015625,40415.44140625,104.30999755859375,1.0899182558059692,4.260000228881836,4.178999900817871
2024-07-23,2404.60009765625,29.131999969482422,945.0,4.145999908447266,76.95999908447266,5555.740234375,40358.08984375,104.44999694824219,1.0889805555343628,4.238999843597412,4.150000095367432
2024-07-24,2413.300048828125,29.115999221801758,958.7999877929688,4.098999977111816,77.58999633789062,5427.1298828125,39853.87109375,104.38999938964844,1.0850694179534912,4.285999774932861,4.160999774932861
2024-07-25,2351.89990234375,27.80699920654297,934.9000244140625,4.112500190734863,78.27999877929688,5399.22021484375,39935.0703125,104.36000061035156,1.0839520692825317,4.25600004196167,4.146999835968018
2024-07-26,2380.0,27.860000610351562,934.0999755859375,4.104499816894531,77.16000366210938,5459.10009765625,40589.33984375,104.31999969482422,1.0851283073425293,4.199999809265137,4.081999778747559
2024-07-29,2377.300048828125,27.702999114990234,949.0,4.061999797821045,75.80999755859375,5463.5400390625,40539.9296875,104.55999755859375,1.0853756666183472,4.177999973297119,4.067999839782715
2024-07-30,2405.0,28.364999771118164,965.0,4.063000202178955,74.7300033569336,5436.43994140625,40743.328125,104.55000305175781,1.081946611404419,4.14300012588501,4.0370001792907715
2024-07-31,2426.5,28.777999877929688,982.2000122070312,4.159999847412109,77.91000366210938,5522.2998046875,40842.7890625,104.0999984741211,1.0816072225570679,4.109000205993652,4.0
2024-08-01,2435.0,28.33099937438965,965.4000244140625,4.066500186920166,76.30999755859375,5446.68017578125,40347.96875,104.41999816894531,1.082391619682312,3.9760000705718994,3.8420000076293945
2024-08-02,2425.699951171875,28.246000289916992,962.7000122070312,4.084000110626221,73.5199966430664,5346.56005859375,39737.26171875,103.20999908447266,1.0787602663040161,3.7920000553131104,3.615000009536743
2024-08-05,2401.699951171875,27.076000213623047,911.0,3.9839999675750732,72.94000244140625,5186.330078125,38703.26953125,102.69000244140625,1.0910836458206177,3.7850000858306885,3.628000020980835
2024-08-06,2389.10009765625,27.09600067138672,915.4000244140625,4.011499881744385,73.19999694824219,5240.02978515625,38997.66015625,102.97000122070312,1.0950982570648193,3.888000011444092,3.7300000190734863
2024-08-07,2390.5,26.829999923706055,924.0999755859375,3.9375,75.2300033569336,5199.5,38763.44921875,103.19999694824219,1.0926215648651123,3.9679999351501465,3.7950000762939453
2024-08-08,2422.199951171875,27.5,934.2999877929688,3.944999933242798,76.19000244140625,5319.31005859375,39446.48828125,103.20999908447266,1.0928125381469727,3.996999979019165,3.8329999446868896
2024-08-09,2432.10009765625,27.48699951171875,927.5999755859375,3.9800000190734863,76.83999633789062,5344.16015625,39497.5390625,103.13999938964844,1.0915720462799072,3.941999912261963,3.7960000038146973
2024-08-12,2462.39990234375,27.91699981689453,945.0999755859375,4.054999828338623,80.05999755859375,5344.39013671875,39357.01171875,103.13999938964844,1.091381311416626,3.9089999198913574,3.749000072479248
2024-08-13,2466.699951171875,27.69499969482422,943.0999755859375,4.035999774932861,78.3499984741211,5434.43017578125,39765.640625,102.55999755859375,1.0936251878738403,3.8519999980926514,3.681999921798706
2024-08-14,2439.39990234375,27.253999710083008,927.5999755859375,4.025000095367432,76.9800033569336,5455.2099609375,40008.390625,102.56999969482422,1.0996986627578735,3.819999933242798,3.6659998893737793
2024-08-15,2453.10009765625,28.341999053955078,960.0,4.138999938964844,78.16000366210938,5543.22021484375,40563.05859375,102.9800033569336,1.1013215780258179,3.9260001182556152,3.7990000247955322
2024-08-16,2498.60009765625,28.777999877929688,957.2999877929688,4.127500057220459,76.6500015258789,5554.25,40659.76171875,102.45999908447266,1.0972732305526733,3.8919999599456787,3.7679998874664307
2024-08-19,2501.800048828125,29.239999771118164,958.9000244140625,4.166500091552734,74.37000274658203,5608.25,40896.53125,101.88999938964844,1.1024993658065796,3.867000102996826,3.759000062942505
2024-08-20,2511.300048828125,29.454999923706055,951.5999755859375,4.149499893188477,74.04000091552734,5597.1201171875,40834.96875,101.44000244140625,1.1086474657058716,3.818000078201294,3.700000047683716
2024-08-21,2508.39990234375,29.47599983215332,968.2000122070312,4.18149995803833,71.93000030517578,5620.85009765625,40890.48828125,101.04000091552734,1.112792730331421,3.7780001163482666,3.6389999389648438
2024-08-22,2478.89990234375,29.006000518798828,948.5999755859375,4.140999794006348,73.01000213623047,5570.64013671875,40712.78125,101.51000213623047,1.115536093711853,3.861999988555908,3.7269999980926514
2024-08-23,2508.39990234375,29.785999298095703,960.4000244140625,4.194499969482422,74.83000183105469,5634.60986328125,41175.078125,100.72000122070312,1.111716389656067,3.806999921798706,3.6500000953674316
2024-08-26,2517.699951171875,29.976999282836914,968.5999755859375,4.21150016784668,77.41999816894531,5616.83984375,41240.51953125,100.8499984741211,1.1187934875488281,3.818000078201294,3.6640000343322754
2024-08-27,2516.0,29.951000213623047,959.0,4.230500221252441,75.52999877929688,5625.7998046875,41250.5,100.55000305175781,1.1164700984954834,3.8329999446868896,3.6570000648498535
2024-08-28,2501.0,29.176000595092773,933.7000122070312,4.144999980926514,74.5199966430664,5592.18017578125,41091.421875,101.08999633789062,1.117793083190918,3.8410000801086426,3.6649999618530273
2024-08-29,2525.699951171875,29.55699920654297,941.4000244140625,4.147500038146973,75.91000366210938,5591.9599609375,41335.05078125,101.33999633789062,1.1124955415725708,3.867000102996826,3.6679999828338623
2024-08-30,2493.800048828125,28.731000900268555,927.7999877929688,4.144999980926514,73.55000305175781,5648.39990234375,41563.078125,101.69999694824219,1.1080454587936401,3.9110000133514404,3.7149999141693115
2024-09-03,2489.89990234375,27.951000213623047,905.2999877929688,4.0320000648498535,70.33999633789062,5528.93017578125,40936.9296875,101.83000183105469,1.1067456007003784,3.8440001010894775,3.6559998989105225
2024-09-04,2493.39990234375,28.16699981689453,903.7999877929688,4.019499778747559,69.19999694824219,5520.06982421875,40974.96875,101.36000061035156,1.1048868894577026,3.7679998874664307,3.565999984741211
2024-09-05,2511.39990234375,28.719999313354492,925.9000244140625,4.077499866485596,69.1500015258789,5503.41015625,40755.75,101.11000061035156,1.1080454587936401,3.7309999465942383,3.5399999618530273
2024-09-06,2493.5,27.808000564575195,914.2999877929688,4.014500141143799,67.66999816894531,5408.419921875,40345.41015625,101.18000030517578,1.1111111640930176,3.7100000381469727,3.489000082015991
2024-09-09,2501.800048828125,28.291000366210938,942.5,4.084499835968018,68.70999908447266,5471.0498046875,40829.58984375,101.55000305175781,1.1087212562561035,3.697000026702881,3.486999988555908
2024-09-10,2512.300048828125,28.256999969482422,939.9000244140625,4.040500164031982,65.75,5495.52001953125,40736.9609375,101.62999725341797,1.1037527322769165,3.6459999084472656,3.427999973297119
2024-09-11,2512.10009765625,28.562999725341797,952.4000244140625,4.083000183105469,67.30999755859375,5554.1298828125,40861.7109375,101.68000030517578,1.1020983457565308,3.6530001163482666,3.447000026702881
2024-09-12,2551.199951171875,29.743000030517578,981.9000244140625,4.132999897003174,68.97000122070312,5595.759765625,41096.76953125,101.37000274658203,1.1010911464691162,3.680000066757202,3.4660000801086426
2024-09-13,2581.300048828125,30.698999404907227,1006.5,4.175000190734863,68.6500015258789,5626.02001953125,41393.78125,101.11000061035156,1.1077877283096313,3.6500000953674316,3.4240000247955322
2024-09-16,2580.39990234375,30.770999908447266,987.9000244140625,4.2129998207092285,70.08999633789062,5633.08984375,41622.078125,100.76000213623047,1.1088441610336304,3.621000051498413,3.4049999713897705
2024-09-17,2564.300048828125,30.618999481201172,982.7999877929688,4.213500022888184,71.19000244140625,5634.580078125,41606.1796875,100.88999938964844,1.1129536628723145,3.6419999599456787,3.433000087738037
2024-09-18,2570.699951171875,30.340999603271484,974.7999877929688,4.23799991607666,70.91000366210938,5618.259765625,41503.1015625,100.5999984741211,1.1123099327087402,3.684999942779541,3.4649999141693115
2024-09-19,2588.0,31.0939998626709,994.0999755859375,4.285999774932861,71.94999694824219,5713.64013671875,42025.19140625,100.61000061035156,1.1114816665649414,3.740000009536743,3.503000020980835
2024-09-20,2619.89990234375,31.176000595092773,981.5999755859375,4.281499862670898,71.91999816894531,5702.5498046875,42063.359375,100.72000122070312,1.1161960363388062,3.7279999256134033,3.4839999675750732
2024-09-23,2626.5,30.767000198364258,961.5,4.289000034332275,70.37000274658203,5718.56982421875,42124.6484375,100.91999816894531,1.1160838603973389,3.739000082015991,3.496000051498413
2024-09-24,2651.199951171875,32.111000061035156,987.4000244140625,4.429500102996826,71.55999755859375,5732.93017578125,42208.21875,100.37000274658203,1.1111727952957153,3.7360000610351562,3.4790000915527344
2024-09-25,2659.199951171875,31.697999954223633,991.4000244140625,4.427999973297119,69.69000244140625,5722.259765625,41914.75,100.91999816894531,1.1191190481185913,3.7809998989105225,3.5179998874664307
2024-09-26,2669.89990234375,32.025001525878906,1011.0999755859375,4.580999851226807,67.66999816894531,5745.3701171875,42175.109375,100.55999755859375,1.1131023168563843,3.7909998893737793,3.559000015258789
2024-09-27,2644.300048828125,31.518999099731445,1008.5,4.540999889373779,68.18000030517578,5738.169921875,42313.0,100.41999816894531,1.117717981338501,3.749000072479248,3.503000020980835
2024-09-30,2636.10009765625,31.163999557495117,979.0,4.495999813079834,68.16999816894531,5762.47998046875,42330.1484375,100.77999877929688,1.1169815063476562,3.802000045776367,3.5769999027252197
2024-10-01,2667.300048828125,31.44499969482422,988.4000244140625,4.5355000495910645,69.83000183105469,5708.75,42156.96875,101.19000244140625,1.113660216331482,3.743000030517578,3.5209999084472656
2024-10-02,2647.10009765625,31.628000259399414,1004.4000244140625,4.5960001945495605,70.0999984741211,5709.5400390625,42196.51953125,101.68000030517578,1.1063904762268066,3.7850000858306885,3.552999973297119
2024-10-03,2657.10009765625,32.18899917602539,993.2000122070312,4.501999855041504,73.70999908447266,5699.93994140625,42011.58984375,101.98999786376953,1.1048502922058105,3.8499999046325684,3.634999990463257
2024-10-04,2645.800048828125,32.12799835205078,989.7999877929688,4.522500038146973,74.37999725341797,5751.06982421875,42352.75,102.5199966430664,1.103557825088501,3.9809999465942383,3.812999963760376
2024-10-07,2644.800048828125,31.7450008392334,977.0,4.519000053405762,77.13999938964844,5695.93994140625,41954.23828125,102.54000091552734,1.0974539518356323,4.026000022888184,3.86899995803833
2024-10-08,2615.0,30.354999542236328,951.7000122070312,4.4120001792907715,73.56999969482422,5751.1298828125,42080.37109375,102.55000305175781,1.0975743532180786,4.0329999923706055,3.864000082015991
2024-10-09,2606.0,30.424999237060547,948.7000122070312,4.355000019073486,73.23999786376953,5792.0400390625,42512.0,102.93000030517578,1.0975743532180786,4.066999912261963,3.9079999923706055
2024-10-10,2620.60009765625,31.0049991607666,967.7000122070312,4.385000228881836,75.8499984741211,5780.0498046875,42454.12109375,102.98999786376953,1.0943313837051392,4.0960001945495605,3.9189999103546143
2024-10-11,2657.60009765625,31.520000457763672,985.0,4.451499938964844,75.55999755859375,5815.02978515625,42863.859375,102.88999938964844,1.0933860540390015,4.072999954223633,3.878999948501587
2024-10-14,2647.800048828125,31.08300018310547,994.9000244140625,4.363500118255615,73.83000183105469,5859.85009765625,43065.21875,103.30000305175781,1.0925379991531372,4.0980000495910645,3.9000000953674316
2024-10-15,2661.39990234375,31.527000427246094,987.7000122070312,4.30049991607666,70.58000183105469,5815.259765625,42740.421875,103.26000213623047,1.0909169912338257,4.038000106811523,3.859999895095825
2024-10-16,2674.0,31.760000228881836,993.7999877929688,4.331500053405762,70.38999938964844,5842.47021484375,43077.69921875,103.58999633789062,1.0884116888046265,4.015999794006348,3.8420000076293945
2024-10-17,2691.0,31.572999954223633,997.0,4.286499977111816,70.66999816894531,5841.47021484375,43239.05078125,103.83000183105469,1.0862481594085693,4.0960001945495605,3.9089999198913574
2024-10-18,2713.699951171875,33.03200149536133,1015.0999755859375,4.3460001945495605,69.22000122070312,5864.669921875,43275.91015625,103.48999786376953,1.0829542875289917,4.072999954223633,3.875999927520752
2024-10-21,2723.10009765625,33.86899948120117,1007.5999755859375,4.322999954223633,70.55999755859375,5853.97998046875,42931.6015625,104.01000213623047,1.0868619680404663,4.182000160217285,3.9760000705718994
2024-10-22,2744.199951171875,34.83100128173828,1033.0,4.3480000495910645,72.08999633789062,5851.2001953125,42924.890625,104.08000183105469,1.0817828178405762,4.203999996185303,4.005000114440918
2024-10-23,2714.39990234375,33.63999938964844,1019.7999877929688,4.304500102996826,70.7699966430664,5797.419921875,42514.94921875,104.43000030517578,1.079727053642273,4.242000102996826,4.057000160217285
2024-10-24,2734.89990234375,33.611000061035156,1024.199951171875,4.319499969482422,70.19000244140625,5809.85986328125,42374.359375,104.05999755859375,1.0780508518218994,4.199999809265137,4.019000053405762
2024-10-25,2740.89990234375,33.60300064086914,1027.199951171875,4.3394999504089355,71.77999877929688,5808.1201171875,42114.3984375,104.26000213623047,1.0824151039123535,4.23199987411499,4.051000118255615
2024-10-28,2742.89990234375,33.83000183105469,1037.300048828125,4.331999778747559,67.37999725341797,5823.52001953125,42387.5703125,104.31999969482422,1.0796570777893066,4.2779998779296875,4.107999801635742
2024-10-29,2768.39990234375,34.26900100708008,1051.0,4.332499980926514,67.20999908447266,5832.919921875,42233.05078125,104.27999877929688,1.0816774368286133,4.27400016784668,4.104000091552734
2024-10-30,2788.5,33.91400146484375,1013.0999755859375,4.327499866485596,68.61000061035156,5813.669921875,42141.5390625,103.98999786376953,1.0820636749267578,4.265999794006348,4.126999855041504
2024-10-31,2738.300048828125,32.65299987792969,991.5999755859375,4.313499927520752,69.26000213623047,5705.4501953125,41763.4609375,103.9800033569336,1.0859178304672241,4.283999919891357,4.15500020980835
2024-11-01,2738.60009765625,32.54199981689453,995.0999755859375,4.347499847412109,69.48999786376953,5728.7998046875,42052.19140625,104.27999877929688,1.0886130332946777,4.361000061035156,4.209000110626221
2024-11-04,2736.10009765625,32.47999954223633,982.4000244140625,4.4070000648498535,71.47000122070312,5712.68994140625,41794.6015625,103.88999938964844,1.087453007698059,4.309000015258789,4.166999816894531
2024-11-05,2740.300048828125,32.654998779296875,1000.4000244140625,4.450500011444092,71.98999786376953,5782.759765625,42221.87890625,103.41999816894531,1.0874056816101074,4.289000034332275,4.171999931335449
2024-11-06,2667.60009765625,31.22100067138672,986.0,4.222499847412109,71.69000244140625,5929.0400390625,43729.9296875,105.08999633789062,1.093445897102356,4.426000118255615,4.271999835968018
2024-11-07,2698.39990234375,31.764999389648438,992.7999877929688,4.409999847412109,72.36000061035156,5973.10009765625,43729.33984375,104.51000213623047,1.073306918144226,4.341000080108643,4.191999912261963
2024-11-08,2687.5,31.358999252319336,973.5999755859375,4.286499977111816,70.37999725341797,5995.5400390625,43988.98828125,105.0,1.0795172452926636,4.306000232696533,4.191999912261963
2024-11-11,2611.199951171875,30.540000915527344,964.2999877929688,4.210999965667725,68.04000091552734,6001.35009765625,44293.12890625,105.54000091552734,1.0714898109436035,4.308000087738037,4.195000171661377
2024-11-12,2600.0,30.68600082397461,942.9000244140625,4.119500160217285,68.12000274658203,5983.990234375,43910.98046875,106.0199966430664,1.066439151763916,4.432000160217285,4.314000129699707
2024-11-13,2580.800048828125,30.59000015258789,938.0999755859375,4.065999984741211,68.43000030517578,5985.3798828125,43958.19140625,106.4800033569336,1.061672568321228,4.451000213623047,4.301000118255615
2024-11-14,2568.199951171875,30.507999420166016,938.7000122070312,4.072999954223633,68.69999694824219,5949.169921875,43750.859375,106.66999816894531,1.0564124584197998,4.418000221252441,4.291999816894531
2024-11-15,2565.699951171875,30.371000289916992,939.7999877929688,4.051000118255615,67.0199966430664,5870.6201171875,43444.98828125,106.69000244140625,1.0530084371566772,4.427999973297119,4.297999858856201
2024-11-18,2610.60009765625,31.163000106811523,969.0999755859375,4.107999801635742,69.16000366210938,5893.6201171875,43389.6015625,106.27999877929688,1.0533745288848877,4.414000034332275,4.2769999504089355
2024-11-19,2627.10009765625,31.20800018310547,973.2999877929688,4.130000114440918,69.38999938964844,5916.97998046875,43268.94140625,106.20999908447266,1.059490442276001,4.379000186920166,4.245999813079834
2024-11-20,2648.199951171875,30.95599937438965,960.7000122070312,4.143499851226807,68.87000274658203,5917.10986328125,43408.46875,106.68000030517578,1.0607603788375854,4.406000137329102,4.275000095367432
2024-11-21,2672.10009765625,30.91200065612793,965.2000122070312,4.11299991607666,70.0999984741211,5948.7099609375,43870.3515625,106.97000122070312,1.0546187162399292,4.432000160217285,4.304999828338623
2024-11-22,2709.89990234375,31.30900001525879,969.7000122070312,4.073999881744385,71.23999786376953,5969.33984375,44296.51171875,107.48999786376953,1.0469341278076172,4.409999847412109,4.297999858856201
2024-11-25,2616.800048828125,30.209999084472656,938.7999877929688,4.0914998054504395,68.94000244140625,5987.3701171875,44736.5703125,106.81999969482422,1.0479873418807983,4.264999866485596,4.171999931335449
2024-11-26,2620.300048828125,30.38800048828125,923.2999877929688,4.039000034332275,68.7699966430664,6021.6298828125,44860.30859375,107.01000213623047,1.0444300174713135,4.302000045776367,4.190000057220459
2024-11-27,2639.89990234375,30.111000061035156,926.9000244140625,4.066999912261963,68.72000122070312,5998.740234375,44722.05859375,106.08000183105469,1.0491198301315308,4.242000102996826,4.11299991607666
2024-11-29,2657.0,30.684999465942383,949.5,4.08050012588501,68.0,6032.3798828125,44910.6484375,105.73999786376953,1.0563008785247803,4.177999973297119,4.054999828338623
2024-12-02,2634.89990234375,30.448999404907227,945.9000244140625,4.075500011444092,68.0999984741211,6047.14990234375,44782.0,106.44999694824219,1.0545074939727783,4.196000099182129,4.09499979019165
2024-12-03,2644.699951171875,31.07699966430664,955.7999877929688,4.145999908447266,69.94000244140625,6049.8798828125,44705.53125,106.37000274658203,1.0501223802566528,4.2230000495910645,4.105999946594238
2024-12-04,2653.800048828125,31.5049991607666,948.9000244140625,4.142000198364258,68.54000091552734,6086.490234375,45014.0390625,106.33999633789062,1.0510826110839844,4.179999828338623,4.061999797821045
2024-12-05,2626.60009765625,31.134000778198242,937.2000122070312,4.135000228881836,68.30000305175781,6075.10986328125,44765.7109375,105.70999908447266,1.051414132118225,4.179999828338623,4.076000213623047
2024-12-06,2638.60009765625,31.18600082397461,930.0,4.138500213623047,67.19999694824219,6090.27001953125,44642.51953125,105.97000122070312,1.058559536933899,4.151000022888184,4.033999919891357
2024-12-09,2664.89990234375,32.215999603271484,950.2000122070312,4.223499774932861,68.37000274658203,6052.85009765625,44401.9296875,106.1500015258789,1.0565463304519653,4.198999881744385,4.072000026702881
2024-12-10,2697.60009765625,32.362998962402344,945.2999877929688,4.223499774932861,68.58999633789062,6034.91015625,44247.828125,106.4000015258789,1.0555204153060913,4.2210001945495605,4.0970001220703125
2024-12-11,2733.800048828125,32.5620002746582,947.0,4.214000225067139,70.29000091552734,6084.18994140625,44148.55859375,106.70999908447266,1.0532968044281006,4.270999908447266,4.133999824523926
2024-12-12,2687.5,31.22800064086914,936.5999755859375,4.195000171661377,70.0199966430664,6051.25,43914.12109375,106.95999908447266,1.0506850481033325,4.323999881744385,4.176000118255615
2024-12-13,2656.0,30.655000686645508,921.2999877929688,4.14900016784668,71.29000091552734,6051.08984375,43828.05859375,107.0,1.0474056005477905,4.39900016784668,4.248000144958496
2024-12-16,2651.39990234375,30.69700050354004,938.2999877929688,4.143499851226807,70.70999908447266,6074.080078125,43717.48046875,106.86000061035156,1.051005244255066,4.396999835968018,4.254000186920166
2024-12-17,2644.39990234375,30.572999954223633,941.5,4.0914998054504395,70.08000183105469,6050.60986328125,43449.8984375,106.95999908447266,1.0517348051071167,4.385000228881836,4.248000144958496
2024-12-18,2636.5,30.40999984741211,932.5999755859375,4.099999904632568,70.58000183105469,5872.16015625,42326.87109375,108.02999877929688,1.0495051145553589,4.49399995803833,4.380000114440918
2024-12-19,2592.199951171875,29.0939998626709,921.5,4.020500183105469,69.91000366210938,5867.080078125,42342.23828125,108.41000366210938,1.0350252389907837,4.570000171661377,4.425000190734863
2024-12-20,2628.699951171875,29.65999984741211,934.4000244140625,4.040999889373779,69.45999908447266,5930.85009765625,42840.26171875,107.62000274658203,1.0364949703216553,4.52400016784668,4.380000114440918
2024-12-23,2612.300048828125,29.88800048828125,946.9000244140625,4.0229997634887695,69.23999786376953,5974.06982421875,42906.94921875,108.04000091552734,1.0433076620101929,4.598999977111816,4.445000171661377
2024-12-24,2620.0,29.974000930786133,958.5,4.049499988555908,70.0999984741211,6040.0400390625,43297.03125,108.26000213623047,1.0405826568603516,4.591000080108643,4.438000202178955
2024-12-26,2638.800048828125,30.047000885009766,952.2000122070312,4.072000026702881,69.62000274658203,6037.58984375,43325.80078125,108.12999725341797,1.0399551391601562,4.578999996185303,4.433000087738037
2024-12-27,2617.199951171875,29.655000686645508,917.5,4.0625,70.5999984741211,5970.83984375,42992.2109375,108.0,1.0423181056976318,4.61899995803833,4.455999851226807
2024-12-30,2606.10009765625,29.106000900268555,902.4000244140625,4.045499801635742,70.98999786376953,5906.93994140625,42573.73046875,108.12999725341797,1.0429377555847168,4.545000076293945,4.369999885559082
2024-12-31,2629.199951171875,28.940000534057617,894.0,3.9860000610351562,71.72000122070312,5881.6298828125,42544.21875,108.48999786376953,1.040615200996399,4.572999954223633,4.380000114440918
2025-01-02,2658.89990234375,29.621999740600586,908.9000244140625,3.9885001182556152,73.12999725341797,5868.5498046875,42392.26953125,109.38999938964844,1.0351860523223877,4.574999809265137,4.380000114440918
2025-01-03,2645.0,29.805999755859375,934.5999755859375,4.0395002365112305,73.95999908447266,5942.47021484375,42732.12890625,108.94999694824219,1.0268205404281616,4.5960001945495605,4.409999847412109
2025-01-06,2638.39990234375,30.341999053955078,929.2999877929688,4.126999855041504,73.55999755859375,5975.3798828125,42706.55859375,108.26000213623047,1.0305347442626953,4.618000030517578,4.421999931335449
2025-01-07,2656.699951171875,30.44700050354004,962.7999877929688,4.1605000495910645,74.25,5909.02978515625,42528.359375,108.54000091552734,1.0386372804641724,4.683000087738037,4.465000152587891
2025-01-08,2664.5,30.45199966430664,969.7999877929688,4.227499961853027,73.31999969482422,5918.25,42635.19921875,109.08999633789062,1.034554123878479,4.692999839782715,4.4670000076293945
2025-01-10,2708.5,31.090999603271484,982.0999755859375,4.274499893188477,76.56999969482422,5827.0400390625,41938.44921875,109.6500015258789,1.0297601222991943,4.776000022888184,4.5929999351501465
2025-01-13,2673.5,30.090999603271484,962.0999755859375,4.295499801635742,78.81999969482422,5836.22021484375,42297.12109375,109.95999908447266,1.0244431495666504,4.802999973297119,4.617000102996826
2025-01-14,2677.5,30.131999969482422,936.2000122070312,4.310500144958496,77.5,5842.91015625,42518.28125,109.2699966430664,1.0265253782272339,4.788000106811523,4.590000152587891
2025-01-15,2712.5,31.319000244140625,931.2999877929688,4.359499931335449,80.04000091552734,5949.91015625,43221.55078125,109.08999633789062,1.0306835174560547,4.6529998779296875,4.443999767303467
2025-01-16,2746.39990234375,31.523000717163086,934.2999877929688,4.4105000495910645,78.68000030517578,5937.33984375,43153.12890625,108.95999908447266,1.0295268297195435,4.605999946594238,4.395999908447266
2025-01-17,2744.300048828125,30.951000213623047,951.0999755859375,4.337500095367432,77.87999725341797,5996.66015625,43487.828125,109.3499984741211,1.0301949977874756,4.609000205993652,4.414000034332275
2025-01-21,2755.0,31.31100082397461,957.2000122070312,4.310999870300293,75.88999938964844,6049.240234375,44025.80859375,108.05999755859375,1.0420682430267334,4.573999881744385,4.396999835968018
2025-01-22,2767.60009765625,31.23900032043457,958.2000122070312,4.271500110626221,75.44000244140625,6086.3701171875,44156.73046875,108.16999816894531,1.0405935049057007,4.598999977111816,4.426000118255615
2025-01-23,2763.10009765625,30.67300033569336,957.0999755859375,4.299499988555908,74.62000274658203,6118.7099609375,44565.0703125,108.05000305175781,1.0410159826278687,4.638000011444092,4.441999912261963
2025-01-24,2777.300048828125,31.023000717163086,957.5999755859375,4.289999961853027,74.66000366210938,6101.240234375,44424.25,107.44000244140625,1.041601538658142,4.625999927520752,4.427999973297119
2025-01-27,2737.5,30.253999710083008,946.9000244140625,4.203499794006348,73.16999816894531,6012.27978515625,44713.578125,107.33999633789062,1.0467586517333984,4.5279998779296875,4.326000213623047
2025-01-28,2766.800048828125,30.726999282836914,947.0,4.2204999923706055,73.7699966430664,6067.7001953125,44850.3515625,107.87000274658203,1.0445064306259155,4.551000118255615,4.34499979019165
2025-01-29,2769.10009765625,31.238000869750977,965.4000244140625,4.257500171661377,72.62000274658203,6039.31005859375,44713.51953125,108.0,1.0429050922393799,4.554999828338623,4.35699987411499
2025-01-30,2823.0,32.36399841308594,1016.5,4.288000106811523,72.7300033569336,6071.169921875,44882.12890625,107.80000305175781,1.0425245761871338,4.51200008392334,4.310999870300293
2025-01-31,2812.5,32.12799835205078,1033.199951171875,4.26200008392334,72.52999877929688,6040.52978515625,44544.66015625,108.37000274658203,1.0397279262542725,4.568999767303467,4.363999843597412
2025-02-03,2833.89990234375,32.391998291015625,991.7999877929688,4.294000148773193,73.16000366210938,5994.56982421875,44421.91015625,108.98999786376953,1.024779200553894,4.543000221252441,4.35699987411499
2025-02-04,2853.300048828125,32.88800048828125,1002.5,4.34250020980835,72.69999694824219,6037.8798828125,44556.0390625,107.95999908447266,1.0327378511428833,4.513000011444092,4.317999839782715
2025-02-05,2871.60009765625,32.856998443603516,1015.5999755859375,4.434500217437744,71.02999877929688,6061.47998046875,44873.28125,107.58000183105469,1.0372798442840576,4.421999931335449,4.243000030517578
2025-02-06,2856.0,32.518001556396484,1013.7000122070312,4.453499794006348,70.61000061035156,6083.56982421875,44747.62890625,107.69000244140625,1.0400848388671875,4.440000057220459,4.2729997634887695
2025-02-07,2867.300048828125,32.334999084472656,1011.0999755859375,4.581500053405762,71.0,6025.990234375,44303.3984375,108.04000091552734,1.0385725498199463,4.486999988555908,4.334000110626221
2025-02-10,2914.300048828125,32.391998291015625,1022.5,4.700500011444092,72.31999969482422,6066.43994140625,44470.41015625,108.31999969482422,1.0311616659164429,4.493000030517578,4.333000183105469
2025-02-11,2912.5,32.23099899291992,1026.9000244140625,4.5945000648498535,73.31999969482422,6068.5,44593.6484375,107.95999908447266,1.0301525592803955,4.5370001792907715,4.369999885559082
2025-02-12,2909.0,32.69499969482422,1038.699951171875,4.697999954223633,71.37000274658203,6051.97021484375,44368.55859375,107.94000244140625,1.0364949703216553,4.63700008392334,4.484000205993652
2025-02-13,2925.89990234375,32.650001525878906,1033.699951171875,4.769000053405762,71.29000091552734,6115.06982421875,44711.4296875,107.30999755859375,1.039198637008667,4.525000095367432,4.386000156402588
2025-02-14,2883.60009765625,32.80099868774414,1009.7999877929688,4.656499862670898,70.73999786376953,6114.6298828125,44546.078125,106.56999969482422,1.0461673736572266,4.4720001220703125,4.323999881744385
2025-02-18,2931.60009765625,33.31700134277344,996.5999755859375,4.585000038146973,71.8499984741211,6129.580078125,44556.33984375,107.05000305175781,1.048536777496338,4.544000148773193,4.39300012588501
2025-02-19,2919.39990234375,32.99300003051758,976.7000122070312,4.557000160217285,72.25,6144.14990234375,44627.58984375,107.16999816894531,1.044833779335022,4.534999847412109,4.369999885559082
2025-02-20,2940.0,33.444000244140625,987.7999877929688,4.607999801635742,72.56999969482422,6117.52001953125,44176.6484375,106.33999633789062,1.0421009063720703,4.5,4.3420000076293945
2025-02-21,2937.60009765625,32.97600173950195,978.2999877929688,4.559999942779541,70.4000015258789,6013.1298828125,43428.01953125,106.61000061035156,1.0500562191009521,4.420000076293945,4.257999897003174
2025-02-24,2947.89990234375,32.57500076293945,961.2000122070312,4.517000198364258,70.69999694824219,5983.25,43461.2109375,106.5999984741211,1.0474823713302612,4.39300012588501,4.230000019073486
2025-02-25,2904.5,31.801000595092773,960.5999755859375,4.486000061035156,68.93000030517578,5955.25,43621.16015625,106.30999755859375,1.0461344718933105,4.297999858856201,4.132999897003174
2025-02-26,2916.800048828125,32.25299835205078,967.7999877929688,4.541999816894531,68.62000274658203,5956.06005859375,43433.12109375,106.41999816894531,1.0524100065231323,4.249000072479248,4.077000141143799
2025-02-27,2883.199951171875,31.801000595092773,951.9000244140625,4.579999923706055,70.3499984741211,5861.56982421875,43239.5,107.23999786376953,1.0488777160644531,4.284999847412109,4.103000164031982
2025-02-28,2836.800048828125,31.2189998626709,932.2999877929688,4.514500141143799,69.76000213623047,5954.5,43840.91015625,107.61000061035156,1.039511799812317,4.230999946594238,4.0279998779296875
2025-03-03,2890.199951171875,32.03200149536133,966.5999755859375,4.576499938964844,68.37000274658203,5849.72021484375,43191.23828125,106.75,1.0413846969604492,4.179999828338623,3.990999937057495
2025-03-04,2909.60009765625,32.108001708984375,966.5,4.527500152587891,68.26000213623047,5778.14990234375,42520.98828125,105.73999786376953,1.0485037565231323,4.210000038146973,4.002999782562256
2025-03-05,2915.300048828125,32.858001708984375,969.4000244140625,4.766499996185303,66.30999755859375,5842.6298828125,43006.58984375,105.73999786376953,1.062699317932129,4.264999866485596,4.056000232696533
2025-03-06,2916.60009765625,33.0629997253418,974.7999877929688,4.7789998054504395,66.36000061035156,5738.52001953125,42579.078125,104.05999755859375,1.0794938802719116,4.285999774932861,4.060999870300293
2025-03-07,2904.699951171875,32.54800033569336,961.5999755859375,4.683000087738037,67.04000091552734,5770.2001953125,42801.71875,103.83999633789062,1.0787951946258545,4.316999912261963,4.0929999351501465
2025-03-10,2891.0,32.275001525878906,962.0,4.639500141143799,66.02999877929688,5614.56005859375,41911.7109375,103.91000366210938,1.086059331893921,4.2129998207092285,3.9739999771118164
2025-03-11,2912.89990234375,32.88800048828125,975.4000244140625,4.739999771118164,66.25,5572.06982421875,41433.48046875,103.44000244140625,1.0839403867721558,4.288000106811523,4.041999816894531
2025-03-12,2939.10009765625,33.48400115966797,992.2000122070312,4.821000099182129,67.68000030517578,5599.2998046875,41350.9296875,103.61000061035156,1.0914170742034912,4.317999839782715,4.078999996185303
2025-03-13,2984.300048828125,34.05099868774414,1002.5,4.898499965667725,66.55000305175781,5521.52001953125,40813.5703125,103.83000183105469,1.0886249542236328,4.27400016784668,4.0279998779296875
2025-03-14,2994.5,34.1870002746582,1010.0,4.869500160217285,67.18000030517578,5638.93994140625,41488.19140625,103.72000122070312,1.085564136505127,4.308000087738037,4.081999778747559
2025-03-17,3000.0,34.07400131225586,1023.5,4.933499813079834,67.58000183105469,5675.1201171875,41841.62890625,103.37000274658203,1.0881274938583374,4.306000232696533,4.0980000495910645
2025-03-18,3035.10009765625,34.57899856567383,1020.5,4.993000030517578,66.9000015258789,5614.66015625,41581.30859375,103.23999786376953,1.091917634010315,4.281000137329102,4.070000171661377
2025-03-19,3035.89990234375,33.974998474121094,1006.2999877929688,5.076000213623047,67.16000366210938,5675.2900390625,41964.62890625,103.43000030517578,1.093948245048523,4.25600004196167,4.03000020980835
2025-03-20,3040.0,33.7859992980957,989.5,5.085000038146973,68.26000213623047,5662.89013671875,41953.3203125,103.8499984741211,1.0911908149719238,4.232999801635742,4.006999969482422
2025-03-21,3018.199951171875,33.290000915527344,976.2000122070312,5.087500095367432,68.27999877929688,5667.56005859375,41985.3515625,104.08999633789062,1.0856702327728271,4.251999855041504,4.007999897003174
2025-03-24,3013.10009765625,33.26499938964844,962.5999755859375,5.064000129699707,69.11000061035156,5767.56982421875,42583.3203125,104.26000213623047,1.0835762023925781,4.330999851226807,4.0970001220703125
2025-03-25,3023.699951171875,34.00199890136719,973.0999755859375,5.183000087738037,69.0,5776.64990234375,42587.5,104.18000030517578,1.0803569555282593,4.307000160217285,4.058000087738037
2025-03-26,3020.89990234375,34.03300094604492,967.9000244140625,5.216000080108643,69.6500015258789,5712.2001953125,42454.7890625,104.55000305175781,1.0787487030029297,4.3379998207092285,4.083000183105469
2025-03-27,3060.199951171875,34.89699935913086,983.2000122070312,5.097499847412109,69.91999816894531,5693.31005859375,42299.69921875,104.06999969482422,1.0742061138153076,4.36899995803833,4.0980000495910645
2025-03-28,3086.5,34.64400100708008,977.7000122070312,5.112500190734863,69.36000061035156,5580.93994140625,41583.8984375,104.04000091552734,1.080100178718567,4.255000114440918,3.9809999465942383
2025-03-31,3122.800048828125,34.457000732421875,1009.7000122070312,5.019999980926514,71.4800033569336,5611.85009765625,42001.76171875,104.20999908447266,1.082391619682312,4.245999813079834,3.9830000400543213
2025-04-01,3118.89990234375,34.15800094604492,987.0999755859375,5.019000053405762,71.19999694824219,5633.06982421875,41989.9609375,104.26000213623047,1.0818880796432495,4.156000137329102,3.9100000858306885
2025-04-02,3139.89990234375,34.499000549316406,977.9000244140625,5.023499965667725,71.70999908447266,5670.97021484375,42225.3203125,103.80999755859375,1.0795987844467163,4.196000099182129,3.9509999752044678
2025-04-03,3097.0,31.8439998626709,942.5,4.810999870300293,66.94999694824219,5396.52001953125,40545.9296875,102.06999969482422,1.090869426727295,4.054999828338623,3.760999917984009
2025-04-04,3012.0,29.115999221801758,902.0,4.384500026702881,61.9900016784668,5074.080078125,38314.859375,103.0199966430664,1.1043744087219238,3.984999895095825,3.7090001106262207
2025-04-07,2951.300048828125,29.510000228881836,894.0,4.169000148773193,60.70000076293945,5062.25,37965.6015625,103.26000213623047,1.098454475402832,4.15500020980835,3.8399999141693115
2025-04-08,2968.39990234375,29.591999053955078,899.5999755859375,4.127500057220459,59.58000183105469,4982.77001953125,37645.58984375,102.95999908447266,1.0915361642837524,4.26200008392334,3.9140000343322754
2025-04-09,3056.5,30.322999954223633,908.5999755859375,4.17549991607666,62.349998474121094,5456.89990234375,40608.44921875,102.9000015258789,1.0980443954467773,4.400000095367432,4.10099983215332
2025-04-10,3155.199951171875,30.67099952697754,922.4000244140625,4.321000099182129,60.06999969482422,5268.0498046875,39593.66015625,100.87000274658203,1.0952062606811523,4.394000053405762,4.038000106811523
2025-04-11,3222.199951171875,31.823999404907227,934.2999877929688,4.507500171661377,61.5,5363.35986328125,40212.7109375,99.77999877929688,1.1257838010787964,4.493000030517578,4.159999847412109
2025-04-14,3204.800048828125,32.09199905395508,948.5999755859375,4.610499858856201,61.529998779296875,5405.97021484375,40524.7890625,99.63999938964844,1.1343141794204712,4.363999843597412,3.997999906539917
2025-04-15,3218.699951171875,32.22700119018555,960.2000122070312,4.611000061035156,61.33000183105469,5396.6298828125,40368.9609375,100.22000122070312,1.1339668035507202,4.322999954223633,3.9630000591278076
2025-04-16,3326.60009765625,32.92599868774414,969.7000122070312,4.673999786376953,62.470001220703125,5275.7001953125,39669.390625,99.37999725341797,1.1292672157287598,4.2789998054504395,3.9089999198913574
2025-04-17,3308.699951171875,32.41999816894531,967.2999877929688,4.731500148773193,64.68000030517578,5282.7001953125,39142.23046875,99.37999725341797,1.1396790742874146,4.333000183105469,3.941999912261963
2025-04-22,3400.800048828125,32.880001068115234,953.4000244140625,4.870500087738037,64.30999755859375,5287.759765625,39186.98046875,98.91999816894531,1.1512778997421265,4.388999938964844,3.9769999980926514
2025-04-23,3276.300048828125,33.518001556396484,970.7000122070312,4.8354997634887695,62.27000045776367,5375.85986328125,39606.5703125,99.83999633789062,1.1351252794265747,4.38700008392334,4.013999938964844
2025-04-24,3332.0,33.481998443603516,971.5999755859375,4.849999904632568,62.790000915527344,5484.77001953125,40093.3984375,99.29000091552734,1.132733702659607,4.304999828338623,3.927000045776367
2025-04-25,3282.39990234375,32.98899841308594,964.7999877929688,4.8354997634887695,63.02000045776367,5525.2099609375,40113.5,99.47000122070312,1.1371906995773315,4.265999794006348,3.884000062942505
2025-04-28,3332.5,32.9900016784668,987.4000244140625,4.8379998207092285,62.04999923706055,5528.75,40227.58984375,99.01000213623047,1.1343141794204712,4.216000080108643,3.815999984741211
2025-04-29,3318.800048828125,33.275001525878906,978.7000122070312,4.822999954223633,60.41999816894531,5560.830078125,40527.62109375,99.23999786376953,1.1409143209457397,4.172999858856201,3.7750000953674316
2025-04-30,3305.0,32.53099822998047,963.7999877929688,4.559999942779541,58.209999084472656,5569.06005859375,40669.359375,99.47000122070312,1.1389262676239014,4.177000045776367,3.752000093460083
2025-05-01,3210.0,32.18899917602539,964.7999877929688,4.580999851226807,59.2400016784668,5604.14013671875,40752.9609375,100.25,1.1324899196624756,4.230999946594238,3.811000108718872
2025-05-02,3231.89990234375,31.98900032043457,962.9000244140625,4.627500057220459,58.290000915527344,5686.669921875,41317.4296875,100.0,1.1296498775482178,4.322000026702881,3.931999921798706
2025-05-05,3311.300048828125,32.20500183105469,957.5,4.65500020980835,57.130001068115234,5650.3798828125,41218.828125,99.83000183105469,1.1323232650756836,4.3429999351501465,3.943000078201294
2025-05-06,3411.39990234375,33.112998962402344,987.7999877929688,4.735000133514404,59.09000015258789,5606.91015625,40829.0,99.23999786376953,1.1313369274139404,4.308000087738037,3.8980000019073486
2025-05-07,3381.39990234375,32.53099822998047,979.7999877929688,4.616499900817871,58.06999969482422,5631.27978515625,41113.96875,99.61000061035156,1.1342755556106567,4.275000095367432,3.872999906539917
2025-05-08,3296.60009765625,32.37799835205078,976.2999877929688,4.560999870300293,59.90999984741211,5663.93994140625,41368.44921875,100.63999938964844,1.1306205987930298,4.373000144958496,3.99399995803833
2025-05-09,3335.39990234375,32.67599868774414,998.5,4.611000061035156,61.02000045776367,5659.91015625,41249.37890625,100.33999633789062,1.122422695159912,4.375,3.986999988555908
2025-05-12,3220.0,32.38800048828125,974.2999877929688,4.578499794006348,61.95000076293945,5844.18994140625,42410.1015625,101.79000091552734,1.12296462059021,4.456999778747559,4.10099983215332
2025-05-13,3240.300048828125,32.86800003051758,991.0,4.68149995803833,63.66999816894531,5886.5498046875,42140.4296875,101.0,1.1095577478408813,4.499000072479248,4.120999813079834
2025-05-14,3181.39990234375,32.22600173950195,980.7999877929688,4.611000061035156,63.150001525878906,5892.580078125,42051.05859375,101.04000091552734,1.1185556650161743,4.5279998779296875,4.1620001792907715
2025-05-15,3220.699951171875,32.48099899291992,996.5,4.644499778747559,61.619998931884766,5916.93017578125,42322.75,100.87999725341797,1.1181930303573608,4.454999923706055,4.072999954223633
2025-05-16,3182.0,32.15800094604492,990.2000122070312,4.555500030517578,62.4900016784668,5958.3798828125,42654.73828125,101.08999633789062,1.1192693710327148,4.440999984741211,4.064000129699707
2025-05-19,3228.89990234375,32.3129997253418,1004.5,4.633500099182129,62.689998626708984,5963.60009765625,42792.0703125,100.43000030517578,1.1187559366226196,4.474999904632568,4.080999851226807
2025-05-20,3280.300048828125,32.97999954223633,1053.800048828125,4.619500160217285,62.560001373291016,5940.4599609375,42677.23828125,100.12000274658203,1.1233429908752441,4.480999946594238,4.066999912261963
2025-05-21,3309.300048828125,33.4630012512207,1082.5999755859375,4.638000011444092,61.56999969482422,5844.60986328125,41860.44140625,99.55999755859375,1.1287955045700073,4.5960001945495605,4.1570000648498535
2025-05-22,3292.300048828125,33.047000885009766,1078.199951171875,4.648499965667725,61.20000076293945,5842.009765625,41859.08984375,99.95999908447266,1.133118748664856,4.552999973297119,4.11299991607666
2025-05-23,3363.60009765625,33.44200134277344,1087.4000244140625,4.80649995803833,61.529998779296875,5802.81982421875,41603.0703125,99.11000061035156,1.1281843185424805,4.508999824523926,4.078000068664551
2025-05-27,3299.10009765625,33.145999908447266,1075.5999755859375,4.710000038146973,60.88999938964844,5921.5400390625,42343.6484375,99.5199966430664,1.1388484239578247,4.434000015258789,4.0229997634887695
2025-05-28,3293.60009765625,33.0,1070.5999755859375,4.644000053405762,61.84000015258789,5888.5498046875,42098.69921875,99.87999725341797,1.1337097883224487,4.4770002365112305,4.065000057220459
2025-05-29,3317.10009765625,33.28300094604492,1074.699951171875,4.653500080108643,60.939998626708984,5912.169921875,42215.73046875,99.27999877929688,1.123368263244629,4.423999786376953,3.997999906539917
2025-05-30,3288.89990234375,32.891998291015625,1051.699951171875,4.652500152587891,60.790000915527344,5911.68994140625,42270.0703125,99.33000183105469,1.1378376483917236,4.415999889373779,3.9790000915527344
2025-06-02,3370.60009765625,34.5629997253418,1060.300048828125,4.834499835968018,62.52000045776367,5935.93994140625,42305.48046875,98.69999694824219,1.1353315114974976,4.461999893188477,4.017000198364258
2025-06-03,3350.199951171875,34.50299835205078,1071.300048828125,4.809500217437744,63.40999984741211,5970.3701171875,42519.640625,99.25,1.1453442573547363,4.460000038146973,4.0279998779296875
2025-06-04,3373.5,34.51900100708008,1088.699951171875,4.864500045776367,62.849998474121094,5970.81005859375,42427.73828125,98.79000091552734,1.1384464502334595,4.364999771118164,3.931999921798706
2025-06-05,3350.699951171875,35.68899917602539,1133.699951171875,4.91349983215332,63.369998931884766,5939.2998046875,42319.73828125,98.73999786376953,1.1422044038772583,4.394000053405762,3.989000082015991
2025-06-06,3322.699951171875,36.025001525878906,1166.699951171875,4.829999923706055,64.58000183105469,6000.35986328125,42762.87109375,99.19000244140625,1.1453834772109985,4.510000228881836,4.125999927520752
2025-06-09,3332.10009765625,36.6879997253418,1213.5999755859375,4.9095001220703125,65.29000091552734,6005.8798828125,42761.76171875,98.94000244140625,1.1407841444015503,4.48199987411499,4.085999965667725
2025-06-10,3320.89990234375,36.54199981689453,1209.800048828125,4.883999824523926,64.9800033569336,6038.81005859375,42866.87109375,99.05000305175781,1.1428048610687256,4.473999977111816,4.084000110626221
2025-06-11,3321.300048828125,36.16600036621094,1258.0999755859375,4.801000118255615,68.1500015258789,6022.240234375,42865.76953125,98.62999725341797,1.143746018409729,4.4120001792907715,4.008999824523926
2025-06-12,3380.89990234375,36.2130012512207,1272.699951171875,4.821499824523926,68.04000091552734,6045.259765625,42967.62109375,97.91999816894531,1.1509333848953247,4.35699987411499,3.9600000381469727
2025-06-13,3431.199951171875,36.28099822998047,1210.800048828125,4.802999973297119,72.9800033569336,5976.97021484375,42197.7890625,98.18000030517578,1.1600254774093628,4.423999786376953,4.02400016784668
2025-06-16,3396.39990234375,36.37900161743164,1251.5,4.826499938964844,71.7699966430664,6033.10986328125,42515.08984375,98.0,1.1556684970855713,4.452000141143799,4.034999847412109
2025-06-17,3386.60009765625,37.09000015258789,1260.0999755859375,4.80049991607666,74.83999633789062,5982.72021484375,42215.80078125,98.81999969482422,1.1551345586776733,4.39300012588501,3.989000082015991
2025-06-18,3389.800048828125,36.86600112915039,1311.5,4.84499979019165,75.13999938964844,5980.8701171875,42171.66015625,98.91000366210938,1.1482638120651245,4.396999835968018,3.993000030517578
2025-06-20,3368.10009765625,35.97600173950195,1263.699951171875,4.826000213623047,74.93000030517578,5967.83984375,42206.8203125,98.70999908447266,1.1512778997421265,4.375,3.9609999656677246
2025-06-23,3377.699951171875,36.15299987792969,1283.4000244140625,4.8429999351501465,68.51000213623047,6025.169921875,42581.78125,98.41999816894531,1.1500862836837769,4.320000171661377,3.884000062942505
2025-06-24,3317.39990234375,35.70100021362305,1304.199951171875,4.867000102996826,64.37000274658203,6092.18017578125,43089.01953125,97.86000061035156,1.1599044799804688,4.293000221252441,3.8559999465942383
2025-06-25,3327.10009765625,36.084999084472656,1329.5999755859375,4.913000106811523,64.91999816894531,6092.16015625,42982.4296875,97.68000030517578,1.161224365234375,4.293000221252441,3.8469998836517334
2025-06-26,3333.5,36.58599853515625,1399.800048828125,5.065499782562256,65.23999786376953,6141.02001953125,43386.83984375,97.1500015258789,1.1683744192123413,4.252999782562256,3.7990000247955322
2025-06-27,3273.699951171875,36.0369987487793,1340.9000244140625,5.06850004196167,65.5199966430664,6173.06982421875,43819.26953125,97.4000015258789,1.1692214012145996,4.2829999923706055,3.828000068664551
2025-06-30,3294.39990234375,35.85200119018555,1334.0,5.03000020980835,65.11000061035156,6204.9501953125,44094.76953125,96.87999725341797,1.1727453470230103,4.230000019073486,3.7950000762939453
2025-07-01,3336.699951171875,36.082000732421875,1345.9000244140625,5.047999858856201,65.44999694824219,6198.009765625,44494.94140625,96.81999969482422,1.178717017173767,4.250999927520752,3.8420000076293945
2025-07-02,3348.0,36.42599868774414,1421.0,5.14900016784668,67.44999694824219,6227.419921875,44484.421875,96.77999877929688,1.180553913116455,4.293000221252441,3.869999885559082
2025-07-03,3331.60009765625,36.784000396728516,1372.0,5.0970001220703125,67.0,6279.35009765625,44828.53125,97.18000030517578,1.18002450466156,4.3480000495910645,3.938999891281128
2025-07-07,3332.199951171875,36.6150016784668,1361.800048828125,4.984499931335449,67.93000030517578,6229.97998046875,44406.359375,97.4800033569336,1.178078293800354,4.394999980926514,3.9660000801086426
2025-07-08,3307.0,36.47200012207031,1376.5999755859375,5.644999980926514,68.33000183105469,6225.52001953125,44240.76171875,97.51000213623047,1.1736538410186768,4.414999961853027,3.984999895095825
2025-07-09,3311.60009765625,36.35100173950195,1370.5999755859375,5.44350004196167,68.37999725341797,6263.259765625,44458.30078125,97.47000122070312,1.1724566221237183,4.3420000076293945,3.9200000762939453
2025-07-10,3317.39990234375,37.03799819946289,1394.9000244140625,5.547999858856201,66.56999969482422,6280.4599609375,44650.640625,97.6500015258789,1.17311692237854,4.3460001945495605,3.930999994277954
2025-07-11,3356.0,38.67599868774414,1452.0,5.561999797821045,68.44999694824219,6259.75,44371.51171875,97.8499984741211,1.1702749729156494,4.422999858856201,3.992000102996826
2025-07-14,3351.5,38.46200180053711,1399.699951171875,5.514999866485596,66.9800033569336,6268.56005859375,44459.6484375,98.08000183105469,1.1682106256484985,4.427000045776367,3.984999895095825
2025-07-15,3329.800048828125,37.83399963378906,1395.0,5.546000003814697,66.5199966430664,6243.759765625,44023.2890625,98.62000274658203,1.1666297912597656,4.488999843597412,4.050000190734863
2025-07-16,3352.5,37.85300064086914,1417.0999755859375,5.496500015258789,66.37999725341797,6263.7001953125,44254.78125,98.38999938964844,1.1607391834259033,4.454999923706055,3.984999895095825
2025-07-17,3340.10009765625,38.055999755859375,1454.4000244140625,5.486000061035156,67.54000091552734,6297.35986328125,44484.48828125,98.7300033569336,1.1635754108428955,4.4629998207092285,4.00600004196167
2025-07-18,3353.0,38.222999572753906,1438.5,5.578000068664551,67.33999633789062,6296.7900390625,44342.19140625,98.4800033569336,1.161548137664795,4.432000160217285,3.9619998931884766
2025-07-21,3401.89990234375,39.10100173950195,1477.699951171875,5.610499858856201,67.19999694824219,6305.60009765625,44323.0703125,97.8499984741211,1.1630746126174927,4.372000217437744,3.9079999923706055
2025-07-22,3439.199951171875,39.31999969482422,1465.5,5.697000026702881,66.20999908447266,6309.6201171875,44502.44140625,97.38999938964844,1.1694538593292236,4.335999965667725,3.875999927520752
2025-07-23,3394.10009765625,39.27799987792969,1437.699951171875,5.795000076293945,65.25,6358.91015625,45010.2890625,97.20999908447266,1.1739156246185303,4.388000011444092,3.934000015258789
2025-07-24,3371.0,39.020999908447266,1424.5999755859375,5.7769999504089355,66.02999877929688,6363.35009765625,44693.91015625,97.37999725341797,1.1774264574050903,4.4079999923706055,3.9709999561309814
2025-07-25,3334.0,38.16699981689453,1407.4000244140625,5.763500213623047,65.16000366210938,6388.64013671875,44901.921875,97.6500015258789,1.1756131649017334,4.386000156402588,3.9519999027252197
2025-07-28,3309.10009765625,38.0260009765625,1404.0999755859375,5.59499979019165,66.70999908447266,6389.77001953125,44837.55859375,98.66000366210938,1.1756821870803833,4.420000076293945,3.9769999980926514
2025-07-29,3323.39990234375,38.08399963378906,1404.0,5.603499889373779,69.20999908447266,6370.85986328125,44632.98828125,98.91000366210938,1.1596757173538208,4.329999923706055,3.9059998989105225
2025-07-30,3295.800048828125,37.566001892089844,1360.699951171875,5.570000171661377,70.0,6362.89990234375,44461.28125,99.94000244140625,1.1550945043563843,4.375999927520752,3.9649999141693115
2025-07-31,3293.199951171875,36.551998138427734,1286.4000244140625,4.33050012588501,69.26000213623047,6339.39013671875,44130.98046875,100.02999877929688,1.1429355144500732,4.360000133514404,3.9600000381469727
2025-08-01,3347.699951171875,36.7869987487793,1304.0,4.412499904632568,67.33000183105469,6238.009765625,43588.578125,98.69000244140625,1.142374038696289,4.21999979019165,3.7709999084472656
2025-08-04,3374.39990234375,37.19200134277344,1326.4000244140625,4.414999961853027,66.29000091552734,6329.93994140625,44173.640625,98.77999877929688,1.158668041229248,4.199999809265137,3.743000030517578
2025-08-05,3381.89990234375,37.6870002746582,1317.199951171875,4.363999843597412,65.16000366210938,6299.18994140625,44111.73828125,98.77999877929688,1.1584129333496094,4.196000099182129,3.76200008392334
2025-08-06,3380.0,37.76599884033203,1326.0,4.390999794006348,64.3499984741211,6345.06005859375,44193.12109375,98.18000030517578,1.1579166650772095,4.21999979019165,3.7639999389648438
2025-08-07,3400.300048828125,38.15800094604492,1339.9000244140625,4.378499984741211,63.880001068115234,6340.0,43968.640625,98.4000015258789,1.1663167476654053,4.24399995803833,3.7899999618530273
2025-08-08,3439.10009765625,38.41699981689453,1325.5999755859375,4.45550012588501,63.880001068115234,6389.4501953125,44175.609375,98.18000030517578,1.1676650047302246,4.284999847412109,3.8299999237060547
2025-08-11,3353.10009765625,37.6619987487793,1329.9000244140625,4.423500061035156,63.959999084472656,6373.4501953125,43975.08984375,98.5199966430664,1.1647952795028687,4.2729997634887695,3.822999954223633
2025-08-12,3348.89990234375,37.89899826049805,1341.9000244140625,4.508500099182129,63.16999816894531,6445.759765625,44458.609375,98.0999984741211,1.1618449687957764,4.293000221252441,3.822000026702881
2025-08-13,3358.699951171875,38.499000549316406,1331.5,4.48199987411499,62.650001525878906,6466.580078125,44922.26953125,97.83999633789062,1.1677058935165405,4.23799991607666,3.7699999809265137
2025-08-14,3335.199951171875,37.981998443603516,1350.300048828125,4.4644999504089355,63.959999084472656,6468.5400390625,44911.26171875,98.25,1.171289324760437,4.293000221252441,3.821000099182129
2025-08-15,3336.0,37.89400100708008,1334.300048828125,4.478000164031982,62.79999923706055,6449.7998046875,44946.12109375,97.8499984741211,1.1651345491409302,4.328000068664551,3.8450000286102295
2025-08-18,3331.699951171875,37.95100021362305,1326.4000244140625,4.456999778747559,63.41999816894531,6449.14990234375,44911.8203125,98.16999816894531,1.1706587076187134,4.341000080108643,3.8550000190734863
2025-08-19,3313.39990234375,37.26100158691406,1302.300048828125,4.408999919891357,62.349998474121094,6411.3701171875,44922.26953125,98.2699966430664,1.1668338775634766,4.302000045776367,3.822000026702881
2025-08-20,3343.39990234375,37.70500183105469,1334.0,4.426000118255615,63.209999084472656,6395.77978515625,44938.30859375,98.22000122070312,1.164252758026123,4.296000003814697,3.809999942779541
2025-08-21,3336.89990234375,38.027000427246094,1351.199951171875,4.43149995803833,63.52000045776367,6370.169921875,44785.5,98.62000274658203,1.165175199508667,4.329999923706055,3.8570001125335693
2025-08-22,3374.39990234375,39.00299835205078,1355.4000244140625,4.447500228881836,63.65999984741211,6466.91015625,45631.73828125,97.72000122070312,1.16130530834198,4.260000228881836,3.759000062942505
2025-08-25,3373.800048828125,38.676998138427734,1331.5999755859375,4.4664998054504395,64.80000305175781,6439.31982421875,45282.46875,98.43000030517578,1.1709601879119873,4.275000095367432,3.7850000858306885
2025-08-26,3388.60009765625,38.582000732421875,1342.4000244140625,4.450500011444092,63.25,6465.93994140625,45418.0703125,98.2300033569336,1.1618449687957764,4.257999897003174,3.740000009536743
2025-08-27,3404.60009765625,38.68899917602539,1341.4000244140625,4.4145002365112305,64.1500015258789,6481.39990234375,45565.23046875,98.2300033569336,1.1639411449432373,4.23799991607666,3.7049999237060547
2025-08-28,3431.800048828125,39.189998626708984,1356.4000244140625,4.463500022888184,64.5999984741211,6501.85986328125,45636.8984375,97.80999755859375,1.1647952795028687,4.206999778747559,3.696000099182129
2025-08-29,3473.699951171875,40.20000076293945,1365.699951171875,4.518499851226807,64.01000213623047,6460.259765625,45544.87890625,97.7699966430664,1.1681560277938843,4.2270002365112305,3.6989998817443848
2025-09-02,3549.39990234375,41.07099914550781,1405.800048828125,4.569499969482422,65.58999633789062,6415.5400390625,45295.80859375,98.4000015258789,1.1715912818908691,4.2769999504089355,3.743000030517578
2025-09-03,3593.199951171875,41.54199981689453,1448.5999755859375,4.558499813079834,63.970001220703125,6448.259765625,45271.23046875,98.13999938964844,1.163602590560913,4.210999965667725,3.684999942779541
2025-09-04,3565.800048828125,40.9109992980957,1371.199951171875,4.48799991607666,63.47999954223633,6502.080078125,45621.2890625,98.3499984741211,1.16604483127594,4.176000118255615,3.6530001163482666
2025-09-05,3613.199951171875,41.07400131225586,1381.699951171875,4.482500076293945,61.869998931884766,6481.5,45400.859375,97.7699966430664,1.1656913757324219,4.085999965667725,3.5829999446868896
2025-09-08,3638.10009765625,41.42599868774414,1380.800048828125,4.490499973297119,62.2599983215332,6495.14990234375,45514.94921875,97.44999694824219,1.1713168621063232,4.046000003814697,3.569999933242798
2025-09-09,3643.300048828125,40.87799835205078,1367.300048828125,4.500999927520752,62.630001068115234,6512.60986328125,45711.33984375,97.79000091552734,1.1769136190414429,4.073999881744385,3.6010000705718994
2025-09-10,3643.60009765625,41.132999420166016,1392.9000244140625,4.550000190734863,63.66999816894531,6532.0400390625,45490.921875,97.77999877929688,1.1702749729156494,4.0320000648498535,3.5820000171661377
2025-09-11,3636.89990234375,41.696998596191406,1395.4000244140625,4.5904998779296875,62.369998931884766,6587.47021484375,46108.0,97.54000091552734,1.1703435182571411,4.011000156402588,3.578000068664551
2025-09-12,3649.39990234375,42.387001037597656,1407.300048828125,4.588500022888184,62.689998626708984,6584.2900390625,45834.21875,97.55000305175781,1.1734747886657715,4.060999870300293,3.625
2025-09-15,3682.199951171875,42.516998291015625,1412.800048828125,4.6554999351501465,63.29999923706055,6615.27978515625,45883.44921875,97.30000305175781,1.1726491451263428,4.033999919891357,3.6019999980926514
2025-09-16,3688.89990234375,42.47100067138672,1398.5,4.632999897003174,64.5199966430664,6606.759765625,45757.8984375,96.62999725341797,1.1763737201690674,4.026000022888184,3.5829999446868896
2025-09-17,3681.800048828125,41.72200012207031,1372.699951171875,4.571000099182129,64.05000305175781,6600.35009765625,46018.3203125,96.87000274658203,1.1871408224105835,4.076000213623047,3.6489999294281006
2025-09-18,3643.699951171875,41.707000732421875,1397.4000244140625,4.540999889373779,63.56999969482422,6631.9599609375,46142.421875,97.3499984741211,1.1826341152191162,4.104000091552734,3.6630001068115234
2025-09-19,3671.5,42.5359992980957,1414.300048828125,4.568999767303467,62.68000030517578,6664.35986328125,46315.26953125,97.63999938964844,1.1791062355041504,4.138999938964844,3.690999984741211
2025-09-22,3740.699951171875,43.79899978637695,1423.699951171875,4.572999954223633,62.63999938964844,6693.75,46381.5390625,97.33000183105469,1.1736950874328613,4.14300012588501,3.696000099182129
2025-09-23,3780.60009765625,44.19200134277344,1504.199951171875,4.584499835968018,63.40999984741211,6656.919921875,46292.78125,97.26000213623047,1.1801080703735352,4.119999885559082,3.677000045776367
2025-09-24,3732.10009765625,43.777000427246094,1484.5,4.752500057220459,64.98999786376953,6637.97021484375,46121.28125,97.87000274658203,1.1814465522766113,4.146999835968018,3.7100000381469727
2025-09-25,3736.89990234375,44.696998596191406,1530.699951171875,4.699999809265137,64.9800033569336,6604.72021484375,45947.3203125,98.55000305175781,1.1744670867919922,4.171999931335449,3.7669999599456787
2025-09-26,3775.300048828125,46.22100067138672,1582.699951171875,4.7154998779296875,65.72000122070312,6643.7001953125,46247.2890625,98.1500015258789,1.166275978088379,4.186999797821045,3.7699999809265137
2025-09-29,3820.89990234375,46.61199951171875,1609.300048828125,4.841000080108643,63.45000076293945,6661.2099609375,46316.0703125,97.91000366210938,1.170823097229004,4.140999794006348,3.740999937057495
2025-09-30,3840.800048828125,46.25299835205078,1584.5999755859375,4.804999828338623,62.369998931884766,6688.4599609375,46397.890625,97.7699966430664,1.1731443405151367,4.1479997634887695,3.7320001125335693
2025-10-01,3867.5,47.290000915527344,1569.9000244140625,4.83050012588501,61.779998779296875,6711.2001953125,46441.1015625,97.70999908447266,1.1735849380493164,4.105999946594238,3.680000066757202
2025-10-02,3839.699951171875,46.0,1563.800048828125,4.8979997634887695,60.47999954223633,6715.35009765625,46519.71875,97.8499984741211,1.1734058856964111,4.0879998207092285,3.6730000972747803
2025-10-03,3880.800048828125,47.59700012207031,1619.300048828125,5.058000087738037,60.880001068115234,6715.7900390625,46758.28125,97.72000122070312,1.1725116968154907,4.11899995803833,3.7079999446868896
2025-10-06,3948.5,48.082000732421875,1634.9000244140625,4.986999988555908,61.689998626708984,6740.27978515625,46694.96875,98.11000061035156,1.171248197555542,4.1620001792907715,3.744999885559082
2025-10-07,3976.60009765625,47.17900085449219,1626.5999755859375,5.047999858856201,61.72999954223633,6714.58984375,46602.98046875,98.58000183105469,1.171028733253479,4.126999855041504,3.7060000896453857
2025-10-08,4043.300048828125,48.65599822998047,1678.0,5.046000003814697,62.54999923706055,6753.72021484375,46601.78125,98.8499984741211,1.1654603481292725,4.129000186920166,3.7200000286102295
2025-10-09,3946.300048828125,46.849998474121094,1634.0999755859375,5.075500011444092,61.5099983215332,6735.10986328125,46358.421875,99.54000091552734,1.1631964445114136,4.1479997634887695,3.740999937057495
2025-10-10,3975.89990234375,46.9379997253418,1600.699951171875,4.848499774932861,58.900001525878906,6552.509765625,45479.6015625,98.9800033569336,1.156644344329834,4.051000118255615,3.6459999084472656
2025-10-13,4108.60009765625,50.130001068115234,1669.5999755859375,5.100500106811523,59.4900016784668,6654.72021484375,46067.578125,99.2699966430664,1.160240888595581,4.051000118255615,3.6459999084472656
2025-10-14,4138.7001953125,50.31399917602539,1655.0999755859375,4.980500221252441,58.70000076293945,6644.31005859375,46270.4609375,99.05000305175781,1.1566845178604126,4.021999835968018,3.6040000915527344
2025-10-15,4176.89990234375,51.073001861572266,1668.699951171875,4.9720001220703125,58.27000045776367,6671.06005859375,46253.30859375,98.79000091552734,1.1602274179458618,4.046000003814697,3.630000114440918
2025-10-16,4280.2001953125,53.02299880981445,1734.9000244140625,4.958000183105469,57.459999084472656,6629.06982421875,45952.23828125,98.38999938964844,1.1646324396133423,3.9760000705718994,3.549999952316284
2025-10-17,4189.89990234375,49.86399841308594,1602.300048828125,4.93149995803833,57.540000915527344,6664.009765625,46190.609375,98.43000030517578,1.1699601411819458,4.006999969482422,3.5920000076293945
2025-10-20,4336.39990234375,51.11899948120117,1634.9000244140625,4.998000144958496,57.52000045776367,6735.1298828125,46706.578125,98.58999633789062,1.165745735168457,3.9860000610351562,3.578000068664551
2025-10-21,4087.699951171875,47.45000076293945,1504.0,4.929999828338623,57.81999969482422,6735.35009765625,46924.73828125,98.93000030517578,1.164442539215088,3.9630000591278076,3.559999942779541
2025-10-22,4044.39990234375,47.46099853515625,1536.0,4.960999965667725,58.5,6699.39990234375,46590.41015625,98.9000015258789,1.160038948059082,3.953000068664551,3.552000045776367
2025-10-23,4125.5,48.481998443603516,1587.5999755859375,5.081999778747559,61.790000915527344,6738.43994140625,46734.609375,98.94000244140625,1.1608469486236572,3.990999937057495,3.5969998836517334
2025-10-24,4118.39990234375,48.37699890136719,1593.9000244140625,5.093500137329102,61.5,6791.68994140625,47207.12109375,98.94999694824219,1.1618045568466187,3.996999979019165,3.6019999980926514
2025-10-27,4001.89990234375,46.5620002746582,1578.4000244140625,5.140500068664551,61.310001373291016,6875.16015625,47544.58984375,98.77999877929688,1.1631693840026855,3.996999979019165,3.614000082015991
2025-10-28,3966.199951171875,47.125,1577.0,5.140500068664551,60.150001525878906,6890.89013671875,47706.37109375,98.69000244140625,1.165175199508667,3.9830000400543213,3.61299991607666
2025-10-29,3983.699951171875,47.72100067138672,1591.300048828125,5.233500003814697,60.47999954223633,6890.58984375,47632.0,99.22000122070312,1.1657865047454834,4.058000087738037,3.697000026702881
2025-10-30,4001.300048828125,48.428001403808594,1608.300048828125,5.078000068664551,60.56999969482422,6822.33984375,47522.12109375,99.52999877929688,1.1603351831436157,4.0929999351501465,3.7200000286102295
2025-10-31,3982.199951171875,47.99399948120117,1569.800048828125,5.065499782562256,60.97999954223633,6840.2001953125,47562.87109375,99.80000305175781,1.157246708869934,4.10099983215332,3.7170000076293945
2025-11-03,4000.300048828125,47.88800048828125,1574.0,5.046999931335449,61.04999923706055,6851.97021484375,47336.6796875,99.87000274658203,1.1528042554855347,4.105999946594238,3.7149999141693115
2025-11-04,3947.699951171875,47.130001068115234,1542.300048828125,4.926000118255615,60.560001373291016,6771.5498046875,47085.23828125,100.22000122070312,1.1519144773483276,4.089000225067139,3.7009999752044678
2025-11-05,3980.300048828125,47.862998962402344,1553.5,4.9629998207092285,59.599998474121094,6796.2900390625,47311.0,100.19999694824219,1.1485539674758911,4.1570000648498535,3.765000104904175
2025-11-06,3979.89990234375,47.79399871826172,1528.300048828125,4.945499897003174,59.43000030517578,6720.31982421875,46912.30078125,99.7300033569336,1.1496764421463013,4.0929999351501465,3.688999891281128
2025-11-07,3999.39990234375,48.016998291015625,1539.300048828125,4.938000202178955,59.75,6728.7998046875,46987.1015625,99.5999984741211,1.1549211740493774,4.0929999351501465,3.680000066757202
2025-11-10,4111.7998046875,50.176998138427734,1591.0999755859375,5.086999893188477,60.130001068115234,6832.43017578125,47368.62890625,99.62000274658203,1.1543878316879272,4.110000133514404,3.7100000381469727
2025-11-11,4106.7998046875,50.61800003051758,1589.4000244140625,5.048500061035156,61.040000915527344,6846.60986328125,47927.9609375,99.45999908447266,1.1557220220565796,4.119999885559082,3.7190001010894775
2025-11-12,4204.39990234375,53.332000732421875,1622.300048828125,5.0894999504089355,58.4900016784668,6850.919921875,48254.8203125,99.4800033569336,1.1587486267089844,4.065000057220459,3.6679999828338623
2025-11-13,4186.89990234375,53.07400131225586,1603.9000244140625,5.087500095367432,58.689998626708984,6737.490234375,47457.21875,99.18000030517578,1.159218668937683,4.111999988555908,3.703000068664551
2025-11-14,4087.60009765625,50.59000015258789,1555.199951171875,5.049499988555908,60.09000015258789,6734.10986328125,47147.48046875,99.2699966430664,1.1631964445114136,4.1479997634887695,3.734999895095825
2025-11-17,4068.300048828125,50.625,1545.699951171875,5.0,59.90999984741211,6672.41015625,46590.23828125,99.58999633789062,1.1615345478057861,4.132999897003174,3.7209999561309814
2025-11-18,4061.300048828125,50.45000076293945,1545.199951171875,4.962500095367432,60.7400016784668,6617.31982421875,46091.73828125,99.55000305175781,1.159057378768921,4.123000144958496,3.694000005722046
2025-11-19,4077.699951171875,50.790000915527344,1546.9000244140625,5.007999897003174,59.439998626708984,6642.16015625,46138.76953125,100.2300033569336,1.1581177711486816,4.132999897003174,3.7079999446868896
2025-11-20,4056.5,50.24700164794922,1506.199951171875,4.959499835968018,59.13999938964844,6538.759765625,45752.26171875,100.16000366210938,1.154068112373352,4.105999946594238,3.6730000972747803
2025-11-21,4076.699951171875,49.87300109863281,1513.800048828125,5.008500099182129,58.060001373291016,6602.990234375,46245.41015625,100.18000030517578,1.1534557342529297,4.063000202178955,3.618000030517578
2025-11-24,4091.89990234375,50.29499816894531,1542.5,4.961999893188477,58.84000015258789,6705.1201171875,46448.26953125,100.13999938964844,1.1507612466812134,4.038000106811523,3.6050000190734863
2025-11-25,4139.2001953125,50.933998107910156,1556.9000244140625,4.999499797821045,57.95000076293945,6765.8798828125,47112.44921875,99.66000366210938,1.1520073413848877,4.001999855041504,3.565000057220459
2025-11-26,4165.2001953125,52.91600036621094,1578.9000244140625,5.104499816894531,58.650001525878906,6812.60986328125,47427.12109375,99.5999984741211,1.156483769416809,3.997999906539917,3.572000026702881
2025-11-28,4218.2998046875,56.44599914550781,1677.699951171875,5.185500144958496,58.54999923706055,6849.08984375,47716.421875,99.45999908447266,1.1599851846694946,4.017000198364258,3.5999999046325684
2025-12-01,4239.2998046875,58.417999267578125,1670.0999755859375,5.218999862670898,59.31999969482422,6812.6298828125,47289.328125,99.41000366210938,1.1601465940475464,4.0960001945495605,3.6730000972747803
2025-12-02,4186.60009765625,57.983001708984375,1644.0,5.160999774932861,58.63999938964844,6829.3701171875,47474.4609375,99.36000061035156,1.1607661247253418,4.085999965667725,3.6589999198913574
2025-12-03,4199.2998046875,57.92100143432617,1656.5,5.308000087738037,58.95000076293945,6849.72021484375,47882.8984375,98.8499984741211,1.1627906560897827,4.057000160217285,3.624000072479248
2025-12-04,4211.7998046875,56.84700012207031,1654.4000244140625,5.291500091552734,59.66999816894531,6857.1201171875,47850.94140625,98.98999786376953,1.1666841506958008,4.107999801635742,3.681999921798706
2025-12-05,4212.89990234375,58.422000885009766,1655.0,5.381999969482422,60.08000183105469,6870.39990234375,47954.98828125,98.98999786376953,1.1642799377441406,4.138999938964844,3.7149999141693115
2025-12-08,4187.2001953125,57.77899932861328,1655.0,5.364500045776367,58.880001068115234,6846.509765625,47739.3203125,99.08999633789062,1.164022445678711,4.171999931335449,3.753000020980835
2025-12-09,4206.7001953125,60.16899871826172,1695.0999755859375,5.240499973297119,58.25,6840.509765625,47560.2890625,99.22000122070312,1.1641442775726318,4.185999870300293,3.7799999713897705
2025-12-10,4196.39990234375,60.37900161743164,1641.800048828125,5.2754998207092285,58.459999084472656,6886.68017578125,48057.75,98.79000091552734,1.1628313064575195,4.164000034332275,3.756999969482422
2025-12-11,4285.5,63.92900085449219,1707.800048828125,5.427000045776367,57.599998474121094,6901.0,48704.01171875,98.3499984741211,1.1701242923736572,4.140999794006348,3.7149999141693115
2025-12-12,4300.10009765625,61.36199951171875,1757.0999755859375,5.2835001945495605,57.439998626708984,6827.41015625,48458.05078125,98.4000015258789,1.1739431619644165,4.193999767303467,3.750999927520752
2025-12-15,4306.7001953125,62.939998626708984,1810.5,5.338500022888184,56.81999969482422,6816.509765625,48416.55859375,98.1500015258789,1.1737639904022217,4.182000160217285,3.7330000400543213
2025-12-16,4304.5,62.70000076293945,1870.0999755859375,5.2870001792907715,55.27000045776367,6800.259765625,48114.26171875,98.1500015258789,1.1754610538482666,4.14900016784668,3.693000078201294
2025-12-17,4347.5,66.23699951171875,1932.699951171875,5.363500118255615,55.939998626708984,6721.43017578125,47885.96875,98.37000274658203,1.1749500036239624,4.151000022888184,3.694999933242798
2025-12-18,4339.5,64.59200286865234,1955.5,5.366499900817871,56.150001525878906,6774.759765625,47951.8515625,98.43000030517578,1.1742326021194458,4.116000175476074,3.6600000858306885
2025-12-19,4361.39990234375,66.84500122070312,2013.199951171875,5.439499855041504,56.65999984741211,6834.5,48134.890625,98.5999984741211,1.1725666522979736,4.151000022888184,3.693000078201294
2025-12-22,4444.60009765625,67.90599822998047,2084.0,5.4375,58.0099983215332,6878.490234375,48362.6796875,98.29000091552734,1.1708093881607056,4.169000148773193,3.7179999351501465
2025-12-23,4482.7998046875,70.48500061035156,2282.0,5.47599983215332,58.380001068115234,6909.7900390625,48442.41015625,97.94000244140625,1.1765950918197632,4.169000148773193,3.7339999675750732
2025-12-24,4480.60009765625,71.03099822998047,2242.39990234375,5.498499870300293,58.349998474121094,6932.0498046875,48731.16015625,97.9800033569336,1.179551362991333,4.136000156402588,3.7170000076293945
2025-12-26,4529.10009765625,76.48600006103516,2467.699951171875,5.766499996185303,56.7400016784668,6929.93994140625,48710.96875,98.0199966430664,1.1785364151000977,4.136000156402588,3.697000026702881
2025-12-29,4325.10009765625,69.85600280761719,2104.800048828125,5.490499973297119,58.08000183105469,6905.740234375,48461.9296875,98.04000091552734,1.1772738695144653,4.116000175476074,3.677000045776367
2025-12-30,4370.10009765625,77.3740005493164,2232.300048828125,5.727499961853027,57.95000076293945,6896.240234375,48367.05859375,98.23999786376953,1.1772878170013428,4.130000114440918,3.681999921798706
2025-12-31,4325.60009765625,70.13400268554688,2034.5,5.630000114440918,57.41999816894531,6845.5,48063.2890625,98.27999877929688,1.1747292280197144,4.163000106811523,3.7219998836517334
2026-01-02,4314.39990234375,70.55599975585938,2125.699951171875,5.639999866485596,57.31999969482422,6858.47021484375,48382.390625,98.41999816894531,1.175046682357788,4.186999797821045,3.739000082015991
2026-01-05,4436.89990234375,76.16400146484375,2269.5,5.924499988555908,58.31999969482422,6902.0498046875,48977.1796875,98.2699966430664,1.1704667806625366,4.164999961853027,3.7100000381469727
2026-01-06,4482.2001953125,80.52999877929688,2434.0,6.010499954223633,57.130001068115234,6944.81982421875,49462.078125,98.58000183105469,1.1714951992034912,4.178999900817871,3.7200000286102295
2026-01-07,4449.2998046875,77.13500213623047,2253.39990234375,5.809000015258789,55.9900016784668,6920.93017578125,48996.078125,98.68000030517578,1.1688251495361328,4.138000011444092,3.694000005722046
2026-01-08,4449.7001953125,74.71600341796875,2251.699951171875,5.746500015258789,57.7599983215332,6921.4599609375,49266.109375,98.93000030517578,1.1676785945892334,4.183000087738037,3.7360000610351562
2026-01-09,4490.2998046875,78.88400268554688,2278.300048828125,5.855500221252441,59.119998931884766,6966.27978515625,49504.0703125,99.12999725341797,1.1657865047454834,4.171000003814697,3.756999969482422
2026-01-12,4604.2998046875,84.61000061035156,2359.60009765625,5.985000133514404,59.5,6977.27001953125,49590.19921875,98.86000061035156,1.1623716354370117,4.186999797821045,3.7669999599456787
2026-01-13,4589.2001953125,85.87699890136719,2333.800048828125,5.96999979019165,61.150001525878906,6963.740234375,49191.98828125,99.12999725341797,1.1666978597640991,4.171000003814697,3.743000030517578
2026-01-14,4626.2998046875,90.86900329589844,2367.10009765625,6.008999824523926,62.02000045776367,6926.60009765625,49149.62890625,99.12999725341797,1.164252758026123,4.139999866485596,3.7170000076293945
2026-01-15,4616.2998046875,91.8759994506836,2390.0,5.947999954223633,59.189998626708984,6944.47021484375,49442.44140625,99.31999969482422,1.1646324396133423,4.159999847412109,3.76200008392334
2026-01-16,4588.39990234375,88.09100341796875,2303.800048828125,5.78849983215332,59.439998626708984,6940.009765625,49359.328125,99.38999938964844,1.1609008312225342,4.230999946594238,3.828000068664551
2026-01-20,4759.60009765625,94.20600128173828,2431.5,5.7729997634887695,60.34000015258789,6796.85986328125,48488.58984375,98.63999938964844,1.1639139652252197,4.295000076293945,3.8580000400543213
2026-01-21,4831.7998046875,92.20999908447266,2480.39990234375,5.729499816894531,60.619998931884766,6875.6201171875,49077.23046875,98.76000213623047,1.1727865934371948,4.252999782562256,3.8310000896453857
2026-01-22,4908.7998046875,95.97599792480469,2561.800048828125,5.742499828338623,59.36000061035156,6913.35009765625,49384.01171875,98.36000061035156,1.1672970056533813,4.249000072479248,3.8469998836517334
2026-01-23,4976.2001953125,100.92500305175781,2722.10009765625,5.910999774932861,61.06999969482422,6915.60986328125,49098.7109375,97.5999984741211,1.1754610538482666,4.238999843597412,3.8389999866485596
2026-01-26,5079.7001953125,115.08000183105469,2852.39990234375,5.984000205993652,60.630001068115234,6950.22998046875,49412.3984375,97.04000091552734,1.1858457326889038,4.2129998207092285,3.818000078201294
2026-01-27,5079.89990234375,105.52300262451172,2513.199951171875,5.828499794006348,62.38999938964844,6978.60009765625,49003.41015625,96.22000122070312,1.1876484155654907,4.2230000495910645,3.813999891281128
2026-01-28,5301.60009765625,113.11100006103516,2605.699951171875,5.892499923706055,63.209999084472656,6978.02978515625,49015.6015625,96.44999694824219,1.2017642259597778,4.250999927520752,3.8420000076293945
2026-01-29,5318.39990234375,114.03700256347656,2597.39990234375,6.17549991607666,65.41999816894531,6969.009765625,49071.55859375,96.27999877929688,1.1977769136428833,4.2270002365112305,3.805000066757202
2026-01-30,4713.89990234375,78.29000091552734,2102.800048828125,5.896999835968018,65.20999908447266,6939.02978515625,48892.46875,96.98999786376953,1.19657301902771,4.241000175476074,3.796999931335449
2026-02-02,4622.5,76.77799987792969,2093.5,5.801499843597412,62.13999938964844,6976.43994140625,49407.66015625,97.61000061035156,1.1849182844161987,4.275000095367432,3.8350000381469727
2026-02-03,4903.7001953125,83.04199981689453,2195.60009765625,6.0625,63.209999084472656,6917.81005859375,49240.98828125,97.44000244140625,1.1798714399337769,4.27400016784668,3.8369998931884766
2026-02-04,4920.39990234375,84.16500091552734,2162.699951171875,5.826000213623047,65.13999938964844,6882.72021484375,49501.30078125,97.62000274658203,1.1816140413284302,4.275000095367432,3.8329999446868896
2026-02-05,4861.39990234375,76.52899932861328,2061.60009765625,5.798999786376953,63.290000915527344,6798.39990234375,48908.71875,97.81999969482422,1.180163860321045,4.210000038146973,3.75
2026-02-06,4951.2001953125,76.73500061035156,2093.300048828125,5.863500118255615,63.54999923706055,6932.2998046875,50115.671875,97.62999725341797,1.177786946296692,4.205999851226807,3.755000114440918
2026-02-09,5050.89990234375,82.06500244140625,2108.89990234375,5.945000171661377,64.36000061035156,6964.81982421875,50135.87109375,96.81999969482422,1.182578206062317,4.197999954223633,3.740999937057495
2026-02-10,5003.7998046875,80.21800231933594,2091.60009765625,5.895999908447266,63.959999084472656,6941.81005859375,50188.140625,96.80000305175781,1.1904053688049316,4.146999835968018,3.6989998817443848
2026-02-11,5071.60009765625,83.75399780273438,2137.89990234375,5.948999881744385,64.62999725341797,6941.47021484375,50121.3984375,96.83000183105469,1.1889617443084717,4.171999931335449,3.740999937057495
2026-02-12,4923.7001953125,75.5459976196289,2014.0,5.770999908447266,62.84000015258789,6832.759765625,49451.98046875,96.93000030517578,1.1876062154769897,4.104000091552734,3.6679999828338623
2026-02-13,5022.0,77.85099792480469,2071.199951171875,5.792500019073486,62.88999938964844,6836.169921875,49500.9296875,96.87999725341797,1.1868449449539185,4.056000232696533,3.6089999675750732
2026-02-17,4882.89990234375,73.4469985961914,2012.5,5.632999897003174,62.33000183105469,6843.22021484375,49533.19140625,97.16000366210938,1.1849884986877441,4.052000045776367,3.621000051498413
2026-02-18,4986.5,77.50900268554688,2106.39990234375,5.793499946594238,65.19000244140625,6881.31005859375,49662.66015625,97.69999694824219,1.185185194015503,4.078999996185303,3.6449999809265137
2026-02-19,4975.89990234375,77.56500244140625,2062.300048828125,5.730000019073486,66.43000030517578,6861.89013671875,49395.16015625,97.93000030517578,1.1788839101791382,4.074999809265137,3.6470000743865967
2026-02-20,5059.2998046875,82.28299713134766,2169.699951171875,5.830999851226807,66.38999938964844,6909.509765625,49625.96875,97.80000305175781,1.1769136190414429,4.085999965667725,3.6500000953674316
2026-02-23,5204.7001953125,86.52300262451172,2146.39990234375,5.7729997634887695,66.30999755859375,6837.75,48804.05859375,97.69999694824219,1.1834739446640015,4.0289998054504395,3.5820000171661377
2026-02-24,5155.7998046875,87.45700073242188,2181.10009765625,5.922999858856201,65.62999725341797,6890.06982421875,49174.5,97.87999725341797,1.1793843507766724,4.0329999923706055,3.5980000495910645
2026-02-25,5206.39990234375,90.93900299072266,2325.60009765625,5.979499816894531,65.41999816894531,6946.1298828125,49482.1484375,97.69999694824219,1.1775233745574951,4.047999858856201,3.61899995803833
2026-02-26,5176.5,86.99800109863281,2230.699951171875,5.947000026702881,65.20999908447266,6908.85986328125,49499.19921875,97.79000091552734,1.181516408920288,4.017000198364258,3.5829999446868896
2026-02-27,5230.5,92.68199920654297,2365.60009765625,6.004499912261963,67.0199966430664,6878.8798828125,48977.921875,97.61000061035156,1.1803030967712402,3.9619998931884766,3.51200008392334
2026-03-02,5294.39990234375,88.28399658203125,2311.89990234375,5.894499778747559,71.2300033569336,6881.6201171875,48904.78125,98.37999725341797,1.1759449243545532,4.047999858856201,3.621000051498413
2026-03-03,5107.39990234375,82.9229965209961,2074.800048828125,5.773499965667725,74.55999755859375,6816.6298828125,48501.26953125,99.05000305175781,1.1697274446487427,4.056000232696533,3.63100004196167
2026-03-04,5120.2001953125,82.63300323486328,2154.699951171875,5.855000019073486,74.66000366210938,6869.5,48739.41015625,98.7699966430664,1.161224365234375,4.079999923706055,3.6679999828338623
2026-03-05,5065.2998046875,81.68699645996094,2130.0,5.752999782562256,81.01000213623047,6830.7099609375,47954.73828125,99.31999969482422,1.1635618209838867,4.145999908447266,3.743000030517578
2026-03-06,5146.10009765625,83.81600189208984,2142.39990234375,5.756999969482422,90.9000015258789,6740.02001953125,47501.55078125,98.98999786376953,1.1608065366744995,4.132999897003174,3.7149999141693115
2026-03-09,5091.5,84.03199768066406,2169.60009765625,5.80049991607666,94.7699966430664,6795.990234375,47740.80078125,99.18000030517578,1.152325987815857,4.136000156402588,3.7360000610351562
2026-03-10,5229.7001953125,89.08300018310547,2235.0,5.9039998054504395,83.44999694824219,6781.47998046875,47706.51171875,98.83000183105469,1.1617234945297241,4.136000156402588,3.7149999141693115
2026-03-11,5167.39990234375,85.06500244140625,2205.0,5.8454999923706055,87.25,6775.7998046875,47417.26953125,99.2300033569336,1.1611299514770508,4.208000183105469,3.7820000648498535
2026-03-12,5115.7998046875,84.66999816894531,2160.0,5.82450008392334,95.7300033569336,6672.6201171875,46677.8515625,99.73999786376953,1.1543211936950684,4.2729997634887695,3.884000062942505
2026-03-13,5052.5,80.91400146484375,2036.5999755859375,5.7144999504089355,98.70999908447266,6632.18994140625,46558.46875,100.36000061035156,1.1521666049957275,4.284999847412109,3.874000072479248
2026-03-16,4994.0,80.26300048828125,2089.5,5.790500164031982,93.5,6699.3798828125,46946.41015625,99.70999908447266,1.1435105800628662,4.21999979019165,3.802999973297119
2026-03-17,5001.0,79.52999877929688,2131.800048828125,5.726500034332275,96.20999908447266,6716.08984375,46993.26171875,99.58000183105469,1.1499539613723755,4.202000141143799,3.7860000133514404
2026-03-18,4889.89990234375,77.23799896240234,2052.0,5.553999900817871,96.31999969482422,6624.7001953125,46225.1484375,100.08999633789062,1.153948187828064,4.258999824523926,3.861999988555908
2026-03-19,4600.7001953125,70.9020004272461,1939.199951171875,5.433000087738037,96.13999938964844,6606.490234375,46021.4296875,99.2300033569336,1.1464471817016602,4.281000137329102,3.9189999103546143
2026-03-20,4570.39990234375,69.36000061035156,1970.5999755859375,5.34250020980835,98.31999969482422,6506.47998046875,45577.46875,99.6500015258789,1.157755732536316,4.390999794006348,4.01200008392334
2026-03-23,4404.10009765625,69.04900360107422,1860.300048828125,5.439499855041504,88.12999725341797,6581.0,46208.46875,98.94999694824219,1.1560158729553223,4.334000110626221,3.950000047683716
2026-03-24,4399.2998046875,69.27400207519531,1892.0,5.422500133514404,92.3499984741211,6556.3701171875,46124.05859375,99.43000030517578,1.1607122421264648,4.392000198364258,4.03000020980835
2026-03-25,4549.7998046875,72.36100006103516,1925.199951171875,5.5289998054504395,90.31999969482422,6591.89990234375,46429.48828125,99.5999984741211,1.16146719455719,4.328000068664551,3.9700000286102295
2026-03-26,4375.5,67.6709976196289,1838.300048828125,5.446499824523926,94.4800033569336,6477.16015625,45960.109375,99.9000015258789,1.1561496257781982,4.415999889373779,4.09499979019165
2026-03-27,4492.0,69.54499816894531,1870.5999755859375,5.4670000076293945,99.63999938964844,6368.85009765625,45166.640625,100.1500015258789,1.1535090208053589,4.440000057220459,4.070000171661377
2026-03-30,4526.0,70.3239974975586,1885.5999755859375,5.47599983215332,102.87999725341797,6343.72021484375,45216.140625,100.51000213623047,1.149200677871704,4.3420000076293945,3.9790000915527344
2026-03-31,4647.60009765625,74.69000244140625,1950.0,5.587500095367432,101.37999725341797,6528.52001953125,46341.51171875,99.95999908447266,1.1460003852844238,4.310999870300293,3.944999933242798
2026-04-01,4783.2001953125,75.86699676513672,1969.300048828125,5.624000072479248,100.12000274658203,6575.31982421875,46565.73828125,99.6500015258789,1.1574207544326782,4.318999767303467,3.9549999237060547
2026-04-02,4651.5,72.73500061035156,1963.800048828125,5.563000202178955,111.54000091552734,6582.68994140625,46504.671875,100.02999877929688,1.159057378768921,4.313000202178955,3.947999954223633
2026-04-06,4656.7998046875,72.66100311279297,1958.199951171875,5.583499908447266,112.41000366210938,6611.830078125,46669.87890625,99.9800033569336,1.150999665260315,4.335000038146973,3.9809999465942383
2026-04-07,4657.10009765625,71.82599639892578,1929.0999755859375,5.54449987411499,112.94999694824219,6616.85009765625,46584.4609375,99.63999938964844,1.1541212797164917,4.3429999351501465,3.9760000705718994
2026-04-08,4749.5,75.2239990234375,2050.60009765625,5.759500026702881,94.41000366210938,6782.81005859375,47909.921875,99.12999725341797,1.1686612367630005,4.290999889373779,3.9200000762939453
2026-04-09,4792.2001953125,76.2770004272461,2096.60009765625,5.748000144958496,97.87000274658203,6824.66015625,48185.80078125,98.81999969482422,1.16593599319458,4.293000221252441,3.9149999618530273
2026-04-10,4761.89990234375,76.3239974975586,2049.10009765625,5.870500087738037,96.56999969482422,6816.89013671875,47916.5703125,98.6500015258789,1.1691256761550903,4.316999912261963,3.938999891281128
2026-04-13,4742.39990234375,75.52300262451172,2061.800048828125,5.97599983215332,99.08000183105469,6886.240234375,48218.25,98.37000274658203,1.1675150394439697,4.296999931335449,3.9170000553131104
2026-04-14,4825.0,79.39099884033203,2084.60009765625,6.070499897003174,91.27999877929688,6967.3798828125,48535.98828125,98.12000274658203,1.176885962486267,4.25600004196167,3.871000051498413
2026-04-15,4800.0,79.49099731445312,2112.89990234375,6.072000026702881,91.29000091552734,7022.9501953125,48463.71875,98.05999755859375,1.179940938949585,4.2820000648498535,3.8959999084472656
2026-04-16,4785.39990234375,78.60600280761719,2094.10009765625,6.066500186920166,94.69000244140625,7041.27978515625,48578.71875,98.22000122070312,1.1809163093566895,4.309000015258789,3.9130001068115234
2026-04-17,4857.60009765625,81.73799896240234,2124.5,6.103499889373779,83.8499984741211,7126.06005859375,49447.4296875,98.0999984741211,1.1782727241516113,4.245999813079834,3.8380000591278076
2026-04-20,4806.60009765625,79.95099639892578,2070.699951171875,6.035999774932861,89.61000061035156,7109.14013671875,49442.55859375,98.05000305175781,1.1741223335266113,4.25,3.8499999046325684
2026-04-21,4698.39990234375,76.41100311279297,2024.300048828125,6.001500129699707,92.12999725341797,7064.009765625,49149.37890625,98.41000366210938,1.1784392595291138,4.291999816894531,3.9079999923706055
2026-04-22,4732.5,77.89299774169922,2072.60009765625,6.119999885559082,92.95999908447266,7137.89990234375,49490.03125,98.58999633789062,1.174425721168518,4.294000148773193,3.9149999618530273
2026-04-23,4705.10009765625,75.46499633789062,2022.5999755859375,6.075500011444092,95.8499984741211,7108.39990234375,49310.3203125,98.80000305175781,1.1706037521362305,4.322999954223633,3.9519999027252197
2026-04-24,4722.2998046875,76.38300323486328,2015.0,6.023499965667725,94.4000015258789,7165.080078125,49230.7109375,98.51000213623047,1.16838800907135,4.309999942779541,3.9200000762939453
2026-04-27,4675.39990234375,75.00299835205078,1981.0999755859375,6.01800012588501,96.37000274658203,7173.91015625,49167.7890625,98.4800033569336,1.1706448793411255,4.335999965667725,3.947000026702881
2026-04-28,4591.5,73.20500183105469,1942.300048828125,5.9145002365112305,99.93000030517578,7138.7998046875,49141.9296875,98.62000274658203,1.1723467111587524,4.354000091552734,3.9830000400543213
2026-04-29,4545.2001953125,71.56900024414062,1885.300048828125,5.878499984741211,106.87999725341797,7135.9501953125,48861.80859375,98.91999816894531,1.171783447265625,4.418000221252441,4.065000057220459
2026-04-30,4614.7001953125,73.53399658203125,1979.0,5.926000118255615,105.06999969482422,7209.009765625,49652.140625,98.08000183105469,1.168470025062561,4.389999866485596,4.0229997634887695
2026-05-01,4629.89990234375,75.95099639892578,1996.5999755859375,5.932000160217285,101.94000244140625,7230.1201171875,49499.26953125,98.20999908447266,1.172910451889038,4.377999782562256,4.020999908447266
2026-05-04,4519.5,73.0719985961914,1946.9000244140625,5.795000076293945,106.41999816894531,7200.75,48941.8984375,98.47000122070312,1.1726628541946411,4.446000099182129,4.0929999351501465
2026-05-05,4555.7998046875,73.10800170898438,1960.699951171875,5.942999839782715,102.2699966430664,7259.22021484375,49298.25,98.4800033569336,1.1691941022872925,4.415999889373779,4.072000026702881
2026-05-06,4681.89990234375,76.81099700927734,2048.699951171875,6.136499881744385,95.08000183105469,7365.1201171875,49910.58984375,98.0199966430664,1.1715774536132812,4.355999946594238,4.001999855041504
2026-05-07,4699.7998046875,79.70099639892578,2048.10009765625,6.127500057220459,94.80999755859375,7337.10986328125,49596.96875,98.25,1.1747430562973022,4.392000198364258,4.044000148773193
2026-05-08,4720.39990234375,80.3949966430664,2047.199951171875,6.249000072479248,95.41999816894531,7398.93017578125,49609.16015625,97.83999633789062,1.1731581687927246,4.363999843597412,4.013000011444092
2026-05-11,4718.7001953125,85.48500061035156,2115.5,6.41349983215332,98.06999969482422,7412.83984375,49704.46875,97.94000244140625,1.176885962486267,4.409999847412109,4.067999839782715
2026-05-12,4677.60009765625,85.12999725341797,2110.0,6.485000133514404,102.18000030517578,7400.9599609375,49760.55859375,98.29000091552734,1.177994966506958,4.4629998207092285,4.124000072479248
2026-05-13,4697.7001953125,88.88800048828125,2187.10009765625,6.635499954223633,101.0199966430664,7444.25,49693.19921875,98.4800033569336,1.1735436916351318,4.480999946594238,4.130000114440918
2026-05-14,4678.10009765625,84.91200256347656,2083.5,6.567500114440918,101.16999816894531,7501.240234375,50063.4609375,98.87999725341797,1.1716049909591675,4.460999965667725,4.120999813079834
2026-05-15,4555.7998046875,77.16100311279297,1981.300048828125,6.251500129699707,105.41999816894531,7408.5,49526.171875,99.2699966430664,1.166208028793335,4.59499979019165,4.257999897003174
2026-05-18,4552.5,77.072998046875,1968.0999755859375,6.271999835968018,108.66000366210938,7403.0498046875,49686.12109375,98.97000122070312,1.161440134048462,4.623000144958496,4.28000020980835
2026-05-19,4506.2998046875,74.8280029296875,1933.800048828125,6.164999961853027,107.7699966430664,7353.60986328125,49363.87890625,99.30000305175781,1.1655147075653076,4.666999816894531,4.329999923706055
2026-05-20,4531.2998046875,75.85099792480469,1949.800048828125,6.290500164031982,98.26000213623047,7432.97021484375,50009.3515625,99.11000061035156,1.1607122421264648,4.572000026702881,4.224999904632568
2026-05-21,4539.7998046875,76.41400146484375,1955.0999755859375,6.256999969482422,96.3499984741211,7445.72021484375,50285.66015625,99.19000244140625,1.1625338792800903,4.585999965667725,4.256999969482422
2026-05-22,4521.0,75.89299774169922,1931.5999755859375,6.3420000076293945,96.5999984741211,7473.47021484375,50579.69921875,99.31999969482422,1.1621150970458984,4.558000087738037,4.25600004196167
2026-05-26,4500.39990234375,76.30500030517578,1942.199951171875,6.361000061035156,93.88999938964844,7519.1201171875,50461.6796875,99.16999816894531,1.1637378931045532,4.493000030517578,4.183000087738037
2026-05-27,4447.5,74.5989990234375,1918.699951171875,6.304999828338623,88.68000030517578,7520.35986328125,50644.28125,99.20999908447266,1.1636837720870972,4.480999946594238,4.177000045776367
2026-05-28,4499.2998046875,75.6449966430664,1921.5999755859375,6.395999908447266,88.9000015258789,7563.6298828125,50668.96875,99.0199966430664,1.1617909669876099,4.454999923706055,4.159999847412109
